date,family,daily_icc,ew_icc,n_firms,method,source_file
2026-04-14,dow30,0.07400235839201003,0.07625301820113438,30,ICC calculation,data/202604/icc_live_dow30_2026_0414.csv
2026-04-15,dow30,0.07337433539554318,0.07624744146387943,30,ICC calculation,data/202604/icc_live_dow30_2026_0415.csv
2026-04-16,dow30,0.07363831672062235,0.07590298150346524,30,ICC calculation,data/202604/icc_live_dow30_2026_0416.csv
2026-04-17,dow30,0.07299462082701691,0.07485511355283102,30,ICC calculation,data/202604/icc_live_dow30_2026_0417.csv
2026-04-21,dow30,0.07337000776277712,0.07528864169545059,30,ICC calculation,data/202604/icc_live_dow30_2026_0421.csv
2026-04-22,dow30,0.07268131517096263,0.07513376784817981,30,ICC calculation,data/202604/icc_live_dow30_2026_0422.csv
2026-04-23,dow30,0.07331066141433833,0.0754843755890484,30,ICC calculation,data/202604/icc_live_dow30_2026_0423.csv
2026-04-24,dow30,0.07188450190499082,0.07237014997312752,30,ICC calculation,data/202604/icc_live_dow30_2026_0424.csv
2026-04-27,dow30,0.07282355831285116,0.07529856629368231,30,ICC calculation,data/202604/icc_live_dow30_2026_0427.csv
2026-04-29,dow30,0.07286453068517833,0.07555058399131229,30,ICC calculation,data/202604/icc_live_dow30_2026_0429.csv
2026-04-30,dow30,0.07318674459598214,0.07517630120637836,30,ICC calculation,data/202604/icc_live_dow30_2026_0430.csv
2026-05-01,dow30,0.07102559829552374,0.07492778624065588,30,ICC calculation,data/202605/icc_live_dow30_2026_0501.csv
2026-05-04,dow30,0.07141413267661186,0.07533352802427712,30,ICC calculation,data/202605/icc_live_dow30_2026_0504.csv
2026-05-05,dow30,0.07192836051638336,0.07550716777824618,30,ICC calculation,data/202605/icc_live_dow30_2026_0505.csv
2026-05-06,dow30,0.07135608759220838,0.07498007112704629,30,ICC calculation,data/202605/icc_live_dow30_2026_0506.csv
2026-05-07,dow30,0.07135194968127186,0.07498347427916166,30,ICC calculation,data/202605/icc_live_dow30_2026_0507.csv
2026-05-08,dow30,0.07108068727884313,0.07506694146680702,30,ICC calculation,data/202605/icc_live_dow30_2026_0508.csv
2026-05-11,dow30,0.07078234436596317,0.07398269729275558,30,ICC calculation,data/202605/icc_live_dow30_2026_0511.csv
2026-05-12,dow30,0.07067491442692467,0.07378872394352351,30,ICC calculation,data/202605/icc_live_dow30_2026_0512.csv
2026-05-13,dow30,0.07055975792286948,0.07389814305615221,30,ICC calculation,data/202605/icc_live_dow30_2026_0513.csv
2026-05-14,dow30,0.07055975792286948,0.07389814305615221,30,ICC calculation,data/202605/icc_live_dow30_2026_0514.csv
2026-05-15,dow30,0.07072702990199066,0.07381012106918362,30,ICC calculation,data/202605/icc_live_dow30_2026_0515.csv
2026-05-18,dow30,0.07073860299122095,0.07335321396337932,30,ICC calculation,data/202605/icc_live_dow30_2026_0518.csv
2026-05-19,dow30,0.07176670854596137,0.07361505106190037,30,ICC calculation,data/202605/icc_live_dow30_2026_0519.csv
2026-05-20,dow30,0.07159833607237849,0.07326690491864345,30,ICC calculation,data/202605/icc_live_dow30_2026_0520.csv
2026-05-21,dow30,0.0718084329190427,0.07285502335961451,30,ICC calculation,data/202605/icc_live_dow30_2026_0521.csv
2026-05-22,dow30,0.07173979826332191,0.07245178024243432,30,ICC calculation,data/202605/icc_live_dow30_2026_0522.csv
2026-05-25,dow30,0.07379937569991522,0.07282005155856656,30,ICC calculation,data/202605/icc_live_dow30_2026_0525.csv
2026-05-26,dow30,0.07405277399539598,0.0731320272167608,30,ICC calculation,data/202605/icc_live_dow30_2026_0526.csv
2026-05-27,dow30,0.07471030357490885,0.07314792603301476,30,ICC calculation,data/202605/icc_live_dow30_2026_0527.csv
2026-05-28,dow30,0.07339562410655137,0.07014286025524621,30,ICC calculation,data/202605/icc_live_dow30_2026_0528.csv
2026-05-29,dow30,0.07409843593102079,0.07272696309510447,30,ICC calculation,data/202605/icc_live_dow30_2026_0529.csv
2026-06-01,dow30,0.0742300643498994,0.07281986767179874,30,ICC calculation,data/202606/icc_live_dow30_2026_0601.csv
2026-06-02,dow30,0.07429145187893164,0.07286970794113444,30,ICC calculation,data/202606/icc_live_dow30_2026_0602.csv
2026-06-03,dow30,0.07511000407550011,0.07350295230984445,30,ICC calculation,data/202606/icc_live_dow30_2026_0603.csv
2026-06-04,dow30,0.07454852845547696,0.07290955478920359,30,ICC calculation,data/202606/icc_live_dow30_2026_0604.csv
2026-06-05,dow30,0.07538968570268333,0.07320715481285887,30,ICC calculation,data/202606/icc_live_dow30_2026_0605.csv
2026-06-08,dow30,0.07574806415934707,0.07332028143363327,30,ICC calculation,data/202606/icc_live_dow30_2026_0608.csv
2026-06-09,dow30,0.07634285547418243,0.07306675940115268,30,ICC calculation,data/202606/icc_live_dow30_2026_0609.csv
2026-06-10,dow30,0.07684252415017935,0.07358580290873572,30,ICC calculation,data/202606/icc_live_dow30_2026_0610.csv
2026-06-11,dow30,0.0764270373525896,0.07288836432164189,30,ICC calculation,data/202606/icc_live_dow30_2026_0611.csv
2026-06-12,dow30,0.07679122890533889,0.072780110492589,30,ICC calculation,data/202606/icc_live_dow30_2026_0612.csv
2026-06-15,dow30,0.07608511342995637,0.07276119827619866,30,ICC calculation,data/202606/icc_live_dow30_2026_0615.csv
2026-06-16,dow30,0.07599186923815891,0.07262885017260683,30,ICC calculation,data/202606/icc_live_dow30_2026_0616.csv
2026-06-17,dow30,0.07511609408979539,0.07155040624029703,30,ICC calculation,data/202606/icc_live_dow30_2026_0617.csv
2026-06-18,dow30,0.07443427802624893,0.07069099020302853,30,ICC calculation,data/202606/icc_live_dow30_2026_0618.csv
2026-06-19,dow30,0.07487767210926337,0.07157822820418945,30,ICC calculation,data/202606/icc_live_dow30_2026_0619.csv
2026-06-22,dow30,0.07714678167925915,0.07349739459637851,30,ICC calculation,data/202606/icc_live_dow30_2026_0622.csv
2026-06-23,dow30,0.07709927050383887,0.07311547892411129,30,ICC calculation,data/202606/icc_live_dow30_2026_0623.csv
2026-06-24,dow30,0.07726106846994925,0.07305378856225052,30,ICC calculation,data/202606/icc_live_dow30_2026_0624.csv
2026-06-25,dow30,0.07881632747045632,0.07351832443929437,30,ICC calculation,data/202606/icc_live_dow30_2026_0625.csv
2026-06-26,dow30,0.07798929385357192,0.07305264481061652,30,ICC calculation,data/202606/icc_live_dow30_2026_0626.csv
2026-06-29,dow30,0.07101157464227609,0.07158125206954005,30,ICC calculation,data/202606/icc_live_dow30_2026_0629.csv
2026-06-30,dow30,0.07080010914344624,0.0736551409251228,30,ICC calculation,data/202606/icc_live_dow30_2026_0630.csv
2026-07-01,dow30,0.07034041489302206,0.0718663537646995,30,ICC calculation,data/202607/icc_live_dow30_2026_0701.csv
2026-07-02,dow30,0.0695966777185832,0.07098789264654853,30,ICC calculation,data/202607/icc_live_dow30_2026_0702.csv
2026-07-03,dow30,0.06967878787401105,0.07222307006879047,30,ICC calculation,data/202607/icc_live_dow30_2026_0703.csv
2026-07-06,dow30,0.06944809549505081,0.07250894352978127,30,ICC calculation,data/202607/icc_live_dow30_2026_0706.csv
2026-07-07,dow30,0.06942254156738231,0.07236454390178532,30,ICC calculation,data/202607/icc_live_dow30_2026_0707.csv
2026-07-08,dow30,0.06967978878193352,0.07303927975232849,30,ICC calculation,data/202607/icc_live_dow30_2026_0708.csv
2026-07-09,dow30,0.06958519553594912,0.07303389963686552,30,ICC calculation,data/202607/icc_live_dow30_2026_0709.csv
2026-07-10,dow30,0.06951283688779557,0.0726927437179061,30,ICC calculation,data/202607/icc_live_dow30_2026_0710.csv
2026-07-13,dow30,0.069528711940939,0.07268257114969459,30,ICC calculation,data/202607/icc_live_dow30_2026_0713.csv
2026-07-14,dow30,0.06960784926461536,0.07188324801541607,30,ICC calculation,data/202607/icc_live_dow30_2026_0714.csv
2026-07-15,dow30,0.0687324778335135,0.0717840976905403,30,ICC calculation,data/202607/icc_live_dow30_2026_0715.csv
2026-07-16,dow30,0.06788077872138246,0.06796094302723235,30,ICC calculation,data/202607/icc_live_dow30_2026_0716.csv
2026-07-17,dow30,0.07029060983911936,0.07567183892626962,29,ICC calculation,data/202607/icc_live_dow30_2026_0717.csv
2026-07-20,dow30,0.06939415030701139,0.07125279170197235,30,ICC calculation,data/202607/icc_live_dow30_2026_0720.csv
2026-07-21,dow30,0.069503189687388,0.07100684453618981,30,ICC calculation,data/202607/icc_live_dow30_2026_0721.csv
2026-07-22,dow30,0.07003300661526755,0.07134956321357362,30,ICC calculation,data/202607/icc_live_dow30_2026_0722.csv
2026-07-23,dow30,0.07149059533173173,0.07234426022991394,29,ICC calculation,data/202607/icc_live_dow30_2026_0723.csv
2026-07-24,dow30,0.07141894077598791,0.07165573162632054,30,ICC calculation,data/202607/icc_live_dow30_2026_0724.csv
2026-07-27,dow30,0.0711063877396971,0.0713063737363193,30,ICC calculation,data/202607/icc_live_dow30_2026_0727.csv
2026-07-28,dow30,0.07081636783496391,0.07021637709903243,30,ICC calculation,data/202607/icc_live_dow30_2026_0728.csv
2026-07-29,dow30,0.07215841555445619,0.06747290919791533,20,ICC calculation,data/202607/icc_live_dow30_2026_0729.csv
2026-07-30,dow30,0.07146527131040355,0.06703077727574476,21,ICC calculation,data/202607/icc_live_dow30_2026_0730.csv
2026-07-31,dow30,0.07059328636161694,0.06661713878119963,21,ICC calculation,data/202607/icc_live_dow30_2026_0731.csv
2026-08-03,dow30,0.06696927572477523,0.06517833686620904,21,ICC calculation,data/202608/icc_live_dow30_2026_0803.csv
2026-08-04,dow30,0.06691347491818904,0.06499908884697209,22,ICC calculation,data/202608/icc_live_dow30_2026_0804.csv
2026-08-05,dow30,0.06827205891763193,0.06918148187248375,30,ICC calculation,data/202608/icc_live_dow30_2026_0805.csv
2026-08-06,dow30,0.06728542329806719,0.0648786598656595,23,ICC calculation,data/202608/icc_live_dow30_2026_0806.csv
2026-08-07,dow30,0.06829389908034773,0.06928155118279407,30,ICC calculation,data/202608/icc_live_dow30_2026_0807.csv
2026-08-10,dow30,0.06821415170255567,0.06923402215598708,30,ICC calculation,data/202608/icc_live_dow30_2026_0810.csv
2026-08-11,dow30,0.06888473007055092,0.0694291191511455,28,ICC calculation,data/202608/icc_live_dow30_2026_0811.csv
2026-08-12,dow30,0.06906358063584629,0.06928460171351232,28,ICC calculation,data/202608/icc_live_dow30_2026_0812.csv
2026-08-13,dow30,0.06895201252957747,0.06923311595350441,28,ICC calculation,data/202608/icc_live_dow30_2026_0813.csv
2026-08-14,dow30,0.06903507055715191,0.06929098414388533,28,ICC calculation,data/202608/icc_live_dow30_2026_0814.csv
2026-04-14,ndx100,0.07600557629991651,0.081230567084743,100,ICC calculation,data/202604/icc_live_ndx100_2026_0414.csv
2026-04-15,ndx100,0.07507322132040703,0.08064160150332489,100,ICC calculation,data/202604/icc_live_ndx100_2026_0415.csv
2026-04-16,ndx100,0.07520109474516204,0.08008074147779737,100,ICC calculation,data/202604/icc_live_ndx100_2026_0416.csv
2026-04-17,ndx100,0.07476002455646256,0.07965667788154965,100,ICC calculation,data/202604/icc_live_ndx100_2026_0417.csv
2026-04-21,ndx100,0.07603566198996725,0.08101268834078308,100,ICC calculation,data/202604/icc_live_ndx100_2026_0421.csv
2026-04-22,ndx100,0.07597688302576275,0.08059042486747915,100,ICC calculation,data/202604/icc_live_ndx100_2026_0422.csv
2026-04-23,ndx100,0.07548196973585825,0.07986175601602287,100,ICC calculation,data/202604/icc_live_ndx100_2026_0423.csv
2026-04-24,ndx100,0.07396021446694687,0.07853010503529166,100,ICC calculation,data/202604/icc_live_ndx100_2026_0424.csv
2026-04-27,ndx100,0.07452917176299559,0.0797445477847998,100,ICC calculation,data/202604/icc_live_ndx100_2026_0427.csv
2026-04-29,ndx100,0.07468771663725926,0.08026831693865677,100,ICC calculation,data/202604/icc_live_ndx100_2026_0429.csv
2026-04-30,ndx100,0.07385379242986867,0.07976784833090254,100,ICC calculation,data/202604/icc_live_ndx100_2026_0430.csv
2026-05-01,ndx100,0.068952893166113,0.07899436955259168,100,ICC calculation,data/202605/icc_live_ndx100_2026_0501.csv
2026-05-04,ndx100,0.0687316520741226,0.07922000295583322,100,ICC calculation,data/202605/icc_live_ndx100_2026_0504.csv
2026-05-05,ndx100,0.0685498834431513,0.07879970930631094,100,ICC calculation,data/202605/icc_live_ndx100_2026_0505.csv
2026-05-06,ndx100,0.06790966487410534,0.07910055762812337,100,ICC calculation,data/202605/icc_live_ndx100_2026_0506.csv
2026-05-07,ndx100,0.06797279444022736,0.0778876248756208,100,ICC calculation,data/202605/icc_live_ndx100_2026_0507.csv
2026-05-08,ndx100,0.06767824336496658,0.07727683420514589,100,ICC calculation,data/202605/icc_live_ndx100_2026_0508.csv
2026-05-11,ndx100,0.06819572903240223,0.07785304462515989,101,ICC calculation,data/202605/icc_live_ndx100_2026_0511.csv
2026-05-12,ndx100,0.06834361069990201,0.07824670097338716,101,ICC calculation,data/202605/icc_live_ndx100_2026_0512.csv
2026-05-13,ndx100,0.0677093064568029,0.07847310116498823,101,ICC calculation,data/202605/icc_live_ndx100_2026_0513.csv
2026-05-14,ndx100,0.06770711618485853,0.07846727466718416,101,ICC calculation,data/202605/icc_live_ndx100_2026_0514.csv
2026-05-15,ndx100,0.06821640686660632,0.07886626895525682,101,ICC calculation,data/202605/icc_live_ndx100_2026_0515.csv
2026-05-18,ndx100,0.0681714739866577,0.07871332806712392,101,ICC calculation,data/202605/icc_live_ndx100_2026_0518.csv
2026-05-19,ndx100,0.06917784440622256,0.07891789020596973,101,ICC calculation,data/202605/icc_live_ndx100_2026_0519.csv
2026-05-20,ndx100,0.06887212416083076,0.07818357083808992,101,ICC calculation,data/202605/icc_live_ndx100_2026_0520.csv
2026-05-21,ndx100,0.06917854407181383,0.07799625354062288,101,ICC calculation,data/202605/icc_live_ndx100_2026_0521.csv
2026-05-22,ndx100,0.06907665627935523,0.07774751785772276,101,ICC calculation,data/202605/icc_live_ndx100_2026_0522.csv
2026-05-25,ndx100,0.07037089539892769,0.0784181512539667,101,ICC calculation,data/202605/icc_live_ndx100_2026_0525.csv
2026-05-26,ndx100,0.070353132876439,0.07790567843909468,101,ICC calculation,data/202605/icc_live_ndx100_2026_0526.csv
2026-05-27,ndx100,0.07074927775222885,0.07832590284494229,101,ICC calculation,data/202605/icc_live_ndx100_2026_0527.csv
2026-05-28,ndx100,0.06970285221863601,0.07693395180309541,101,ICC calculation,data/202605/icc_live_ndx100_2026_0528.csv
2026-05-29,ndx100,0.07072287588167606,0.07818975126549146,100,ICC calculation,data/202605/icc_live_ndx100_2026_0529.csv
2026-06-01,ndx100,0.07145927770625152,0.07818938894472201,100,ICC calculation,data/202606/icc_live_ndx100_2026_0601.csv
2026-06-02,ndx100,0.07194914796874174,0.07821241074519311,100,ICC calculation,data/202606/icc_live_ndx100_2026_0602.csv
2026-06-03,ndx100,0.07224613938125461,0.07819227458126851,100,ICC calculation,data/202606/icc_live_ndx100_2026_0603.csv
2026-06-04,ndx100,0.07160955363552968,0.07821570261072515,100,ICC calculation,data/202606/icc_live_ndx100_2026_0604.csv
2026-06-05,ndx100,0.0726509107446637,0.07975642393749025,100,ICC calculation,data/202606/icc_live_ndx100_2026_0605.csv
2026-06-08,ndx100,0.07315814638329729,0.07940779246336696,100,ICC calculation,data/202606/icc_live_ndx100_2026_0608.csv
2026-06-09,ndx100,0.07368908148767475,0.07947868201571187,100,ICC calculation,data/202606/icc_live_ndx100_2026_0609.csv
2026-06-10,ndx100,0.07441561817736674,0.08025378874403839,100,ICC calculation,data/202606/icc_live_ndx100_2026_0610.csv
2026-06-11,ndx100,0.07392694690602206,0.07920265089961197,100,ICC calculation,data/202606/icc_live_ndx100_2026_0611.csv
2026-06-12,ndx100,0.07393244671553852,0.07883794543229902,100,ICC calculation,data/202606/icc_live_ndx100_2026_0612.csv
2026-06-15,ndx100,0.07303135593119872,0.07790196994612336,100,ICC calculation,data/202606/icc_live_ndx100_2026_0615.csv
2026-06-16,ndx100,0.07315738060415687,0.07852851228814704,100,ICC calculation,data/202606/icc_live_ndx100_2026_0616.csv
2026-06-17,ndx100,0.07324176194150214,0.07787300935578952,100,ICC calculation,data/202606/icc_live_ndx100_2026_0617.csv
2026-06-18,ndx100,0.07265864388848182,0.07742429540179888,100,ICC calculation,data/202606/icc_live_ndx100_2026_0618.csv
2026-06-19,ndx100,0.07276425959360626,0.07751397619054286,100,ICC calculation,data/202606/icc_live_ndx100_2026_0619.csv
2026-06-22,ndx100,0.07449831309755732,0.07855882899087793,101,ICC calculation,data/202606/icc_live_ndx100_2026_0622.csv
2026-06-23,ndx100,0.07529903906059922,0.07970259389954776,101,ICC calculation,data/202606/icc_live_ndx100_2026_0623.csv
2026-06-24,ndx100,0.07556056949326764,0.07964879947909145,101,ICC calculation,data/202606/icc_live_ndx100_2026_0624.csv
2026-06-25,ndx100,0.07701779231089056,0.07970567411476984,101,ICC calculation,data/202606/icc_live_ndx100_2026_0625.csv
2026-06-26,ndx100,0.07686437952656701,0.07972397411378844,101,ICC calculation,data/202606/icc_live_ndx100_2026_0626.csv
2026-06-29,ndx100,0.07559185070173328,0.07795239910625118,99,ICC calculation,data/202606/icc_live_ndx100_2026_0629.csv
2026-06-30,ndx100,0.07495491869948923,0.07773457187223295,99,ICC calculation,data/202606/icc_live_ndx100_2026_0630.csv
2026-07-01,ndx100,0.07463653919289771,0.07734591211171134,99,ICC calculation,data/202607/icc_live_ndx100_2026_0701.csv
2026-07-02,ndx100,0.07473105365119274,0.07762300218520668,99,ICC calculation,data/202607/icc_live_ndx100_2026_0702.csv
2026-07-03,ndx100,0.07473615968369361,0.07766611134314763,99,ICC calculation,data/202607/icc_live_ndx100_2026_0703.csv
2026-07-06,ndx100,0.07407491222052251,0.07737633464279332,99,ICC calculation,data/202607/icc_live_ndx100_2026_0706.csv
2026-07-07,ndx100,0.07442468427231255,0.07780258364160936,99,ICC calculation,data/202607/icc_live_ndx100_2026_0707.csv
2026-07-08,ndx100,0.07186301969825427,0.0764709677587032,102,ICC calculation,data/202607/icc_live_ndx100_2026_0708.csv
2026-04-14,rut1000,0.0766836717263129,0.08718959089546562,981,ICC calculation,data/202604/icc_live_rut1000_2026_0414.csv
2026-04-15,rut1000,0.07614768984726404,0.08697026212512006,979,ICC calculation,data/202604/icc_live_rut1000_2026_0415.csv
2026-04-16,rut1000,0.07601832096846213,0.08665821027202925,978,ICC calculation,data/202604/icc_live_rut1000_2026_0416.csv
2026-04-17,rut1000,0.07560625053442091,0.08580194740172441,978,ICC calculation,data/202604/icc_live_rut1000_2026_0417.csv
2026-04-21,rut1000,0.07629566207745499,0.08610373258173878,970,ICC calculation,data/202604/icc_live_rut1000_2026_0421.csv
2026-04-22,rut1000,0.07626488135303995,0.08624646968746719,970,ICC calculation,data/202604/icc_live_rut1000_2026_0422.csv
2026-04-23,rut1000,0.07575023127006587,0.0864935366740471,977,ICC calculation,data/202604/icc_live_rut1000_2026_0423.csv
2026-04-24,rut1000,0.07411665645158644,0.08450777523037745,976,ICC calculation,data/202604/icc_live_rut1000_2026_0424.csv
2026-04-27,rut1000,0.07526368867464282,0.08608426854715051,972,ICC calculation,data/202604/icc_live_rut1000_2026_0427.csv
2026-04-29,rut1000,0.07548471582414837,0.08655719130798811,972,ICC calculation,data/202604/icc_live_rut1000_2026_0429.csv
2026-04-30,rut1000,0.07466449233534303,0.0863305047031965,972,ICC calculation,data/202604/icc_live_rut1000_2026_0430.csv
2026-05-01,rut1000,0.07211096172478551,0.08647275333581446,972,ICC calculation,data/202605/icc_live_rut1000_2026_0501.csv
2026-05-04,rut1000,0.07209422315122041,0.0871309752857928,972,ICC calculation,data/202605/icc_live_rut1000_2026_0504.csv
2026-05-05,rut1000,0.08152279187921062,0.08684144641572149,974,ICC calculation,data/202605/icc_live_rut1000_2026_0505.csv
2026-05-06,rut1000,0.07128325354608857,0.08611564645619595,975,ICC calculation,data/202605/icc_live_rut1000_2026_0506.csv
2026-05-07,rut1000,0.07156631824875469,0.08675320370948877,975,ICC calculation,data/202605/icc_live_rut1000_2026_0507.csv
2026-05-08,rut1000,0.07149518941718676,0.08681040921128627,976,ICC calculation,data/202605/icc_live_rut1000_2026_0508.csv
2026-05-11,rut1000,0.07162592631714032,0.08752546829534036,974,ICC calculation,data/202605/icc_live_rut1000_2026_0511.csv
2026-05-12,rut1000,0.07172963318879272,0.08780269592098183,973,ICC calculation,data/202605/icc_live_rut1000_2026_0512.csv
2026-05-13,rut1000,0.0713542202547166,0.08828955931628486,973,ICC calculation,data/202605/icc_live_rut1000_2026_0513.csv
2026-05-14,rut1000,0.07136279353685225,0.088428188211108,976,ICC calculation,data/202605/icc_live_rut1000_2026_0514.csv
2026-05-15,rut1000,0.07177580503548199,0.08872793829590214,975,ICC calculation,data/202605/icc_live_rut1000_2026_0515.csv
2026-05-18,rut1000,0.07163722032507301,0.08838253604015416,974,ICC calculation,data/202605/icc_live_rut1000_2026_0518.csv
2026-05-19,rut1000,0.07227872662516413,0.08892524464228652,974,ICC calculation,data/202605/icc_live_rut1000_2026_0519.csv
2026-05-20,rut1000,0.07210005878219074,0.08822915169306844,974,ICC calculation,data/202605/icc_live_rut1000_2026_0520.csv
2026-05-21,rut1000,0.07215963320575029,0.08797720228148122,974,ICC calculation,data/202605/icc_live_rut1000_2026_0521.csv
2026-05-22,rut1000,0.07212692610280189,0.08781362620953066,974,ICC calculation,data/202605/icc_live_rut1000_2026_0522.csv
2026-05-25,rut1000,0.07270851943431862,0.08766209778298727,975,ICC calculation,data/202605/icc_live_rut1000_2026_0525.csv
2026-05-26,rut1000,0.07267633054608788,0.0874410342607136,975,ICC calculation,data/202605/icc_live_rut1000_2026_0526.csv
2026-05-27,rut1000,0.07296276727884757,0.08726673000513432,975,ICC calculation,data/202605/icc_live_rut1000_2026_0527.csv
2026-05-28,rut1000,0.07132527519759375,0.0848321861589904,975,ICC calculation,data/202605/icc_live_rut1000_2026_0528.csv
2026-05-29,rut1000,0.07293929980611809,0.08716116729476342,970,ICC calculation,data/202605/icc_live_rut1000_2026_0529.csv
2026-06-01,rut1000,0.0732830418821837,0.08711068314013258,974,ICC calculation,data/202606/icc_live_rut1000_2026_0601.csv
2026-06-02,rut1000,0.07345132113924666,0.08712734018109472,974,ICC calculation,data/202606/icc_live_rut1000_2026_0602.csv
2026-06-03,rut1000,0.07383544102840665,0.08780117060560996,975,ICC calculation,data/202606/icc_live_rut1000_2026_0603.csv
2026-06-04,rut1000,0.07317782619275774,0.08720515091502942,975,ICC calculation,data/202606/icc_live_rut1000_2026_0604.csv
2026-06-05,rut1000,0.0735351715073866,0.08773872613195131,975,ICC calculation,data/202606/icc_live_rut1000_2026_0605.csv
2026-06-08,rut1000,0.07467472234084561,0.08811149098224916,975,ICC calculation,data/202606/icc_live_rut1000_2026_0608.csv
2026-06-09,rut1000,0.07437778192913282,0.08740111003671042,975,ICC calculation,data/202606/icc_live_rut1000_2026_0609.csv
2026-06-10,rut1000,0.07542455052543853,0.08826791626716311,975,ICC calculation,data/202606/icc_live_rut1000_2026_0610.csv
2026-06-11,rut1000,0.07449238138509699,0.08739795236450762,975,ICC calculation,data/202606/icc_live_rut1000_2026_0611.csv
2026-06-12,rut1000,0.07478394817277105,0.08674223451708148,975,ICC calculation,data/202606/icc_live_rut1000_2026_0612.csv
2026-06-15,rut1000,0.07433817688631758,0.08683325024068507,975,ICC calculation,data/202606/icc_live_rut1000_2026_0615.csv
2026-06-16,rut1000,0.07432090679099868,0.0869571606103558,976,ICC calculation,data/202606/icc_live_rut1000_2026_0616.csv
2026-06-17,rut1000,0.07366266975019313,0.08588645660782562,975,ICC calculation,data/202606/icc_live_rut1000_2026_0617.csv
2026-06-18,rut1000,0.07339396865426338,0.08563958493942524,974,ICC calculation,data/202606/icc_live_rut1000_2026_0618.csv
2026-06-19,rut1000,0.07342717400881005,0.08573438028828714,975,ICC calculation,data/202606/icc_live_rut1000_2026_0619.csv
2026-06-22,rut1000,0.07525502829297427,0.08775969381416836,975,ICC calculation,data/202606/icc_live_rut1000_2026_0622.csv
2026-06-23,rut1000,0.07571533085827462,0.08798392273690002,976,ICC calculation,data/202606/icc_live_rut1000_2026_0623.csv
2026-06-24,rut1000,0.07577136004323096,0.08754200690043293,976,ICC calculation,data/202606/icc_live_rut1000_2026_0624.csv
2026-06-25,rut1000,0.07648429444986996,0.08740459801838661,975,ICC calculation,data/202606/icc_live_rut1000_2026_0625.csv
2026-06-26,rut1000,0.07633041564929673,0.08684537033884429,976,ICC calculation,data/202606/icc_live_rut1000_2026_0626.csv
2026-06-29,rut1000,0.07571010329701082,0.08683584502186115,975,ICC calculation,data/202606/icc_live_rut1000_2026_0629.csv
2026-06-30,rut1000,0.07544389945020491,0.08690743027866402,975,ICC calculation,data/202606/icc_live_rut1000_2026_0630.csv
2026-04-14,sp100,0.07589577103962168,0.08121825127483452,101,ICC calculation,data/202604/icc_live_sp100_2026_0414.csv
2026-04-15,sp100,0.07521095446221929,0.08117452735175708,101,ICC calculation,data/202604/icc_live_sp100_2026_0415.csv
2026-04-16,sp100,0.07499110979862825,0.08037447958664179,101,ICC calculation,data/202604/icc_live_sp100_2026_0416.csv
2026-04-17,sp100,0.07467273139411307,0.07999776305043628,101,ICC calculation,data/202604/icc_live_sp100_2026_0417.csv
2026-04-21,sp100,0.07566068248222785,0.08099991901468276,101,ICC calculation,data/202604/icc_live_sp100_2026_0421.csv
2026-04-22,sp100,0.07563240551538908,0.08098047159854761,101,ICC calculation,data/202604/icc_live_sp100_2026_0422.csv
2026-04-23,sp100,0.07490713668485967,0.08005830673865906,101,ICC calculation,data/202604/icc_live_sp100_2026_0423.csv
2026-04-24,sp100,0.07329377335696094,0.07704357549335274,101,ICC calculation,data/202604/icc_live_sp100_2026_0424.csv
2026-04-27,sp100,0.074193128828195,0.07977130434103502,101,ICC calculation,data/202604/icc_live_sp100_2026_0427.csv
2026-04-29,sp100,0.07425756623767349,0.07996736252216104,101,ICC calculation,data/202604/icc_live_sp100_2026_0429.csv
2026-04-30,sp100,0.07332523276713772,0.07899553017036354,101,ICC calculation,data/202604/icc_live_sp100_2026_0430.csv
2026-05-01,sp100,0.06944452998933984,0.07853017553753475,101,ICC calculation,data/202605/icc_live_sp100_2026_0501.csv
2026-05-04,sp100,0.06922603996690264,0.0788970458360789,101,ICC calculation,data/202605/icc_live_sp100_2026_0504.csv
2026-05-05,sp100,0.06901471392125531,0.07863450000855868,101,ICC calculation,data/202605/icc_live_sp100_2026_0505.csv
2026-05-06,sp100,0.06833625894811292,0.07789411910221153,101,ICC calculation,data/202605/icc_live_sp100_2026_0506.csv
2026-05-07,sp100,0.06871600758538537,0.07895447324073292,101,ICC calculation,data/202605/icc_live_sp100_2026_0507.csv
2026-05-08,sp100,0.06861176303987244,0.07892206939946649,101,ICC calculation,data/202605/icc_live_sp100_2026_0508.csv
2026-05-11,sp100,0.06887377516340193,0.08008305539147643,101,ICC calculation,data/202605/icc_live_sp100_2026_0511.csv
2026-05-12,sp100,0.06890026938202427,0.07995817338999753,101,ICC calculation,data/202605/icc_live_sp100_2026_0512.csv
2026-05-13,sp100,0.068455000417577,0.08020006833230069,101,ICC calculation,data/202605/icc_live_sp100_2026_0513.csv
2026-05-14,sp100,0.06845322649812476,0.08019424183449661,101,ICC calculation,data/202605/icc_live_sp100_2026_0514.csv
2026-05-15,sp100,0.06883902892231299,0.08040590232987221,101,ICC calculation,data/202605/icc_live_sp100_2026_0515.csv
2026-05-18,sp100,0.06876077257720156,0.08010542011618006,101,ICC calculation,data/202605/icc_live_sp100_2026_0518.csv
2026-05-19,sp100,0.06958205467234525,0.08028517074887995,101,ICC calculation,data/202605/icc_live_sp100_2026_0519.csv
2026-05-20,sp100,0.06939288289387148,0.07979659467033356,101,ICC calculation,data/202605/icc_live_sp100_2026_0520.csv
2026-05-21,sp100,0.06956274941686733,0.07966468249629474,101,ICC calculation,data/202605/icc_live_sp100_2026_0521.csv
2026-05-22,sp100,0.06965678106397248,0.08023773147582404,101,ICC calculation,data/202605/icc_live_sp100_2026_0522.csv
2026-05-25,sp100,0.07048683146799767,0.07944131366042684,101,ICC calculation,data/202605/icc_live_sp100_2026_0525.csv
2026-05-26,sp100,0.07058957738777755,0.07936260072204243,101,ICC calculation,data/202605/icc_live_sp100_2026_0526.csv
2026-05-27,sp100,0.07090168852896017,0.07939813275291857,101,ICC calculation,data/202605/icc_live_sp100_2026_0527.csv
2026-05-28,sp100,0.0695056455096656,0.07617359192980272,101,ICC calculation,data/202605/icc_live_sp100_2026_0528.csv
2026-05-29,sp100,0.07097984695772204,0.0789508429492824,101,ICC calculation,data/202605/icc_live_sp100_2026_0529.csv
2026-06-01,sp100,0.07147703837646036,0.07912761434734972,101,ICC calculation,data/202606/icc_live_sp100_2026_0601.csv
2026-06-02,sp100,0.0719444671049817,0.07919427601671779,101,ICC calculation,data/202606/icc_live_sp100_2026_0602.csv
2026-06-03,sp100,0.07231214983664476,0.07965905988487443,101,ICC calculation,data/202606/icc_live_sp100_2026_0603.csv
2026-06-04,sp100,0.0715597937832147,0.07934217091556799,101,ICC calculation,data/202606/icc_live_sp100_2026_0604.csv
2026-06-05,sp100,0.07454047240776115,0.08106833186317476,101,ICC calculation,data/202606/icc_live_sp100_2026_0605.csv
2026-06-08,sp100,0.07269853120006883,0.07989670175822876,101,ICC calculation,data/202606/icc_live_sp100_2026_0608.csv
2026-06-09,sp100,0.07299615875465441,0.07972316979236677,101,ICC calculation,data/202606/icc_live_sp100_2026_0609.csv
2026-06-10,sp100,0.07420537625201461,0.08061326721998857,101,ICC calculation,data/202606/icc_live_sp100_2026_0610.csv
2026-06-11,sp100,0.07395274813064327,0.07986951810910432,101,ICC calculation,data/202606/icc_live_sp100_2026_0611.csv
2026-06-12,sp100,0.07385404402682777,0.0795312294279795,101,ICC calculation,data/202606/icc_live_sp100_2026_0612.csv
2026-06-15,sp100,0.07335186839556226,0.0794109844070398,101,ICC calculation,data/202606/icc_live_sp100_2026_0615.csv
2026-06-16,sp100,0.07321509006717587,0.07943536788817265,101,ICC calculation,data/202606/icc_live_sp100_2026_0616.csv
2026-06-17,sp100,0.07264485238174612,0.07771585878862404,101,ICC calculation,data/202606/icc_live_sp100_2026_0617.csv
2026-06-18,sp100,0.07241271052194104,0.07784069659338629,101,ICC calculation,data/202606/icc_live_sp100_2026_0618.csv
2026-06-19,sp100,0.07245862399535682,0.07778869342312673,101,ICC calculation,data/202606/icc_live_sp100_2026_0619.csv
2026-06-22,sp100,0.07464643582998447,0.08031855271543324,101,ICC calculation,data/202606/icc_live_sp100_2026_0622.csv
2026-06-23,sp100,0.07505764589513735,0.08082480135562291,101,ICC calculation,data/202606/icc_live_sp100_2026_0623.csv
2026-06-24,sp100,0.07523188116417653,0.08085102906345878,101,ICC calculation,data/202606/icc_live_sp100_2026_0624.csv
2026-06-25,sp100,0.07644918533758958,0.08095027557350992,101,ICC calculation,data/202606/icc_live_sp100_2026_0625.csv
2026-06-26,sp100,0.0761401888365035,0.08070862457649439,101,ICC calculation,data/202606/icc_live_sp100_2026_0626.csv
2026-06-29,sp100,0.075377296200098,0.08101988320358042,101,ICC calculation,data/202606/icc_live_sp100_2026_0629.csv
2026-06-30,sp100,0.07507667087264792,0.08150993442905666,101,ICC calculation,data/202606/icc_live_sp100_2026_0630.csv
2026-07-01,sp100,0.0746176703793409,0.0811461376229107,101,ICC calculation,data/202607/icc_live_sp100_2026_0701.csv
2026-07-02,sp100,0.07416309739324975,0.08033744993010106,101,ICC calculation,data/202607/icc_live_sp100_2026_0702.csv
2026-07-03,sp100,0.0743288214705212,0.08088671551928692,101,ICC calculation,data/202607/icc_live_sp100_2026_0703.csv
2026-07-06,sp100,0.07389228670838663,0.08090497072677896,101,ICC calculation,data/202607/icc_live_sp100_2026_0706.csv
2026-07-07,sp100,0.07396260092358067,0.08076343749960484,101,ICC calculation,data/202607/icc_live_sp100_2026_0707.csv
2026-07-08,sp100,0.0745114145020252,0.08147123493972523,101,ICC calculation,data/202607/icc_live_sp100_2026_0708.csv
2026-07-09,sp100,0.07438040732912744,0.08121349676525871,101,ICC calculation,data/202607/icc_live_sp100_2026_0709.csv
2026-07-10,sp100,0.07420586829367133,0.080932439674177,101,ICC calculation,data/202607/icc_live_sp100_2026_0710.csv
2026-07-13,sp100,0.07445380581128574,0.08103039314153562,101,ICC calculation,data/202607/icc_live_sp100_2026_0713.csv
2026-07-14,sp100,0.07465822453030155,0.08129925339408374,101,ICC calculation,data/202607/icc_live_sp100_2026_0714.csv
2026-07-15,sp100,0.07382005746678431,0.08106664260328082,101,ICC calculation,data/202607/icc_live_sp100_2026_0715.csv
2026-07-16,sp100,0.0726797225025459,0.07717317611584718,101,ICC calculation,data/202607/icc_live_sp100_2026_0716.csv
2026-07-17,sp100,0.07180563676446804,0.08324930881954791,85,ICC calculation,data/202607/icc_live_sp100_2026_0717.csv
2026-07-20,sp100,0.07474069937493404,0.08108301667664916,101,ICC calculation,data/202607/icc_live_sp100_2026_0720.csv
2026-07-21,sp100,0.07484129025616103,0.08054383121667727,101,ICC calculation,data/202607/icc_live_sp100_2026_0721.csv
2026-07-22,sp100,0.07541885442244688,0.08079599412675725,101,ICC calculation,data/202607/icc_live_sp100_2026_0722.csv
2026-07-23,sp100,0.0764775943004454,0.08127809351407426,93,ICC calculation,data/202607/icc_live_sp100_2026_0723.csv
2026-07-24,sp100,0.07695411986857453,0.08080886215271446,101,ICC calculation,data/202607/icc_live_sp100_2026_0724.csv
2026-07-27,sp100,0.07666302298753047,0.08041163600156334,101,ICC calculation,data/202607/icc_live_sp100_2026_0727.csv
2026-07-28,sp100,0.07644516590003472,0.07999171292978345,101,ICC calculation,data/202607/icc_live_sp100_2026_0728.csv
2026-07-29,sp100,0.07292003716780945,0.07888948580013808,73,ICC calculation,data/202607/icc_live_sp100_2026_0729.csv
2026-07-30,sp100,0.07254061071127166,0.07841704805937899,76,ICC calculation,data/202607/icc_live_sp100_2026_0730.csv
2026-07-31,sp100,0.07162030570125723,0.07816205832415858,78,ICC calculation,data/202607/icc_live_sp100_2026_0731.csv
2026-08-03,sp100,0.06897111370275737,0.07710774228031068,79,ICC calculation,data/202608/icc_live_sp100_2026_0803.csv
2026-08-04,sp100,0.06885246789045087,0.07617737036409561,84,ICC calculation,data/202608/icc_live_sp100_2026_0804.csv
2026-08-05,sp100,0.07427394541851753,0.07898997667102754,101,ICC calculation,data/202608/icc_live_sp100_2026_0805.csv
2026-08-06,sp100,0.06896423789904689,0.07467729805598118,85,ICC calculation,data/202608/icc_live_sp100_2026_0806.csv
2026-08-07,sp100,0.07376715668664431,0.07748740535729048,101,ICC calculation,data/202608/icc_live_sp100_2026_0807.csv
2026-08-10,sp100,0.07355220693296158,0.07737510379752306,101,ICC calculation,data/202608/icc_live_sp100_2026_0810.csv
2026-08-11,sp100,0.07073221701504663,0.0759735460241845,95,ICC calculation,data/202608/icc_live_sp100_2026_0811.csv
2026-08-12,sp100,0.07081058143715291,0.07540898983836804,96,ICC calculation,data/202608/icc_live_sp100_2026_0812.csv
2026-08-13,sp100,0.07053967467172581,0.07501906227376043,96,ICC calculation,data/202608/icc_live_sp100_2026_0813.csv
2026-08-14,sp100,0.07060601177888998,0.07514731651723175,96,ICC calculation,data/202608/icc_live_sp100_2026_0814.csv
2026-08-17,sp100,0.07450233571055916,0.07732478133862812,101,ICC calculation,data/202608/icc_live_sp100_2026_0817.csv
2026-08-18,sp100,0.07293472855519322,0.07488274327007684,101,ICC calculation,data/202608/icc_live_sp100_2026_0818.csv
2026-08-19,sp100,0.07025494654540666,0.07460680563347481,97,ICC calculation,data/202608/icc_live_sp100_2026_0819.csv
2026-08-20,sp100,0.07155035231379969,0.0758990466038101,97,ICC calculation,data/202608/icc_live_sp100_2026_0820.csv
2026-08-21,sp100,0.07130512915862942,0.07569292040309812,96,ICC calculation,data/202608/icc_live_sp100_2026_0821.csv
2026-08-24,sp100,0.07102371294035884,0.07541351295676162,97,ICC calculation,data/202608/icc_live_sp100_2026_0824.csv
2026-08-25,sp100,0.07102288035552715,0.07541870809624728,97,ICC calculation,data/202608/icc_live_sp100_2026_0825.csv
2026-08-26,sp100,0.0711981959352058,0.07537573739607847,98,ICC calculation,data/202608/icc_live_sp100_2026_0826.csv
2026-08-31,sp100,0.07934548725248261,0.07764504127426557,101,ICC calculation,data/202608/icc_live_sp100_2026_0831.csv
2026-09-01,sp100,0.07953433402184007,0.07803190969846494,101,ICC calculation,data/202609/icc_live_sp100_2026_0901.csv
2026-09-02,sp100,0.07972730844945541,0.07779390590356905,101,ICC calculation,data/202609/icc_live_sp100_2026_0902.csv
2026-09-03,sp100,0.07862931706172047,0.07682435779417048,101,ICC calculation,data/202609/icc_live_sp100_2026_0903.csv
2026-04-14,sp400,0.08386941894567358,0.08957788349898227,396,ICC calculation,data/202604/icc_live_sp400_2026_0414.csv
2026-04-15,sp400,0.08490015516816177,0.09021205151945856,396,ICC calculation,data/202604/icc_live_sp400_2026_0415.csv
2026-04-16,sp400,0.08413663850907217,0.08971162960208759,396,ICC calculation,data/202604/icc_live_sp400_2026_0416.csv
2026-04-17,sp400,0.08325199558475849,0.08857589882403234,396,ICC calculation,data/202604/icc_live_sp400_2026_0417.csv
2026-04-21,sp400,0.08313730440097226,0.08868555536142388,392,ICC calculation,data/202604/icc_live_sp400_2026_0421.csv
2026-04-22,sp400,0.08346865176708536,0.08906294446741961,392,ICC calculation,data/202604/icc_live_sp400_2026_0422.csv
2026-04-23,sp400,0.08360250178556113,0.08911555051167852,396,ICC calculation,data/202604/icc_live_sp400_2026_0423.csv
2026-04-24,sp400,0.0820393367462023,0.08724373336466662,395,ICC calculation,data/202604/icc_live_sp400_2026_0424.csv
2026-04-27,sp400,0.08307582052472146,0.08858603826637437,393,ICC calculation,data/202604/icc_live_sp400_2026_0427.csv
2026-04-29,sp400,0.08404510770924227,0.08923501174832485,393,ICC calculation,data/202604/icc_live_sp400_2026_0429.csv
2026-04-30,sp400,0.08349825139069088,0.08903550623796849,393,ICC calculation,data/202604/icc_live_sp400_2026_0430.csv
2026-05-01,sp400,0.08344968559258172,0.08928130457591947,393,ICC calculation,data/202605/icc_live_sp400_2026_0501.csv
2026-05-04,sp400,0.0841224912776207,0.09009700841242858,393,ICC calculation,data/202605/icc_live_sp400_2026_0504.csv
2026-05-05,sp400,0.08429453401304224,0.09049973079253368,394,ICC calculation,data/202605/icc_live_sp400_2026_0505.csv
2026-05-06,sp400,0.08256447790771844,0.08899553706824746,394,ICC calculation,data/202605/icc_live_sp400_2026_0506.csv
2026-05-07,sp400,0.0832398004311554,0.08978943290411869,394,ICC calculation,data/202605/icc_live_sp400_2026_0507.csv
2026-05-08,sp400,0.0827530701544115,0.08934208539140696,395,ICC calculation,data/202605/icc_live_sp400_2026_0508.csv
2026-05-11,sp400,0.08397978584397695,0.09064843538389421,395,ICC calculation,data/202605/icc_live_sp400_2026_0511.csv
2026-05-12,sp400,0.08434495539747716,0.09096385246507531,395,ICC calculation,data/202605/icc_live_sp400_2026_0512.csv
2026-05-13,sp400,0.08453388754471423,0.09158185018725576,395,ICC calculation,data/202605/icc_live_sp400_2026_0513.csv
2026-05-14,sp400,0.08453400582300813,0.09158201036429824,395,ICC calculation,data/202605/icc_live_sp400_2026_0514.csv
2026-05-15,sp400,0.0855071850527157,0.09238104967973958,395,ICC calculation,data/202605/icc_live_sp400_2026_0515.csv
2026-05-18,sp400,0.08577114902549106,0.09206396138687217,395,ICC calculation,data/202605/icc_live_sp400_2026_0518.csv
2026-05-19,sp400,0.08631211133543515,0.09277356434089123,395,ICC calculation,data/202605/icc_live_sp400_2026_0519.csv
2026-05-20,sp400,0.0853256084861206,0.09150933658198782,395,ICC calculation,data/202605/icc_live_sp400_2026_0520.csv
2026-05-21,sp400,0.08543853949640101,0.09159125044904551,395,ICC calculation,data/202605/icc_live_sp400_2026_0521.csv
2026-05-22,sp400,0.08513830327755584,0.09145000872794501,396,ICC calculation,data/202605/icc_live_sp400_2026_0522.csv
2026-05-25,sp400,0.08484423297148667,0.09122531536057443,396,ICC calculation,data/202605/icc_live_sp400_2026_0525.csv
2026-05-26,sp400,0.08404802949929632,0.0907104457318564,396,ICC calculation,data/202605/icc_live_sp400_2026_0526.csv
2026-05-27,sp400,0.0842091915141454,0.09056541750123048,396,ICC calculation,data/202605/icc_live_sp400_2026_0527.csv
2026-05-28,sp400,0.08269224773862469,0.0885338830237972,396,ICC calculation,data/202605/icc_live_sp400_2026_0528.csv
2026-05-29,sp400,0.08439440637542588,0.0907655043686028,393,ICC calculation,data/202605/icc_live_sp400_2026_0529.csv
2026-06-01,sp400,0.08413782182580236,0.09055653321160963,396,ICC calculation,data/202606/icc_live_sp400_2026_0601.csv
2026-06-02,sp400,0.08370840721094557,0.09034911108954877,396,ICC calculation,data/202606/icc_live_sp400_2026_0602.csv
2026-06-03,sp400,0.08371831581735836,0.09068451477487363,396,ICC calculation,data/202606/icc_live_sp400_2026_0603.csv
2026-06-04,sp400,0.08345765548644206,0.09040777485184825,396,ICC calculation,data/202606/icc_live_sp400_2026_0604.csv
2026-06-05,sp400,0.08465079959349367,0.09101005852963928,396,ICC calculation,data/202606/icc_live_sp400_2026_0605.csv
2026-06-08,sp400,0.08451662778156292,0.09079855393805598,396,ICC calculation,data/202606/icc_live_sp400_2026_0608.csv
2026-06-09,sp400,0.08409359282103597,0.09010801197985878,396,ICC calculation,data/202606/icc_live_sp400_2026_0609.csv
2026-06-10,sp400,0.08485448866853415,0.0908369440900149,396,ICC calculation,data/202606/icc_live_sp400_2026_0610.csv
2026-06-11,sp400,0.08354062178439602,0.08970569830430095,396,ICC calculation,data/202606/icc_live_sp400_2026_0611.csv
2026-06-12,sp400,0.08273406661014544,0.08896469238946521,396,ICC calculation,data/202606/icc_live_sp400_2026_0612.csv
2026-06-15,sp400,0.08304166266973684,0.08928165781620098,396,ICC calculation,data/202606/icc_live_sp400_2026_0615.csv
2026-06-16,sp400,0.0834531922849628,0.08947369735446893,396,ICC calculation,data/202606/icc_live_sp400_2026_0616.csv
2026-06-17,sp400,0.08265259221708368,0.08872997479710103,396,ICC calculation,data/202606/icc_live_sp400_2026_0617.csv
2026-06-18,sp400,0.08226604572515928,0.08864616279598421,396,ICC calculation,data/202606/icc_live_sp400_2026_0618.csv
2026-06-19,sp400,0.08178249900000345,0.0880701381854513,396,ICC calculation,data/202606/icc_live_sp400_2026_0619.csv
2026-06-22,sp400,0.08235585618870228,0.08879926868288619,396,ICC calculation,data/202606/icc_live_sp400_2026_0622.csv
2026-06-23,sp400,0.08311259863674463,0.0890627394817845,396,ICC calculation,data/202606/icc_live_sp400_2026_0623.csv
2026-06-24,sp400,0.08277112576670116,0.08854178910992193,396,ICC calculation,data/202606/icc_live_sp400_2026_0624.csv
2026-06-25,sp400,0.0824142120621486,0.08844543882366433,396,ICC calculation,data/202606/icc_live_sp400_2026_0625.csv
2026-06-26,sp400,0.08244917510691281,0.08792119927186863,396,ICC calculation,data/202606/icc_live_sp400_2026_0626.csv
2026-06-29,sp400,0.08247879591364587,0.08822466978144966,396,ICC calculation,data/202606/icc_live_sp400_2026_0629.csv
2026-06-30,sp400,0.08208821726197973,0.08806301756528859,396,ICC calculation,data/202606/icc_live_sp400_2026_0630.csv
2026-07-01,sp400,0.0828030452837233,0.08839433720199011,396,ICC calculation,data/202607/icc_live_sp400_2026_0701.csv
2026-07-02,sp400,0.08315734397621664,0.08828283839456007,396,ICC calculation,data/202607/icc_live_sp400_2026_0702.csv
2026-07-03,sp400,0.08289219581111962,0.08797869517381164,396,ICC calculation,data/202607/icc_live_sp400_2026_0703.csv
2026-07-06,sp400,0.08272006419890354,0.0879072544413465,396,ICC calculation,data/202607/icc_live_sp400_2026_0706.csv
2026-07-07,sp400,0.0834346431521927,0.08846617124737079,396,ICC calculation,data/202607/icc_live_sp400_2026_0707.csv
2026-07-08,sp400,0.08397907020632818,0.08921684337573331,396,ICC calculation,data/202607/icc_live_sp400_2026_0708.csv
2026-07-09,sp400,0.08337796004802381,0.08859836924459687,396,ICC calculation,data/202607/icc_live_sp400_2026_0709.csv
2026-07-10,sp400,0.08329224383287565,0.0882393300882404,396,ICC calculation,data/202607/icc_live_sp400_2026_0710.csv
2026-07-13,sp400,0.08363894775475962,0.08842410671995793,392,ICC calculation,data/202607/icc_live_sp400_2026_0713.csv
2026-07-14,sp400,0.08348770059569079,0.08846869144125483,396,ICC calculation,data/202607/icc_live_sp400_2026_0714.csv
2026-07-15,sp400,0.08353490357147553,0.0881713227168348,396,ICC calculation,data/202607/icc_live_sp400_2026_0715.csv
2026-07-16,sp400,0.0819960622123526,0.08580730938198788,393,ICC calculation,data/202607/icc_live_sp400_2026_0716.csv
2026-07-17,sp400,0.08537947236363641,0.08859009593988988,364,ICC calculation,data/202607/icc_live_sp400_2026_0717.csv
2026-07-20,sp400,0.08363318285513689,0.08804396740583419,395,ICC calculation,data/202607/icc_live_sp400_2026_0720.csv
2026-07-21,sp400,0.08515720724285342,0.08918792884819592,395,ICC calculation,data/202607/icc_live_sp400_2026_0721.csv
2026-07-22,sp400,0.08363539294777411,0.0879730844678187,396,ICC calculation,data/202607/icc_live_sp400_2026_0722.csv
2026-07-23,sp400,0.08390063224689015,0.08781698966628915,382,ICC calculation,data/202607/icc_live_sp400_2026_0723.csv
2026-07-24,sp400,0.08343630573578191,0.08793319804211741,397,ICC calculation,data/202607/icc_live_sp400_2026_0724.csv
2026-07-27,sp400,0.08325967883355964,0.08764812780965583,397,ICC calculation,data/202607/icc_live_sp400_2026_0727.csv
2026-07-28,sp400,0.08324238431231427,0.08730544966081372,397,ICC calculation,data/202607/icc_live_sp400_2026_0728.csv
2026-07-29,sp400,0.08387199596967304,0.08612768265186223,330,ICC calculation,data/202607/icc_live_sp400_2026_0729.csv
2026-07-30,sp400,0.08360880498038166,0.0859723229770765,331,ICC calculation,data/202607/icc_live_sp400_2026_0730.csv
2026-07-31,sp400,0.08373950318779139,0.0864253040270351,338,ICC calculation,data/202607/icc_live_sp400_2026_0731.csv
2026-08-03,sp400,0.08303628699977313,0.08560171118483692,348,ICC calculation,data/202608/icc_live_sp400_2026_0803.csv
2026-08-04,sp400,0.08219904928373307,0.08470528573652097,353,ICC calculation,data/202608/icc_live_sp400_2026_0804.csv
2026-08-05,sp400,0.08234893163889703,0.08605767970483025,397,ICC calculation,data/202608/icc_live_sp400_2026_0805.csv
2026-08-06,sp400,0.08220729715479617,0.08527223488585137,358,ICC calculation,data/202608/icc_live_sp400_2026_0806.csv
2026-08-07,sp400,0.08181086077297732,0.08569633068762936,397,ICC calculation,data/202608/icc_live_sp400_2026_0807.csv
2026-08-10,sp400,0.0816305120015968,0.08549560823178765,397,ICC calculation,data/202608/icc_live_sp400_2026_0810.csv
2026-08-11,sp400,0.08204280510071124,0.08538877317333998,377,ICC calculation,data/202608/icc_live_sp400_2026_0811.csv
2026-08-12,sp400,0.0821920498124563,0.08557525165290372,377,ICC calculation,data/202608/icc_live_sp400_2026_0812.csv
2026-08-13,sp400,0.08184194396973267,0.08507514945486244,378,ICC calculation,data/202608/icc_live_sp400_2026_0813.csv
2026-08-14,sp400,0.08147450375794231,0.08486022500625998,379,ICC calculation,data/202608/icc_live_sp400_2026_0814.csv
2026-08-17,sp400,0.08112710831505064,0.0853350830043494,397,ICC calculation,data/202608/icc_live_sp400_2026_0817.csv
2026-08-18,sp400,0.08051268228484616,0.08432775186629493,397,ICC calculation,data/202608/icc_live_sp400_2026_0818.csv
2026-08-19,sp400,0.08201350526343118,0.08538738892863952,381,ICC calculation,data/202608/icc_live_sp400_2026_0819.csv
2026-08-20,sp400,0.08282084054051342,0.08616557543905275,381,ICC calculation,data/202608/icc_live_sp400_2026_0820.csv
2026-08-21,sp400,0.08247305433334663,0.085844613206107,381,ICC calculation,data/202608/icc_live_sp400_2026_0821.csv
2026-08-24,sp400,0.0828322579421204,0.0862317453295367,383,ICC calculation,data/202608/icc_live_sp400_2026_0824.csv
2026-08-25,sp400,0.08295491116003771,0.086352393631562,384,ICC calculation,data/202608/icc_live_sp400_2026_0825.csv
2026-08-26,sp400,0.08255855058793607,0.0859196653354985,384,ICC calculation,data/202608/icc_live_sp400_2026_0826.csv
2026-08-31,sp400,0.08320455563839037,0.08663872288887144,397,ICC calculation,data/202608/icc_live_sp400_2026_0831.csv
2026-09-01,sp400,0.08375323751031694,0.08729470279988537,397,ICC calculation,data/202609/icc_live_sp400_2026_0901.csv
2026-09-02,sp400,0.08493794671785058,0.08772837686223307,397,ICC calculation,data/202609/icc_live_sp400_2026_0902.csv
2026-09-03,sp400,0.08299203338554481,0.08623891875597789,397,ICC calculation,data/202609/icc_live_sp400_2026_0903.csv
2025-10-28,sp500,0.06385038804489955,0.07626400946253087,502,ICC calculation,data/202510/icc_live_sp500_2025_1028.csv
2025-10-29,sp500,0.06409704251561504,0.07680152929636873,502,ICC calculation,data/202510/icc_live_sp500_2025_1029.csv
2025-10-30,sp500,0.06508549053558753,0.07728856096472293,502,ICC calculation,data/202510/icc_live_sp500_2025_1030.csv
2025-11-01,sp500,0.06511265513855775,0.0761357278667141,501,ICC calculation,data/202510/icc_live_sp500_2025_1031.csv
2025-11-03,sp500,0.06536408405994593,0.07694277679801874,501,ICC calculation,data/202511/icc_live_sp500_2025_1103.csv
2025-11-04,sp500,0.06568197037594754,0.07686459269461528,501,ICC calculation,data/202511/icc_live_sp500_2025_1104.csv
2025-11-05,sp500,0.06542282520967908,0.0765424308180333,501,ICC calculation,data/202511/icc_live_sp500_2025_1105.csv
2025-11-06,sp500,0.06602005013699455,0.07662871672299468,501,ICC calculation,data/202511/icc_live_sp500_2025_1106.csv
2025-11-07,sp500,0.0658709125077403,0.07629481827339928,500,ICC calculation,data/202511/icc_live_sp500_2025_1107.csv
2025-11-10,sp500,0.06559303680020566,0.07597021712298999,501,ICC calculation,data/202511/icc_live_sp500_2025_1110.csv
2025-11-11,sp500,0.06546967842396231,0.07579487842249517,501,ICC calculation,data/202511/icc_live_sp500_2025_1111.csv
2025-11-12,sp500,0.06575941752748253,0.07571094862450482,501,ICC calculation,data/202511/icc_live_sp500_2025_1112.csv
2025-11-13,sp500,0.06660470388282475,0.07629535229408793,501,ICC calculation,data/202511/icc_live_sp500_2025_1113.csv
2025-11-14,sp500,0.06691322664920919,0.07653695279633957,501,ICC calculation,data/202511/icc_live_sp500_2025_1114.csv
2025-11-17,sp500,0.06729190471078396,0.07748287406138142,502,ICC calculation,data/202511/icc_live_sp500_2025_1117.csv
2025-11-18,sp500,0.06755013899662468,0.07726228760922314,502,ICC calculation,data/202511/icc_live_sp500_2025_1118.csv
2025-11-19,sp500,0.06731089613814646,0.07727416418671797,502,ICC calculation,data/202511/icc_live_sp500_2025_1119.csv
2025-11-20,sp500,0.06917104009644617,0.07787711820132712,502,ICC calculation,data/202511/icc_live_sp500_2025_1120.csv
2025-11-25,sp500,0.0679149047938529,0.07663689457195874,502,ICC calculation,data/202511/icc_live_sp500_2025_1124.csv
2025-11-26,sp500,0.0673066743106299,0.07580101448817922,502,ICC calculation,data/202511/icc_live_sp500_2025_1126.csv
2025-11-27,sp500,0.0672968960507204,0.07577861519874396,502,ICC calculation,data/202511/icc_live_sp500_2025_1127.csv
2025-11-28,sp500,0.06704505106919476,0.07552097163549865,502,ICC calculation,data/202511/icc_live_sp500_2025_1128.csv
2025-12-01,sp500,0.06735404414863305,0.07573060324471316,501,ICC calculation,data/202512/icc_live_sp500_2025_1201.csv
2025-12-02,sp500,0.0673114017076002,0.0760295817096123,502,ICC calculation,data/202512/icc_live_sp500_2025_1202.csv
2025-12-03,sp500,0.06703603537393457,0.07562696400636913,502,ICC calculation,data/202512/icc_live_sp500_2025_1203.csv
2025-12-04,sp500,0.06710189754446967,0.07559528532828554,502,ICC calculation,data/202512/icc_live_sp500_2025_1204.csv
2025-12-05,sp500,0.06700326492097802,0.07558080785076121,502,ICC calculation,data/202512/icc_live_sp500_2025_1205.csv
2025-12-08,sp500,0.06737787282209594,0.07592135137914091,502,ICC calculation,data/202512/icc_live_sp500_2025_1208.csv
2025-12-09,sp500,0.06739011313915971,0.07599823812809704,502,ICC calculation,data/202512/icc_live_sp500_2025_1209.csv
2025-12-10,sp500,0.06714901135879887,0.07532128279684525,501,ICC calculation,data/202512/icc_live_sp500_2025_1210.csv
2025-12-11,sp500,0.06701812278953245,0.07487204471633542,501,ICC calculation,data/202512/icc_live_sp500_2025_1211.csv
2025-12-12,sp500,0.06767329735676415,0.07524074745858558,500,ICC calculation,data/202512/icc_live_sp500_2025_1212.csv
2025-12-15,sp500,0.0678294184064622,0.07532542222271334,501,ICC calculation,data/202512/icc_live_sp500_2025_1215.csv
2025-12-16,sp500,0.06799014070807206,0.07583687654113215,501,ICC calculation,data/202512/icc_live_sp500_2025_1216.csv
2025-12-17,sp500,0.06857129717670164,0.07612789513968983,501,ICC calculation,data/202512/icc_live_sp500_2025_1217.csv
2025-12-18,sp500,0.06819115690843186,0.0760902156797316,501,ICC calculation,data/202512/icc_live_sp500_2025_1218.csv
2025-12-19,sp500,0.0681645883786361,0.07607920365940186,501,ICC calculation,data/202512/icc_live_sp500_2025_1219.csv
2025-12-22,sp500,0.06807008963831669,0.07568006117595545,501,ICC calculation,data/202512/icc_live_sp500_2025_1222.csv
2025-12-23,sp500,0.06802613777753075,0.07572964412173355,499,ICC calculation,data/202512/icc_live_sp500_2025_1223.csv
2025-12-24,sp500,0.06781607432001784,0.07549299491114406,499,ICC calculation,data/202512/icc_live_sp500_2025_1224.csv
2025-12-25,sp500,0.06783320684719624,0.07552066421465362,499,ICC calculation,data/202512/icc_live_sp500_2025_1225.csv
2025-12-26,sp500,0.06790524480419664,0.07552639473910139,499,ICC calculation,data/202512/icc_live_sp500_2025_1226.csv
2025-12-29,sp500,0.06804463052556269,0.07563040517268789,499,ICC calculation,data/202512/icc_live_sp500_2025_1229.csv
2025-12-30,sp500,0.06812874034595798,0.07562636061125554,499,ICC calculation,data/202512/icc_live_sp500_2025_1230.csv
2025-12-31,sp500,0.06846715355482065,0.07608304769934701,499,ICC calculation,data/202512/icc_live_sp500_2025_1231.csv
2026-01-01,sp500,0.06846459233629582,0.07609936746343596,500,ICC calculation,data/202601/icc_live_sp500_2026_0101.csv
2026-01-02,sp500,0.06843254406851189,0.07534105023406093,501,ICC calculation,data/202601/icc_live_sp500_2026_0102.csv
2026-01-05,sp500,0.0678929252970122,0.07485100688904016,497,ICC calculation,data/202601/icc_live_sp500_2026_0105_r1.csv
2026-01-06,sp500,0.06768487976678952,0.07436227331846826,497,ICC calculation,data/202601/icc_live_sp500_2026_0106_r1.csv
2026-01-07,sp500,0.06781276843417244,0.07498213475817848,497,ICC calculation,data/202601/icc_live_sp500_2026_0107_r1.csv
2026-01-08,sp500,0.06773361097944448,0.07443436129036075,497,ICC calculation,data/202601/icc_live_sp500_2026_0108_r1.csv
2026-01-09,sp500,0.06744258262637452,0.07416247950365767,497,ICC calculation,data/202601/icc_live_sp500_2026_0109_r1.csv
2026-01-12,sp500,0.06740415683426457,0.07409045473353114,496,ICC calculation,data/202601/icc_live_sp500_2026_0112_r1.csv
2026-01-13,sp500,0.06769618686705364,0.07415107831063711,496,ICC calculation,data/202601/icc_live_sp500_2026_0113_r1.csv
2026-01-14,sp500,0.06785427680125362,0.0739434747686191,496,ICC calculation,data/202601/icc_live_sp500_2026_0114_r1.csv
2026-01-15,sp500,0.06805037218643983,0.0737883864925223,496,ICC calculation,data/202601/icc_live_sp500_2026_0115_r1.csv
2026-01-16,sp500,0.06817249582034454,0.07404574308558601,496,ICC calculation,data/202601/icc_live_sp500_2026_0116_r1.csv
2026-01-19,sp500,0.06812944192730826,0.07404903366406547,496,ICC calculation,data/202601/icc_live_sp500_2026_0119_r1.csv
2026-01-20,sp500,0.06928492488988393,0.07522222642440721,496,ICC calculation,data/202601/icc_live_sp500_2026_0120_r1.csv
2026-01-21,sp500,0.0689539185928104,0.0745244122023246,495,ICC calculation,data/202601/icc_live_sp500_2026_0121_r1.csv
2026-01-22,sp500,0.06882813785572822,0.07433988114686506,495,ICC calculation,data/202601/icc_live_sp500_2026_0122_r1.csv
2026-01-23,sp500,0.0691114757150584,0.07479766268227507,495,ICC calculation,data/202601/icc_live_sp500_2026_0123_r1.csv
2026-01-26,sp500,0.06898439095251283,0.07463486832054142,495,ICC calculation,data/202601/icc_live_sp500_2026_0126_r1.csv
2026-01-27,sp500,0.06947907181125385,0.07513790361484106,495,ICC calculation,data/202601/icc_live_sp500_2026_0127_r1.csv
2026-01-28,sp500,0.06948957834698481,0.07527891079934772,495,ICC calculation,data/202601/icc_live_sp500_2026_0128_r1.csv
2026-01-29,sp500,0.06903422154965734,0.07538603094564343,497,ICC calculation,data/202601/icc_live_sp500_2026_0129_r1.csv
2026-01-30,sp500,0.06949106104919214,0.07605516211381749,497,ICC calculation,data/202601/icc_live_sp500_2026_0130_r1.csv
2026-02-03,sp500,0.07110565703785837,0.0767562995616888,496,ICC calculation,data/202602/icc_live_sp500_2026_0203_r1.csv
2026-02-04,sp500,0.07082231086169674,0.07645169917769168,496,ICC calculation,data/202602/icc_live_sp500_2026_0204_r1.csv
2026-02-05,sp500,0.07497588609145042,0.07727914079977305,496,ICC calculation,data/202602/icc_live_sp500_2026_0205_r1.csv
2026-02-06,sp500,0.07502093195326427,0.07680729141487537,496,ICC calculation,data/202602/icc_live_sp500_2026_0206_r1.csv
2026-02-09,sp500,0.07473837330177734,0.0770278088167138,496,ICC calculation,data/202602/icc_live_sp500_2026_0209_r1.csv
2026-02-10,sp500,0.07512630868991586,0.07710417549719034,496,ICC calculation,data/202602/icc_live_sp500_2026_0210_r1.csv
2026-02-11,sp500,0.07539150669103345,0.07758427585824478,496,ICC calculation,data/202602/icc_live_sp500_2026_0211_r1.csv
2026-02-12,sp500,0.07628148812249078,0.07919572898682606,496,ICC calculation,data/202602/icc_live_sp500_2026_0212_r1.csv
2026-02-13,sp500,0.07641902308286991,0.0792224514356346,496,ICC calculation,data/202602/icc_live_sp500_2026_0213_r1.csv
2026-02-16,sp500,0.07647095471625483,0.0789925240604363,496,ICC calculation,data/202602/icc_live_sp500_2026_0216_r1.csv
2026-02-17,sp500,0.07660536099162935,0.07931431449624968,496,ICC calculation,data/202602/icc_live_sp500_2026_0217_r1.csv
2026-02-18,sp500,0.07654050219861844,0.07943106876488142,496,ICC calculation,data/202602/icc_live_sp500_2026_0218_r1.csv
2026-02-19,sp500,0.07677636393669138,0.0798712709990035,496,ICC calculation,data/202602/icc_live_sp500_2026_0219_r1.csv
2026-02-20,sp500,0.07638525463045794,0.07977059047012032,496,ICC calculation,data/202602/icc_live_sp500_2026_0220_r1.csv
2026-02-23,sp500,0.0770576837648785,0.08041998129647047,496,ICC calculation,data/202602/icc_live_sp500_2026_0223_r1.csv
2026-02-24,sp500,0.07689768609460049,0.07997235667386303,496,ICC calculation,data/202602/icc_live_sp500_2026_0224_r1.csv
2026-02-25,sp500,0.07673253543163475,0.0804189043590779,496,ICC calculation,data/202602/icc_live_sp500_2026_0225_r1.csv
2026-02-26,sp500,0.07378859755320966,0.0797600886082171,496,ICC calculation,data/202602/icc_live_sp500_2026_0226_r1.csv
2026-02-27,sp500,0.07395991999074679,0.08007957851279425,496,ICC calculation,data/202602/icc_live_sp500_2026_0227_r1.csv
2026-03-02,sp500,0.07384518689463118,0.08025915862679166,495,ICC calculation,data/202603/icc_live_sp500_2026_0302_r1.csv
2026-03-03,sp500,0.07424068648706249,0.08084175858272391,495,ICC calculation,data/202603/icc_live_sp500_2026_0303_r1.csv
2026-03-04,sp500,0.07419240884989318,0.0806672050711749,501,ICC calculation,data/202603/icc_live_sp500_2026_0304_r1.csv
2026-03-05,sp500,0.07540820323204772,0.0811618500690547,501,ICC calculation,data/202603/icc_live_sp500_2026_0305_r1.csv
2026-03-06,sp500,0.07598419755862147,0.08195994603049062,501,ICC calculation,data/202603/icc_live_sp500_2026_0306_r1.csv
2026-03-09,sp500,0.07596853622969772,0.08187574394879418,501,ICC calculation,data/202603/icc_live_sp500_2026_0309_r1.csv
2026-03-10,sp500,0.0761408169324043,0.08241244934865362,501,ICC calculation,data/202603/icc_live_sp500_2026_0310_r1.csv
2026-03-11,sp500,0.07617988088716068,0.08256605869748812,501,ICC calculation,data/202603/icc_live_sp500_2026_0311_r1.csv
2026-03-12,sp500,0.07683473594671442,0.08352430675903079,501,ICC calculation,data/202603/icc_live_sp500_2026_0312_r1.csv
2026-03-13,sp500,0.07712571264052383,0.08352497509885028,501,ICC calculation,data/202603/icc_live_sp500_2026_0313_r1.csv
2026-03-16,sp500,0.07655681309290481,0.08288094829252265,501,ICC calculation,data/202603/icc_live_sp500_2026_0316_r1.csv
2026-03-17,sp500,0.07641440056347147,0.08254446084698135,501,ICC calculation,data/202603/icc_live_sp500_2026_0317_r1.csv
2026-03-18,sp500,0.0776629337624896,0.08341711084818361,501,ICC calculation,data/202603/icc_live_sp500_2026_0318_r1.csv
2026-03-19,sp500,0.07781684892630251,0.08349787440431047,501,ICC calculation,data/202603/icc_live_sp500_2026_0319_r1.csv
2026-03-20,sp500,0.07845866400141227,0.08407252861530375,501,ICC calculation,data/202603/icc_live_sp500_2026_0320_r1.csv
2026-03-23,sp500,0.07876554765792887,0.08348973996769969,501,ICC calculation,data/202603/icc_live_sp500_2026_0323_r1.csv
2026-03-24,sp500,0.07893744979754445,0.0833376017189145,501,ICC calculation,data/202603/icc_live_sp500_2026_0324_r1.csv
2026-03-25,sp500,0.07866412455686017,0.0830559656027959,500,ICC calculation,data/202603/icc_live_sp500_2026_0325_r1.csv
2026-03-26,sp500,0.0793986669195491,0.08353960331998751,500,ICC calculation,data/202603/icc_live_sp500_2026_0326_r1.csv
2026-03-27,sp500,0.08028739616071724,0.084314558512701,500,ICC calculation,data/202603/icc_live_sp500_2026_0327_r1.csv
2026-03-30,sp500,0.08027931314886187,0.08452709300987163,500,ICC calculation,data/202603/icc_live_sp500_2026_0330_r1.csv
2026-03-31,sp500,0.07889568917176408,0.08332771742426166,500,ICC calculation,data/202603/icc_live_sp500_2026_0331_r1.csv
2026-04-01,sp500,0.0784875336195354,0.08315906142677075,500,ICC calculation,data/202604/icc_live_sp500_2026_0401_r1.csv
2026-04-02,sp500,0.07849130427216776,0.08303663929555677,500,ICC calculation,data/202604/icc_live_sp500_2026_0402_r1.csv
2026-04-03,sp500,0.07840426934784,0.0828280586776455,500,ICC calculation,data/202604/icc_live_sp500_2026_0403_r1.csv
2026-04-06,sp500,0.07820711667158994,0.08260252127933762,500,ICC calculation,data/202604/icc_live_sp500_2026_0406_r1.csv
2026-04-07,sp500,0.07818730088016826,0.08289410762703829,500,ICC calculation,data/202604/icc_live_sp500_2026_0407_r1.csv
2026-04-08,sp500,0.07705306641904613,0.08160053125228461,500,ICC calculation,data/202604/icc_live_sp500_2026_0408_r1.csv
2026-04-09,sp500,0.07684847746875212,0.08191544234091763,499,ICC calculation,data/202604/icc_live_sp500_2026_0409_r1.csv
2026-04-10,sp500,0.07702641166459312,0.08230591260918903,500,ICC calculation,data/202604/icc_live_sp500_2026_0410_r1.csv
2026-04-13,sp500,0.07666735898881136,0.08163982789425475,500,ICC calculation,data/202604/icc_live_sp500_2026_0413_r3.csv
2026-04-14,sp500,0.07614673715602163,0.08142821907906203,500,ICC calculation,data/202604/icc_live_sp500_2026_0414_r1.csv
2026-04-15,sp500,0.07569297028442881,0.08138525083469349,500,ICC calculation,data/202604/icc_live_sp500_2026_0415_r1.csv
2026-04-16,sp500,0.0754672706502571,0.08111658737002901,500,ICC calculation,data/202604/icc_live_sp500_2026_0416_r1.csv
2026-04-17,sp500,0.07497356646740205,0.08046401077849703,500,ICC calculation,data/202604/icc_live_sp500_2026_0417_r1.csv
2026-04-20,sp500,0.07543651074107287,0.08045147659883002,499,ICC calculation,data/202604/icc_live_sp500_2026_0420.csv
2026-04-21,sp500,0.07585852058546841,0.08091931487573839,499,ICC calculation,data/202604/icc_live_sp500_2026_0421_r1.csv
2026-04-22,sp500,0.07404928391930547,0.07877639865122912,499,ICC calculation,data/202604/icc_live_sp500_2026_0422_r1.csv
2026-04-23,sp500,0.07579001753110064,0.08093360456027436,500,ICC calculation,data/202604/icc_live_sp500_2026_0423_r1.csv
2026-04-24,sp500,0.0750505890004255,0.08102260176067429,500,ICC calculation,data/202604/icc_live_sp500_2026_0424_r1.csv
2026-04-27,sp500,0.07351200564888512,0.07838725344401291,500,ICC calculation,data/202604/icc_live_sp500_2026_0427_r1.csv
2026-04-28,sp500,0.07498051520289939,0.08124440436628828,500,ICC calculation,data/202604/icc_live_sp500_2026_0428_r1.csv
2026-04-29,sp500,0.07508200259993175,0.08148046785109216,500,ICC calculation,data/202604/icc_live_sp500_2026_0429_r1.csv
2026-04-30,sp500,0.07410737908665195,0.0807512082736739,500,ICC calculation,data/202604/icc_live_sp500_2026_0430_r1.csv
2026-05-01,sp500,0.07138035779891667,0.08090422645208854,500,ICC calculation,data/202605/icc_live_sp500_2026_0501_r1.csv
2026-05-04,sp500,0.07138203395801411,0.08136128368580217,500,ICC calculation,data/202605/icc_live_sp500_2026_0504_r1.csv
2026-05-05,sp500,0.07114424377294065,0.08077847797801947,500,ICC calculation,data/202605/icc_live_sp500_2026_0505_r1.csv
2026-05-06,sp500,0.07052982384502239,0.08027931516878471,500,ICC calculation,data/202605/icc_live_sp500_2026_0506_r1.csv
2026-05-07,sp500,0.07086635811301059,0.08078695159177508,500,ICC calculation,data/202605/icc_live_sp500_2026_0507_r1.csv
2026-05-08,sp500,0.07075153069768515,0.08068608041255468,500,ICC calculation,data/202605/icc_live_sp500_2026_0508_r1.csv
2026-05-11,sp500,0.07084442402766766,0.08083089849263048,501,ICC calculation,data/202605/icc_live_sp500_2026_0511_r1.csv
2026-05-12,sp500,0.07089256026102142,0.0808256640151927,501,ICC calculation,data/202605/icc_live_sp500_2026_0512_r1.csv
2026-05-13,sp500,0.07054802902771362,0.08134954823516283,501,ICC calculation,data/202605/icc_live_sp500_2026_0513_r2.csv
2026-05-14,sp500,0.07030040477972323,0.08113786982508167,501,ICC calculation,data/202605/icc_live_sp500_2026_0514_r1.csv
2026-05-15,sp500,0.07090188772104901,0.08159555861336586,501,ICC calculation,data/202605/icc_live_sp500_2026_0515_r1.csv
2026-05-18,sp500,0.07079911772861745,0.08119685691875174,501,ICC calculation,data/202605/icc_live_sp500_2026_0518_r1.csv
2026-05-19,sp500,0.07146908121184564,0.08138612732668817,502,ICC calculation,data/202605/icc_live_sp500_2026_0519_r1.csv
2026-05-20,sp500,0.0712188099966363,0.08074531533836092,502,ICC calculation,data/202605/icc_live_sp500_2026_0520_r1.csv
2026-05-21,sp500,0.07134194173439182,0.08050556159958037,502,ICC calculation,data/202605/icc_live_sp500_2026_0521_r1.csv
2026-05-22,sp500,0.07128407684027055,0.08025320692577896,502,ICC calculation,data/202605/icc_live_sp500_2026_0522_r1.csv
2026-05-25,sp500,0.07196174632076402,0.08024305485444984,502,ICC calculation,data/202605/icc_live_sp500_2026_0525_r1.csv
2026-05-26,sp500,0.07197703810965417,0.08010327946527034,502,ICC calculation,data/202605/icc_live_sp500_2026_0526_r1.csv
2026-05-27,sp500,0.07226229865285232,0.07999900668039883,502,ICC calculation,data/202605/icc_live_sp500_2026_0527_r1.csv
2026-05-28,sp500,0.07064935770191255,0.07757661907168041,502,ICC calculation,data/202605/icc_live_sp500_2026_0528_r1.csv
2026-05-29,sp500,0.07234705959777499,0.08001543253963682,500,ICC calculation,data/202605/icc_live_sp500_2026_0529_r1.csv
2026-06-01,sp500,0.07259081446194907,0.08000097097840617,501,ICC calculation,data/202606/icc_live_sp500_2026_0601_r1.csv
2026-06-02,sp500,0.07287167491865439,0.07991758725512,501,ICC calculation,data/202606/icc_live_sp500_2026_0602_r1.csv
2026-06-03,sp500,0.0732152689099664,0.08027229280240664,501,ICC calculation,data/202606/icc_live_sp500_2026_0603_r1.csv
2026-06-04,sp500,0.0725883260476889,0.07987879433482906,501,ICC calculation,data/202606/icc_live_sp500_2026_0604_r1.csv
2026-06-05,sp500,0.07328793543006734,0.0802272879817498,501,ICC calculation,data/202606/icc_live_sp500_2026_0605_r1.csv
2026-06-08,sp500,0.07363949758848949,0.08031991483971705,501,ICC calculation,data/202606/icc_live_sp500_2026_0608_r1.csv
2026-06-09,sp500,0.07373807963980218,0.0798031147141968,501,ICC calculation,data/202606/icc_live_sp500_2026_0609_r1.csv
2026-06-10,sp500,0.07483053175326718,0.08059969632885586,501,ICC calculation,data/202606/icc_live_sp500_2026_0610_r1.csv
2026-06-11,sp500,0.07431977131877478,0.07983060664721094,501,ICC calculation,data/202606/icc_live_sp500_2026_0611_r1.csv
2026-06-12,sp500,0.07428712488555629,0.07938315177392145,501,ICC calculation,data/202606/icc_live_sp500_2026_0612_r1.csv
2026-06-15,sp500,0.07382903273050051,0.07932797317252753,501,ICC calculation,data/202606/icc_live_sp500_2026_0615_r1.csv
2026-06-16,sp500,0.07376545932242785,0.07939708049706416,501,ICC calculation,data/202606/icc_live_sp500_2026_0616_r1.csv
2026-06-17,sp500,0.07312179127863037,0.07840682700392473,501,ICC calculation,data/202606/icc_live_sp500_2026_0617_r1.csv
2026-06-18,sp500,0.07288063931111233,0.07831004103066229,501,ICC calculation,data/202606/icc_live_sp500_2026_0618_r1.csv
2026-06-19,sp500,0.07291517269743936,0.07827632103281335,501,ICC calculation,data/202606/icc_live_sp500_2026_0619_r1.csv
2026-06-22,sp500,0.07483694114425507,0.08014231525019301,502,ICC calculation,data/202606/icc_live_sp500_2026_0622_r1.csv
2026-06-23,sp500,0.07527280738528526,0.08035090948016176,502,ICC calculation,data/202606/icc_live_sp500_2026_0623_r1.csv
2026-06-24,sp500,0.07534979720734739,0.08000710806888144,502,ICC calculation,data/202606/icc_live_sp500_2026_0624_r1.csv
2026-06-25,sp500,0.0762493758042505,0.07998893033716953,501,ICC calculation,data/202606/icc_live_sp500_2026_0625_r1.csv
2026-06-26,sp500,0.07602744474787822,0.07971066491792994,501,ICC calculation,data/202606/icc_live_sp500_2026_0626_r1.csv
2026-06-29,sp500,0.07537467063936103,0.07981787446381299,501,ICC calculation,data/202606/icc_live_sp500_2026_0629_r1.csv
2026-06-30,sp500,0.07513606202132606,0.08011340555379529,501,ICC calculation,data/202606/icc_live_sp500_2026_0630_r1.csv
2026-07-01,sp500,0.07478990187842464,0.07967619583478394,501,ICC calculation,data/202607/icc_live_sp500_2026_0701_r1.csv
2026-07-02,sp500,0.07326769686477559,0.0767074584881122,501,ICC calculation,data/202607/icc_live_sp500_2026_0702_r1.csv
2026-07-03,sp500,0.07454182818594993,0.07926564763962086,501,ICC calculation,data/202607/icc_live_sp500_2026_0703_r1.csv
2026-07-06,sp500,0.07406890744132155,0.0791882331882623,501,ICC calculation,data/202607/icc_live_sp500_2026_0706_r1.csv
2026-07-07,sp500,0.07284547512717235,0.07706195148041599,501,ICC calculation,data/202607/icc_live_sp500_2026_0707_r1.csv
2026-07-08,sp500,0.07471141677261445,0.07997342272851403,501,ICC calculation,data/202607/icc_live_sp500_2026_0708_r1.csv
2026-07-09,sp500,0.07451065636144667,0.0796397443864203,501,ICC calculation,data/202607/icc_live_sp500_2026_0709_r1.csv
2026-07-10,sp500,0.07441175915191185,0.0793966790169438,501,ICC calculation,data/202607/icc_live_sp500_2026_0710_r1.csv
2026-07-13,sp500,0.07455009793892765,0.07937831921440112,499,ICC calculation,data/202607/icc_live_sp500_2026_0713_r1.csv
2026-07-14,sp500,0.07476325396201326,0.07981679982851116,501,ICC calculation,data/202607/icc_live_sp500_2026_0714_r1.csv
2026-07-15,sp500,0.07425157404652626,0.07987512909982217,501,ICC calculation,data/202607/icc_live_sp500_2026_0715_r1.csv
2026-07-16,sp500,0.07337438622848015,0.07817914570900845,501,ICC calculation,data/202607/icc_live_sp500_2026_0716_r1.csv
2026-07-17,sp500,0.0735368149758501,0.08100532065010733,437,ICC calculation,data/202607/icc_live_sp500_2026_0717_r1.csv
2026-07-20,sp500,0.07506687551868202,0.07998597096131868,501,ICC calculation,data/202607/icc_live_sp500_2026_0720_r1.csv
2026-07-21,sp500,0.075362341198484,0.08080589277535187,501,ICC calculation,data/202607/icc_live_sp500_2026_0721_r1.csv
2026-07-22,sp500,0.07554767252998491,0.07984493736434371,501,ICC calculation,data/202607/icc_live_sp500_2026_0722_r1.csv
2026-07-23,sp500,0.07630300236413014,0.08067567452189424,455,ICC calculation,data/202607/icc_live_sp500_2026_0723_r1.csv
2026-07-24,sp500,0.07655173189861059,0.07955961123535807,501,ICC calculation,data/202607/icc_live_sp500_2026_0724_r1.csv
2026-07-27,sp500,0.07627865126904135,0.07909841849595815,501,ICC calculation,data/202607/icc_live_sp500_2026_0727_r1.csv
2026-07-28,sp500,0.07606363934858544,0.07862074818831562,501,ICC calculation,data/202607/icc_live_sp500_2026_0728_r1.csv
2026-07-29,sp500,0.07316875964766108,0.07875358751233927,380,ICC calculation,data/202607/icc_live_sp500_2026_0729_r1.csv
2026-07-30,sp500,0.07289811146030555,0.07858765094511112,392,ICC calculation,data/202607/icc_live_sp500_2026_0730_r1.csv
2026-07-31,sp500,0.07227135484060097,0.07863115866212064,406,ICC calculation,data/202607/icc_live_sp500_2026_0731_r1.csv
2026-08-03,sp500,0.07015195330274501,0.07772336835163407,415,ICC calculation,data/202608/icc_live_sp500_2026_0803_r1.csv
2026-08-04,sp500,0.06983418345407753,0.076684640549654,430,ICC calculation,data/202608/icc_live_sp500_2026_0804_r1.csv
2026-08-05,sp500,0.07411338594967412,0.07782819055606845,502,ICC calculation,data/202608/icc_live_sp500_2026_0805_r1.csv
2026-08-06,sp500,0.06999545287826067,0.07675542682933768,447,ICC calculation,data/202608/icc_live_sp500_2026_0806_r1.csv
2026-08-07,sp500,0.07377407656525647,0.07753964258221506,502,ICC calculation,data/202608/icc_live_sp500_2026_0807_r1.csv
2026-08-10,sp500,0.07367246089429044,0.07754878298164482,501,ICC calculation,data/202608/icc_live_sp500_2026_0810_r1.csv
2026-08-11,sp500,0.07137063388680896,0.07697644891922553,480,ICC calculation,data/202608/icc_live_sp500_2026_0811_r1.csv
2026-08-12,sp500,0.07136256650556715,0.07681476014713962,481,ICC calculation,data/202608/icc_live_sp500_2026_0812_r1.csv
2026-08-13,sp500,0.07103474166991408,0.07623808002624541,483,ICC calculation,data/202608/icc_live_sp500_2026_0813_r1.csv
2026-08-14,sp500,0.07106110655021075,0.07618073214582219,484,ICC calculation,data/202608/icc_live_sp500_2026_0814_r1.csv
2026-08-17,sp500,0.07435622525357748,0.0775582459848421,502,ICC calculation,data/202608/icc_live_sp500_2026_0817_r1.csv
2026-08-18,sp500,0.07299334694060541,0.0760963079131731,502,ICC calculation,data/202608/icc_live_sp500_2026_0818_r1.csv
2026-08-19,sp500,0.07015681749289777,0.07549109974776426,486,ICC calculation,data/202608/icc_live_sp500_2026_0819_r1.csv
2026-08-20,sp500,0.07239598251878401,0.07754776562039736,486,ICC calculation,data/202608/icc_live_sp500_2026_0820_r1.csv
2026-08-21,sp500,0.07211133072346673,0.07726713681685714,486,ICC calculation,data/202608/icc_live_sp500_2026_0821_r1.csv
2026-08-24,sp500,0.0719225866811285,0.07721374881820034,486,ICC calculation,data/202608/icc_live_sp500_2026_0824_r1.csv
2026-08-25,sp500,0.0719551340124398,0.07719622045876551,488,ICC calculation,data/202608/icc_live_sp500_2026_0825_r1.csv
2026-08-26,sp500,0.07199171594502568,0.07698839736212848,491,ICC calculation,data/202608/icc_live_sp500_2026_0826_r1.csv
2026-08-31,sp500,0.07820786578827905,0.07829198892270402,502,ICC calculation,data/202608/icc_live_sp500_2026_0831_r1.csv
2026-09-01,sp500,0.07849063780725705,0.07874376255348824,502,ICC calculation,data/202609/icc_live_sp500_2026_0901_r1.csv
2026-09-02,sp500,0.07868136388545238,0.07858312409431352,502,ICC calculation,data/202609/icc_live_sp500_2026_0902_r1.csv
2026-09-03,sp500,0.07805532879934267,0.07825567708966989,502,ICC calculation,data/202609/icc_live_sp500_2026_0903_r1.csv
2026-04-14,sp600,0.09353224977878939,0.10224258319177149,573,ICC calculation,data/202604/icc_live_sp600_2026_0414.csv
2026-04-15,sp600,0.09410077239535737,0.10247942566763234,572,ICC calculation,data/202604/icc_live_sp600_2026_0415.csv
2026-04-16,sp600,0.09415219656154872,0.10263456546425356,572,ICC calculation,data/202604/icc_live_sp600_2026_0416.csv
2026-04-17,sp600,0.09284398170258361,0.10106340745844973,572,ICC calculation,data/202604/icc_live_sp600_2026_0417.csv
2026-04-21,sp600,0.0933028673207906,0.10126673419566676,568,ICC calculation,data/202604/icc_live_sp600_2026_0421.csv
2026-04-22,sp600,0.09307502228754655,0.10116191467795577,568,ICC calculation,data/202604/icc_live_sp600_2026_0422.csv
2026-04-23,sp600,0.09314598296556881,0.10148743530499443,572,ICC calculation,data/202604/icc_live_sp600_2026_0423.csv
2026-04-24,sp600,0.090774774400523,0.09869146668743393,572,ICC calculation,data/202604/icc_live_sp600_2026_0424.csv
2026-04-27,sp600,0.0921871723405168,0.09988525605724254,570,ICC calculation,data/202604/icc_live_sp600_2026_0427.csv
2026-04-29,sp600,0.09270560353206045,0.10013027302374528,570,ICC calculation,data/202604/icc_live_sp600_2026_0429.csv
2026-04-30,sp600,0.09247836078811593,0.10043022999761696,570,ICC calculation,data/202604/icc_live_sp600_2026_0430.csv
2026-05-01,sp600,0.09251978651376902,0.09991121729553921,568,ICC calculation,data/202605/icc_live_sp600_2026_0501.csv
2026-05-04,sp600,0.09291414036039015,0.10089648288774695,569,ICC calculation,data/202605/icc_live_sp600_2026_0504.csv
2026-05-05,sp600,0.09179653218722834,0.10053330631356971,572,ICC calculation,data/202605/icc_live_sp600_2026_0505.csv
2026-05-06,sp600,0.09170962502627161,0.10055512079478617,572,ICC calculation,data/202605/icc_live_sp600_2026_0506.csv
2026-05-07,sp600,0.09235578807997241,0.1006893355300614,572,ICC calculation,data/202605/icc_live_sp600_2026_0507.csv
2026-05-08,sp600,0.09143655771207214,0.09998379055108572,573,ICC calculation,data/202605/icc_live_sp600_2026_0508.csv
2026-05-11,sp600,0.0933375479500634,0.10183887505106358,571,ICC calculation,data/202605/icc_live_sp600_2026_0511.csv
2026-05-12,sp600,0.09405252119252121,0.10266727932944887,571,ICC calculation,data/202605/icc_live_sp600_2026_0512.csv
2026-05-13,sp600,0.09345365218355571,0.10294239998434249,570,ICC calculation,data/202605/icc_live_sp600_2026_0513.csv
2026-05-14,sp600,0.0928090658729499,0.10205168498084517,579,ICC calculation,data/202605/icc_live_sp600_2026_0514.csv
2026-05-15,sp600,0.09327539921451962,0.1025575292563686,580,ICC calculation,data/202605/icc_live_sp600_2026_0515.csv
2026-05-18,sp600,0.09337000442617104,0.10187609720751016,581,ICC calculation,data/202605/icc_live_sp600_2026_0518.csv
2026-05-19,sp600,0.09378280062545899,0.10258335621698975,581,ICC calculation,data/202605/icc_live_sp600_2026_0519.csv
2026-05-20,sp600,0.09292146593601096,0.10161286036127101,581,ICC calculation,data/202605/icc_live_sp600_2026_0520.csv
2026-05-21,sp600,0.09290308104731658,0.10145792374260179,581,ICC calculation,data/202605/icc_live_sp600_2026_0521.csv
2026-05-22,sp600,0.09247216218000857,0.10105206147452808,579,ICC calculation,data/202605/icc_live_sp600_2026_0522.csv
2026-05-25,sp600,0.0928849378591604,0.10118181093013122,580,ICC calculation,data/202605/icc_live_sp600_2026_0525.csv
2026-05-26,sp600,0.09196346575302516,0.10065561732723269,580,ICC calculation,data/202605/icc_live_sp600_2026_0526.csv
2026-05-27,sp600,0.09260072208225496,0.10101708060262515,579,ICC calculation,data/202605/icc_live_sp600_2026_0527.csv
2026-05-28,sp600,0.09028652528545213,0.09812926753320014,582,ICC calculation,data/202605/icc_live_sp600_2026_0528.csv
2026-05-29,sp600,0.09334708043062562,0.1013852615769737,578,ICC calculation,data/202605/icc_live_sp600_2026_0529.csv
2026-06-01,sp600,0.09352615212988784,0.10152800622720076,582,ICC calculation,data/202606/icc_live_sp600_2026_0601.csv
2026-06-02,sp600,0.09264378746778545,0.10099455798647233,581,ICC calculation,data/202606/icc_live_sp600_2026_0602.csv
2026-06-03,sp600,0.09303326040385633,0.10193629457924662,581,ICC calculation,data/202606/icc_live_sp600_2026_0603.csv
2026-06-04,sp600,0.09238031090986909,0.10103641795811147,581,ICC calculation,data/202606/icc_live_sp600_2026_0604.csv
2026-06-05,sp600,0.09340856769270893,0.10180047189480072,580,ICC calculation,data/202606/icc_live_sp600_2026_0605.csv
2026-06-08,sp600,0.09329672567146707,0.10174087838305805,582,ICC calculation,data/202606/icc_live_sp600_2026_0608.csv
2026-06-09,sp600,0.09281740731171882,0.10104394261684016,583,ICC calculation,data/202606/icc_live_sp600_2026_0609.csv
2026-06-10,sp600,0.09349284347225262,0.1014312466957986,583,ICC calculation,data/202606/icc_live_sp600_2026_0610.csv
2026-06-11,sp600,0.09214110121137585,0.1004388662968408,583,ICC calculation,data/202606/icc_live_sp600_2026_0611.csv
2026-06-12,sp600,0.09187729369418417,0.099973972883836,583,ICC calculation,data/202606/icc_live_sp600_2026_0612.csv
2026-06-15,sp600,0.09157458634249321,0.10020985708381022,583,ICC calculation,data/202606/icc_live_sp600_2026_0615.csv
2026-06-16,sp600,0.0918757088857333,0.10032265088260404,583,ICC calculation,data/202606/icc_live_sp600_2026_0616.csv
2026-06-17,sp600,0.0906632576452447,0.09898880705534646,583,ICC calculation,data/202606/icc_live_sp600_2026_0617.csv
2026-06-18,sp600,0.08957327214843039,0.09824764356836119,583,ICC calculation,data/202606/icc_live_sp600_2026_0618.csv
2026-06-19,sp600,0.08943722178172947,0.09810077765659758,583,ICC calculation,data/202606/icc_live_sp600_2026_0619.csv
2026-06-22,sp600,0.09125149379573104,0.10105781179510473,582,ICC calculation,data/202606/icc_live_sp600_2026_0622.csv
2026-06-23,sp600,0.09170414407607609,0.10120103195026127,582,ICC calculation,data/202606/icc_live_sp600_2026_0623.csv
2026-06-24,sp600,0.09117478769453173,0.10037777684964216,583,ICC calculation,data/202606/icc_live_sp600_2026_0624.csv
2026-06-25,sp600,0.09030061153947695,0.09964954100125219,583,ICC calculation,data/202606/icc_live_sp600_2026_0625.csv
2026-06-26,sp600,0.08994117489922392,0.09855518465276444,583,ICC calculation,data/202606/icc_live_sp600_2026_0626.csv
2026-06-29,sp600,0.0899966509086919,0.0989044737627234,583,ICC calculation,data/202606/icc_live_sp600_2026_0629.csv
2026-06-30,sp600,0.08934697813925897,0.09865231084458682,583,ICC calculation,data/202606/icc_live_sp600_2026_0630.csv
2026-07-01,sp600,0.0899619427396602,0.09867187326992982,583,ICC calculation,data/202607/icc_live_sp600_2026_0701.csv
2026-07-02,sp600,0.09043990774131656,0.09878470744803938,583,ICC calculation,data/202607/icc_live_sp600_2026_0702.csv
2026-07-03,sp600,0.0903408637367791,0.09859327058873156,583,ICC calculation,data/202607/icc_live_sp600_2026_0703.csv
2026-07-06,sp600,0.09016796385987368,0.09831594571468026,582,ICC calculation,data/202607/icc_live_sp600_2026_0706.csv
2026-07-07,sp600,0.09069101034745354,0.09853269704558874,582,ICC calculation,data/202607/icc_live_sp600_2026_0707.csv
2026-07-08,sp600,0.09135798201174732,0.09947244300577747,582,ICC calculation,data/202607/icc_live_sp600_2026_0708.csv
2026-07-09,sp600,0.09139563213640285,0.0985744142158165,583,ICC calculation,data/202607/icc_live_sp600_2026_0709.csv
2026-07-10,sp600,0.09112938718577797,0.09797380672809143,583,ICC calculation,data/202607/icc_live_sp600_2026_0710.csv
2026-07-13,sp600,0.09146864361292883,0.0980238007186999,579,ICC calculation,data/202607/icc_live_sp600_2026_0713.csv
2026-07-14,sp600,0.0910995375462282,0.09802952727908221,584,ICC calculation,data/202607/icc_live_sp600_2026_0714.csv
2026-07-15,sp600,0.09095936700589363,0.09758103702627675,584,ICC calculation,data/202607/icc_live_sp600_2026_0715.csv
2026-07-16,sp600,0.08838571327313795,0.09429183765648375,584,ICC calculation,data/202607/icc_live_sp600_2026_0716.csv
2026-07-17,sp600,0.0918062912497993,0.09800875994990953,543,ICC calculation,data/202607/icc_live_sp600_2026_0717.csv
2026-07-20,sp600,0.09175873927729088,0.09800425680328152,584,ICC calculation,data/202607/icc_live_sp600_2026_0720.csv
2026-07-21,sp600,0.0908785874776001,0.0976310891081331,583,ICC calculation,data/202607/icc_live_sp600_2026_0721.csv
2026-07-22,sp600,0.09182594839433704,0.09835839068674554,583,ICC calculation,data/202607/icc_live_sp600_2026_0722.csv
2026-07-23,sp600,0.09327955622961437,0.10019483396192315,561,ICC calculation,data/202607/icc_live_sp600_2026_0723.csv
2026-07-24,sp600,0.09276502424606115,0.09899504888819562,583,ICC calculation,data/202607/icc_live_sp600_2026_0724.csv
2026-07-27,sp600,0.09270910790286527,0.0988992906389392,583,ICC calculation,data/202607/icc_live_sp600_2026_0727.csv
2026-07-28,sp600,0.09229354009121668,0.09815182113381161,583,ICC calculation,data/202607/icc_live_sp600_2026_0728.csv
2026-07-29,sp600,0.09332700244028315,0.09858757336954295,507,ICC calculation,data/202607/icc_live_sp600_2026_0729.csv
2026-07-30,sp600,0.09172064862393287,0.09773613020409613,511,ICC calculation,data/202607/icc_live_sp600_2026_0730.csv
2026-07-31,sp600,0.09173797080800872,0.09789093677264235,514,ICC calculation,data/202607/icc_live_sp600_2026_0731.csv
2026-08-03,sp600,0.09135555657371715,0.09694096207815131,518,ICC calculation,data/202608/icc_live_sp600_2026_0803.csv
2026-08-04,sp600,0.09039134536971165,0.09625925820130773,529,ICC calculation,data/202608/icc_live_sp600_2026_0804.csv
2026-08-05,sp600,0.09055714676516385,0.09663697317396949,582,ICC calculation,data/202608/icc_live_sp600_2026_0805.csv
2026-08-06,sp600,0.09066209218903432,0.09677942364799351,534,ICC calculation,data/202608/icc_live_sp600_2026_0806.csv
2026-08-07,sp600,0.09149722087016313,0.09695172716414577,581,ICC calculation,data/202608/icc_live_sp600_2026_0807.csv
2026-08-10,sp600,0.09199574772882779,0.09788552529984129,582,ICC calculation,data/202608/icc_live_sp600_2026_0810.csv
2026-08-11,sp600,0.09132854771635124,0.09703583707416341,560,ICC calculation,data/202608/icc_live_sp600_2026_0811.csv
2026-08-12,sp600,0.09098662855865577,0.0968135420416539,562,ICC calculation,data/202608/icc_live_sp600_2026_0812.csv
2026-08-13,sp600,0.0909342091105542,0.09646556877268413,566,ICC calculation,data/202608/icc_live_sp600_2026_0813.csv
2026-08-14,sp600,0.09029013047383581,0.09607144150936951,570,ICC calculation,data/202608/icc_live_sp600_2026_0814.csv
2026-08-17,sp600,0.09042967862417402,0.09659844195214508,584,ICC calculation,data/202608/icc_live_sp600_2026_0817.csv
2026-08-18,sp600,0.0892293882046911,0.09477187050048992,584,ICC calculation,data/202608/icc_live_sp600_2026_0818.csv
2026-08-19,sp600,0.09063732516764045,0.09600805720974728,571,ICC calculation,data/202608/icc_live_sp600_2026_0819.csv
2026-08-20,sp600,0.0915891404095674,0.09708297000548824,571,ICC calculation,data/202608/icc_live_sp600_2026_0820.csv
2026-08-21,sp600,0.09119755862999981,0.09648409212187971,571,ICC calculation,data/202608/icc_live_sp600_2026_0821.csv
2026-08-24,sp600,0.09145424891387095,0.09679123112811772,571,ICC calculation,data/202608/icc_live_sp600_2026_0824.csv
2026-08-25,sp600,0.09152800986002194,0.0967362792374467,572,ICC calculation,data/202608/icc_live_sp600_2026_0825.csv
2026-08-26,sp600,0.09152555515600426,0.09678075299865843,572,ICC calculation,data/202608/icc_live_sp600_2026_0826.csv
2026-08-31,sp600,0.092332361642969,0.097759875013551,584,ICC calculation,data/202608/icc_live_sp600_2026_0831.csv
2026-09-01,sp600,0.09299554408428075,0.09851648897249962,584,ICC calculation,data/202609/icc_live_sp600_2026_0901.csv
2026-09-02,sp600,0.09274827869366435,0.09800005076330458,584,ICC calculation,data/202609/icc_live_sp600_2026_0902.csv
2026-09-03,sp600,0.09191890030807301,0.09725154312997168,584,ICC calculation,data/202609/icc_live_sp600_2026_0903.csv
