ticker,date
A,2026-01-02
AA,2026-01-02
AAL,2026-01-02
AAMI,2026-01-02
AAOI,2026-01-02
AAON,2026-01-02
AAP,2026-01-02
AAPL,2026-01-02
AAT,2026-01-02
AB,2026-01-02
ABBV,2026-01-02
ABCB,2026-01-02
ABEV,2026-01-02
ABG,2026-01-02
ABM,2026-01-02
ABNB,2026-01-02
ABR,2026-01-02
ABT,2026-01-02
ABTC,2026-01-02
ABX,2026-01-02
ACA,2026-01-02
ACAD,2026-01-02
ACCO,2026-01-02
ACEL,2026-01-02
ACGL,2026-01-02
ACHC,2026-01-02
ACI,2026-01-02
ACIC,2026-01-02
ACIW,2026-01-02
ACLS,2026-01-02
ACM,2026-01-02
ACMR,2026-01-02
ACN,2026-01-02
ACNB,2026-01-02
ACNT,2026-01-02
ACR,2026-01-02
ACRE,2026-01-02
ACT,2026-01-02
ACTG,2026-01-02
ACVA,2026-01-02
ADAM,2026-01-02
ADBE,2026-01-02
ADC,2026-01-02
ADEA,2026-01-02
ADI,2026-01-02
ADM,2026-01-02
ADMA,2026-01-02
ADNT,2026-01-02
ADP,2026-01-02
ADSE,2026-01-02
ADSK,2026-01-02
ADT,2026-01-02
ADTN,2026-01-02
ADUS,2026-01-02
ADV,2026-01-02
AEBI,2026-01-02
AEE,2026-01-02
AEG,2026-01-02
AEHR,2026-01-02
AEIS,2026-01-02
AEM,2026-01-02
AENT,2026-01-02
AEO,2026-01-02
AEP,2026-01-02
AER,2026-01-02
AERO,2026-01-02
AES,2026-01-02
AEYE,2026-01-02
AFCG,2026-01-02
AFG,2026-01-02
AFL,2026-01-02
AFRM,2026-01-02
AFYA,2026-01-02
AG,2026-01-02
AGCO,2026-01-02
AGEN,2026-01-02
AGI,2026-01-02
AGM,2026-01-02
AGNC,2026-01-02
AGO,2026-01-02
AGRO,2026-01-02
AGX,2026-01-02
AGYS,2026-01-02
AHCO,2026-01-02
AHH,2026-01-02
AHL,2026-01-02
AHR,2026-01-02
AIFU,2026-01-02
AIG,2026-01-02
AII,2026-01-02
AIN,2026-01-02
AIOT,2026-01-02
AIR,2026-01-02
AIRG,2026-01-02
AIRJ,2026-01-02
AISP,2026-01-02
AIT,2026-01-02
AIZ,2026-01-02
AJG,2026-01-02
AKAM,2026-01-02
AKBA,2026-01-02
AKO-B,2026-01-02
AKR,2026-01-02
AL,2026-01-02
ALAB,2026-01-02
ALAR,2026-01-02
ALB,2026-01-02
ALC,2026-01-02
ALDX,2026-01-02
ALEX,2026-01-02
ALG,2026-01-02
ALGM,2026-01-02
ALGN,2026-01-02
ALGT,2026-01-02
ALH,2026-01-02
ALHC,2026-01-02
ALIT,2026-01-02
ALK,2026-01-02
ALKS,2026-01-02
ALKT,2026-01-02
ALL,2026-01-02
ALLE,2026-01-02
ALLT,2026-01-02
ALLY,2026-01-02
ALM,2026-01-02
ALNT,2026-01-02
ALNY,2026-01-02
ALOT,2026-01-02
ALRM,2026-01-02
ALRS,2026-01-02
ALSN,2026-01-02
ALTG,2026-01-02
ALTI,2026-01-02
ALV,2026-01-02
ALVO,2026-01-02
ALX,2026-01-02
AM,2026-01-02
AMAL,2026-01-02
AMAT,2026-01-02
AMBA,2026-01-02
AMBP,2026-01-02
AMCR,2026-01-02
AMCX,2026-01-02
AMD,2026-01-02
AME,2026-01-02
AMG,2026-01-02
AMGN,2026-01-02
AMH,2026-01-02
AMKR,2026-01-02
AMN,2026-01-02
AMP,2026-01-02
AMPG,2026-01-02
AMPH,2026-01-02
AMPL,2026-01-02
AMPY,2026-01-02
AMR,2026-01-02
AMRC,2026-01-02
AMRN,2026-01-02
AMRX,2026-01-02
AMRZ,2026-01-02
AMSC,2026-01-02
AMSF,2026-01-02
AMT,2026-01-02
AMTB,2026-01-02
AMTM,2026-01-02
AMWD,2026-01-02
AMX,2026-01-02
AMZN,2026-01-02
AN,2026-01-02
ANDE,2026-01-02
ANET,2026-01-02
ANF,2026-01-02
ANGI,2026-01-02
ANIK,2026-01-02
ANIP,2026-01-02
ANTA,2026-01-02
AOMR,2026-01-02
AON,2026-01-02
AORT,2026-01-02
AOS,2026-01-02
AOSL,2026-01-02
AOUT,2026-01-02
AP,2026-01-02
APA,2026-01-02
APAM,2026-01-02
APD,2026-01-02
APEI,2026-01-02
APG,2026-01-02
APH,2026-01-02
API,2026-01-02
APLE,2026-01-02
APLS,2026-01-02
APO,2026-01-02
APOG,2026-01-02
APP,2026-01-02
APPF,2026-01-02
APPN,2026-01-02
APPS,2026-01-02
APTV,2026-01-02
AQN,2026-01-02
AR,2026-01-02
ARCB,2026-01-02
ARCC,2026-01-02
ARCO,2026-01-02
ARDT,2026-01-02
ARDX,2026-01-02
ARE,2026-01-02
AREB,2026-01-02
ARES,2026-01-02
ARGX,2026-01-02
ARHS,2026-01-02
ARI,2026-01-02
ARKO,2026-01-02
ARLO,2026-01-02
ARLP,2026-01-02
ARM,2026-01-02
ARMK,2026-01-02
AROC,2026-01-02
AROW,2026-01-02
ARQT,2026-01-02
ARR,2026-01-02
ARRY,2026-01-02
ARTNA,2026-01-02
ARW,2026-01-02
ARX,2026-01-02
AS,2026-01-02
ASAN,2026-01-02
ASB,2026-01-02
ASC,2026-01-02
ASGN,2026-01-02
ASH,2026-01-02
ASIC,2026-01-02
ASIX,2026-01-02
ASLE,2026-01-02
ASML,2026-01-02
ASND,2026-01-02
ASO,2026-01-02
ASR,2026-01-02
ASRT,2026-01-02
ASTE,2026-01-02
ASTH,2026-01-02
ASUR,2026-01-02
ASX,2026-01-02
ASYS,2026-01-02
ATAT,2026-01-02
ATEC,2026-01-02
ATEN,2026-01-02
ATEX,2026-01-02
ATGE,2026-01-02
ATHM,2026-01-02
ATI,2026-01-02
ATKR,2026-01-02
ATLC,2026-01-02
ATMU,2026-01-02
ATNI,2026-01-02
ATO,2026-01-02
ATR,2026-01-02
ATRA,2026-01-02
ATRO,2026-01-02
ATS,2026-01-02
AU,2026-01-02
AUB,2026-01-02
AUDC,2026-01-02
AUGO,2026-01-02
AUNA,2026-01-02
AUPH,2026-01-02
AVA,2026-01-02
AVAH,2026-01-02
AVAL,2026-01-02
AVAV,2026-01-02
AVB,2026-01-02
AVBC,2026-01-02
AVBH,2026-01-02
AVD,2026-01-02
AVDL,2026-01-02
AVGO,2026-01-02
AVNS,2026-01-02
AVNT,2026-01-02
AVNW,2026-01-02
AVO,2026-01-02
AVPT,2026-01-02
AVT,2026-01-02
AVTR,2026-01-02
AVXL,2026-01-02
AVY,2026-01-02
AWI,2026-01-02
AWK,2026-01-02
AWR,2026-01-02
AX,2026-01-02
AXGN,2026-01-02
AXIA,2026-01-02
AXL,2026-01-02
AXON,2026-01-02
AXP,2026-01-02
AXR,2026-01-02
AXS,2026-01-02
AXSM,2026-01-02
AXTA,2026-01-02
AXTI,2026-01-02
AYI,2026-01-02
AYTU,2026-01-02
AZN,2026-01-02
AZO,2026-01-02
AZTA,2026-01-02
AZZ,2026-01-02
B,2026-01-02
BA,2026-01-02
BABA,2026-01-02
BAC,2026-01-02
BAH,2026-01-02
BALL,2026-01-02
BAM,2026-01-02
BANC,2026-01-02
BAND,2026-01-02
BANF,2026-01-02
BANR,2026-01-02
BANX,2026-01-02
BAP,2026-01-02
BAX,2026-01-02
BB,2026-01-02
BBAR,2026-01-02
BBCP,2026-01-02
BBD,2026-01-02
BBDC,2026-01-02
BBSI,2026-01-02
BBT,2026-01-02
BBU,2026-01-02
BBVA,2026-01-02
BBW,2026-01-02
BBWI,2026-01-02
BBY,2026-01-02
BC,2026-01-02
BCAL,2026-01-02
BCBP,2026-01-02
BCC,2026-01-02
BCE,2026-01-02
BCH,2026-01-02
BCIC,2026-01-02
BCML,2026-01-02
BCO,2026-01-02
BCPC,2026-01-02
BCRX,2026-01-02
BCS,2026-01-02
BCSF,2026-01-02
BDC,2026-01-02
BDTX,2026-01-02
BDX,2026-01-02
BE,2026-01-02
BEKE,2026-01-02
BELFA,2026-01-02
BELFB,2026-01-02
BEN,2026-01-02
BENF,2026-01-02
BF-B,2026-01-02
BFAM,2026-01-02
BFC,2026-01-02
BFH,2026-01-02
BFIN,2026-01-02
BFS,2026-01-02
BFST,2026-01-02
BG,2026-01-02
BGC,2026-01-02
BGS,2026-01-02
BGSF,2026-01-02
BGSI,2026-01-02
BHC,2026-01-02
BHE,2026-01-02
BHF,2026-01-02
BHP,2026-01-02
BHRB,2026-01-02
BIDU,2026-01-02
BIIB,2026-01-02
BILI,2026-01-02
BILL,2026-01-02
BIO,2026-01-02
BIOX,2026-01-02
BIP,2026-01-02
BIPC,2026-01-02
BIRK,2026-01-02
BJ,2026-01-02
BJRI,2026-01-02
BK,2026-01-02
BKE,2026-01-02
BKH,2026-01-02
BKKT,2026-01-02
BKNG,2026-01-02
BKR,2026-01-02
BKU,2026-01-02
BKV,2026-01-02
BL,2026-01-02
BLBD,2026-01-02
BLCO,2026-01-02
BLD,2026-01-02
BLDR,2026-01-02
BLFS,2026-01-02
BLIN,2026-01-02
BLK,2026-01-02
BLKB,2026-01-02
BLLN,2026-01-02
BLMN,2026-01-02
BLND,2026-01-02
BLSH,2026-01-02
BLX,2026-01-02
BLZE,2026-01-02
BMA,2026-01-02
BMBL,2026-01-02
BMI,2026-01-02
BMO,2026-01-02
BMRA,2026-01-02
BMRC,2026-01-02
BMRN,2026-01-02
BMY,2026-01-02
BN,2026-01-02
BNC,2026-01-02
BNL,2026-01-02
BNS,2026-01-02
BOH,2026-01-02
BOKF,2026-01-02
BON,2026-01-02
BOOM,2026-01-02
BOOT,2026-01-02
BORR,2026-01-02
BOW,2026-01-02
BOX,2026-01-02
BP,2026-01-02
BPOP,2026-01-02
BPRN,2026-01-02
BR,2026-01-02
BRBR,2026-01-02
BRC,2026-01-02
BRCB,2026-01-02
BRK-A,2026-01-02
BRK-B,2026-01-02
BRKR,2026-01-02
BRLT,2026-01-02
BRO,2026-01-02
BROS,2026-01-02
BRSL,2026-01-02
BRSP,2026-01-02
BRX,2026-01-02
BRZE,2026-01-02
BSAC,2026-01-02
BSBK,2026-01-02
BSBR,2026-01-02
BSET,2026-01-02
BSM,2026-01-02
BSRR,2026-01-02
BSVN,2026-01-02
BSX,2026-01-02
BSY,2026-01-02
BTCS,2026-01-02
BTDR,2026-01-02
BTE,2026-01-02
BTI,2026-01-02
BTM,2026-01-02
BTMD,2026-01-02
BTO,2026-01-02
BTSG,2026-01-02
BTU,2026-01-02
BUD,2026-01-02
BULL,2026-01-02
BUR,2026-01-02
BURL,2026-01-02
BUSE,2026-01-02
BV,2026-01-02
BVN,2026-01-02
BVS,2026-01-02
BWA,2026-01-02
BWAY,2026-01-02
BWB,2026-01-02
BWEN,2026-01-02
BWFG,2026-01-02
BWIN,2026-01-02
BWMN,2026-01-02
BWMX,2026-01-02
BWXT,2026-01-02
BX,2026-01-02
BXC,2026-01-02
BXMT,2026-01-02
BXP,2026-01-02
BXSL,2026-01-02
BY,2026-01-02
BYD,2026-01-02
BYRN,2026-01-02
BZ,2026-01-02
BZH,2026-01-02
BZUN,2026-01-02
C,2026-01-02
CAAP,2026-01-02
CAAS,2026-01-02
CABO,2026-01-02
CAC,2026-01-02
CACC,2026-01-02
CACI,2026-01-02
CADE,2026-01-02
CAE,2026-01-02
CAG,2026-01-02
CAH,2026-01-02
CAI,2026-01-02
CAKE,2026-01-02
CAL,2026-01-02
CALM,2026-01-02
CALX,2026-01-02
CAMT,2026-01-02
CAN,2026-01-02
CANG,2026-01-02
CAPL,2026-01-02
CAPR,2026-01-02
CAR,2026-01-02
CARE,2026-01-02
CARG,2026-01-02
CARR,2026-01-02
CARS,2026-01-02
CART,2026-01-02
CASH,2026-01-02
CASS,2026-01-02
CASY,2026-01-02
CAT,2026-01-02
CATO,2026-01-02
CATY,2026-01-02
CAVA,2026-01-02
CB,2026-01-02
CBAN,2026-01-02
CBAT,2026-01-02
CBC,2026-01-02
CBFV,2026-01-02
CBK,2026-01-02
CBNA,2026-01-02
CBNK,2026-01-02
CBRE,2026-01-02
CBRL,2026-01-02
CBSH,2026-01-02
CBT,2026-01-02
CBU,2026-01-02
CBZ,2026-01-02
CC,2026-01-02
CCAP,2026-01-02
CCB,2026-01-02
CCBG,2026-01-02
CCC,2026-01-02
CCEC,2026-01-02
CCEP,2026-01-02
CCG,2026-01-02
CCI,2026-01-02
CCIF,2026-01-02
CCJ,2026-01-02
CCK,2026-01-02
CCL,2026-01-02
CCLD,2026-01-02
CCNE,2026-01-02
CCO,2026-01-02
CCRN,2026-01-02
CCS,2026-01-02
CCSI,2026-01-02
CCU,2026-01-02
CDE,2026-01-02
CDNA,2026-01-02
CDNS,2026-01-02
CDP,2026-01-02
CDRE,2026-01-02
CDRO,2026-01-02
CDW,2026-01-02
CDZI,2026-01-02
CE,2026-01-02
CECO,2026-01-02
CEG,2026-01-02
CELH,2026-01-02
CENT,2026-01-02
CENTA,2026-01-02
CENX,2026-01-02
CEPU,2026-01-02
CERT,2026-01-02
CETX,2026-01-02
CEVA,2026-01-02
CF,2026-01-02
CFBK,2026-01-02
CFFN,2026-01-02
CFG,2026-01-02
CFLT,2026-01-02
CFR,2026-01-02
CG,2026-01-02
CGAU,2026-01-02
CGBD,2026-01-02
CGC,2026-01-02
CGNT,2026-01-02
CGNX,2026-01-02
CHA,2026-01-02
CHCO,2026-01-02
CHCT,2026-01-02
CHD,2026-01-02
CHDN,2026-01-02
CHE,2026-01-02
CHEF,2026-01-02
CHGG,2026-01-02
CHH,2026-01-02
CHKP,2026-01-02
CHMG,2026-01-02
CHMI,2026-01-02
CHRD,2026-01-02
CHRW,2026-01-02
CHT,2026-01-02
CHTR,2026-01-02
CHW,2026-01-02
CHWY,2026-01-02
CHYM,2026-01-02
CI,2026-01-02
CIA,2026-01-02
CIB,2026-01-02
CIEN,2026-01-02
CIFR,2026-01-02
CIG,2026-01-02
CIGI,2026-01-02
CIM,2026-01-02
CINF,2026-01-02
CINT,2026-01-02
CION,2026-01-02
CIVB,2026-01-02
CIVI,2026-01-02
CL,2026-01-02
CLAR,2026-01-02
CLB,2026-01-02
CLBK,2026-01-02
CLBT,2026-01-02
CLCO,2026-01-02
CLF,2026-01-02
CLFD,2026-01-02
CLH,2026-01-02
CLMB,2026-01-02
CLMT,2026-01-02
CLOV,2026-01-02
CLPR,2026-01-02
CLS,2026-01-02
CLSK,2026-01-02
CLVT,2026-01-02
CLX,2026-01-02
CM,2026-01-02
CMA,2026-01-02
CMBT,2026-01-02
CMC,2026-01-02
CMCM,2026-01-02
CMCO,2026-01-02
CMCSA,2026-01-02
CME,2026-01-02
CMG,2026-01-02
CMI,2026-01-02
CMP,2026-01-02
CMPO,2026-01-02
CMPR,2026-01-02
CMRC,2026-01-02
CMRE,2026-01-02
CMS,2026-01-02
CNA,2026-01-02
CNC,2026-01-02
CNF,2026-01-02
CNH,2026-01-02
CNI,2026-01-02
CNK,2026-01-02
CNM,2026-01-02
CNMD,2026-01-02
CNO,2026-01-02
CNOB,2026-01-02
CNP,2026-01-02
CNQ,2026-01-02
CNR,2026-01-02
CNS,2026-01-02
CNX,2026-01-02
CNXC,2026-01-02
CNXN,2026-01-02
COCO,2026-01-02
CODA,2026-01-02
CODI,2026-01-02
COF,2026-01-02
COFS,2026-01-02
COHR,2026-01-02
COHU,2026-01-02
COIN,2026-01-02
COKE,2026-01-02
COLB,2026-01-02
COLD,2026-01-02
COLL,2026-01-02
COLM,2026-01-02
COMM,2026-01-02
COMP,2026-01-02
CON,2026-01-02
COO,2026-01-02
COOK,2026-01-02
COP,2026-01-02
COR,2026-01-02
CORT,2026-01-02
CORZ,2026-01-02
COSO,2026-01-02
COST,2026-01-02
COTY,2026-01-02
COUR,2026-01-02
CP,2026-01-02
CPA,2026-01-02
CPAC,2026-01-02
CPAY,2026-01-02
CPB,2026-01-02
CPF,2026-01-02
CPIX,2026-01-02
CPK,2026-01-02
CPNG,2026-01-02
CPRI,2026-01-02
CPRT,2026-01-02
CPRX,2026-01-02
CPS,2026-01-02
CPSH,2026-01-02
CPSS,2026-01-02
CPT,2026-01-02
CQP,2026-01-02
CR,2026-01-02
CRAI,2026-01-02
CRBG,2026-01-02
CRC,2026-01-02
CRCL,2026-01-02
CRCT,2026-01-02
CRD-A,2026-01-02
CRD-B,2026-01-02
CRDO,2026-01-02
CRESY,2026-01-02
CREX,2026-01-02
CRGY,2026-01-02
CRH,2026-01-02
CRI,2026-01-02
CRK,2026-01-02
CRL,2026-01-02
CRM,2026-01-02
CRMD,2026-01-02
CRMT,2026-01-02
CRNC,2026-01-02
CRNT,2026-01-02
CRON,2026-01-02
CROX,2026-01-02
CRS,2026-01-02
CRSR,2026-01-02
CRTO,2026-01-02
CRUS,2026-01-02
CRWD,2026-01-02
CRWS,2026-01-02
CSAN,2026-01-02
CSBR,2026-01-02
CSCO,2026-01-02
CSGP,2026-01-02
CSGS,2026-01-02
CSL,2026-01-02
CSTM,2026-01-02
CSV,2026-01-02
CSW,2026-01-02
CSWC,2026-01-02
CSX,2026-01-02
CTAS,2026-01-02
CTBI,2026-01-02
CTKB,2026-01-02
CTLP,2026-01-02
CTO,2026-01-02
CTOS,2026-01-02
CTRA,2026-01-02
CTRE,2026-01-02
CTRI,2026-01-02
CTRN,2026-01-02
CTS,2026-01-02
CTSH,2026-01-02
CTVA,2026-01-02
CTW,2026-01-02
CTXR,2026-01-02
CUBE,2026-01-02
CUBI,2026-01-02
CUK,2026-01-02
CURB,2026-01-02
CURI,2026-01-02
CUZ,2026-01-02
CVBF,2026-01-02
CVCO,2026-01-02
CVE,2026-01-02
CVEO,2026-01-02
CVGW,2026-01-02
CVI,2026-01-02
CVLG,2026-01-02
CVLT,2026-01-02
CVNA,2026-01-02
CVS,2026-01-02
CVV,2026-01-02
CVX,2026-01-02
CW,2026-01-02
CWAN,2026-01-02
CWBC,2026-01-02
CWCO,2026-01-02
CWEN,2026-01-02
CWEN-A,2026-01-02
CWH,2026-01-02
CWK,2026-01-02
CWST,2026-01-02
CWT,2026-01-02
CX,2026-01-02
CXDO,2026-01-02
CXM,2026-01-02
CXT,2026-01-02
CXW,2026-01-02
CYBR,2026-01-02
CYD,2026-01-02
CYH,2026-01-02
CZFS,2026-01-02
CZNC,2026-01-02
CZR,2026-01-02
CZWI,2026-01-02
D,2026-01-02
DAC,2026-01-02
DAIO,2026-01-02
DAKT,2026-01-02
DAL,2026-01-02
DAN,2026-01-02
DAO,2026-01-02
DAR,2026-01-02
DASH,2026-01-02
DAVA,2026-01-02
DAVE,2026-01-02
DAY,2026-01-02
DB,2026-01-02
DBD,2026-01-02
DBI,2026-01-02
DBRG,2026-01-02
DBX,2026-01-02
DCBO,2026-01-02
DCI,2026-01-02
DCO,2026-01-02
DCOM,2026-01-02
DCTH,2026-01-02
DD,2026-01-02
DDI,2026-01-02
DDL,2026-01-02
DDOG,2026-01-02
DDS,2026-01-02
DE,2026-01-02
DEA,2026-01-02
DEC,2026-01-02
DECK,2026-01-02
DEFT,2026-01-02
DEI,2026-01-02
DELL,2026-01-02
DENN,2026-01-02
DEO,2026-01-02
DFDV,2026-01-02
DFH,2026-01-02
DFIN,2026-01-02
DG,2026-01-02
DGICA,2026-01-02
DGII,2026-01-02
DGX,2026-01-02
DH,2026-01-02
DHI,2026-01-02
DHR,2026-01-02
DHT,2026-01-02
DHX,2026-01-02
DIN,2026-01-02
DINO,2026-01-02
DIOD,2026-01-02
DIS,2026-01-02
DK,2026-01-02
DKL,2026-01-02
DKNG,2026-01-02
DKS,2026-01-02
DLB,2026-01-02
DLNG,2026-01-02
DLO,2026-01-02
DLPN,2026-01-02
DLR,2026-01-02
DLTR,2026-01-02
DLX,2026-01-02
DNOW,2026-01-02
DOC,2026-01-02
DOCN,2026-01-02
DOCS,2026-01-02
DOCU,2026-01-02
DOLE,2026-01-02
DOO,2026-01-02
DORM,2026-01-02
DOUG,2026-01-02
DOV,2026-01-02
DOX,2026-01-02
DOYU,2026-01-02
DPZ,2026-01-02
DRD,2026-01-02
DRH,2026-01-02
DRI,2026-01-02
DRS,2026-01-02
DRVN,2026-01-02
DSGR,2026-01-02
DSGX,2026-01-02
DSP,2026-01-02
DSX,2026-01-02
DT,2026-01-02
DTE,2026-01-02
DTI,2026-01-02
DTM,2026-01-02
DTSS,2026-01-02
DTST,2026-01-02
DUK,2026-01-02
DUOL,2026-01-02
DUOT,2026-01-02
DV,2026-01-02
DVA,2026-01-02
DVAX,2026-01-02
DVN,2026-01-02
DX,2026-01-02
DXC,2026-01-02
DXCM,2026-01-02
DXPE,2026-01-02
DY,2026-01-02
E,2026-01-02
EA,2026-01-02
EARN,2026-01-02
EAT,2026-01-02
EBAY,2026-01-02
EBC,2026-01-02
EBF,2026-01-02
EBMT,2026-01-02
EBS,2026-01-02
EC,2026-01-02
ECC,2026-01-02
ECG,2026-01-02
ECL,2026-01-02
ECO,2026-01-02
ECPG,2026-01-02
ECVT,2026-01-02
ECX,2026-01-02
ED,2026-01-02
EDN,2026-01-02
EDRY,2026-01-02
EDU,2026-01-02
EDUC,2026-01-02
EE,2026-01-02
EEFT,2026-01-02
EEX,2026-01-02
EFC,2026-01-02
EFR,2026-01-02
EFSC,2026-01-02
EFSI,2026-01-02
EFX,2026-01-02
EFXT,2026-01-02
EG,2026-01-02
EGAN,2026-01-02
EGBN,2026-01-02
EGHT,2026-01-02
EGO,2026-01-02
EGP,2026-01-02
EGY,2026-01-02
EH,2026-01-02
EHAB,2026-01-02
EHC,2026-01-02
EHTH,2026-01-02
EIC,2026-01-02
EIG,2026-01-02
EIX,2026-01-02
EL,2026-01-02
ELAN,2026-01-02
ELF,2026-01-02
ELS,2026-01-02
ELTK,2026-01-02
ELV,2026-01-02
ELVA,2026-01-02
EM,2026-01-02
EMA,2026-01-02
EMBC,2026-01-02
EMBJ,2026-01-02
EME,2026-01-02
EMN,2026-01-02
EMR,2026-01-02
ENB,2026-01-02
ENIC,2026-01-02
ENLT,2026-01-02
ENOV,2026-01-02
ENPH,2026-01-02
ENR,2026-01-02
ENS,2026-01-02
ENSG,2026-01-02
ENTG,2026-01-02
ENVA,2026-01-02
EOG,2026-01-02
EOLS,2026-01-02
EPAC,2026-01-02
EPAM,2026-01-02
EPC,2026-01-02
EPD,2026-01-02
EPR,2026-01-02
EPRT,2026-01-02
EPSN,2026-01-02
EQBK,2026-01-02
EQH,2026-01-02
EQIX,2026-01-02
EQNR,2026-01-02
EQR,2026-01-02
EQT,2026-01-02
ERIC,2026-01-02
ERIE,2026-01-02
ERII,2026-01-02
ERO,2026-01-02
ES,2026-01-02
ESAB,2026-01-02
ESCA,2026-01-02
ESE,2026-01-02
ESEA,2026-01-02
ESI,2026-01-02
ESLT,2026-01-02
ESNT,2026-01-02
ESOA,2026-01-02
ESPR,2026-01-02
ESQ,2026-01-02
ESRT,2026-01-02
ESS,2026-01-02
ESTC,2026-01-02
ET,2026-01-02
ETD,2026-01-02
ETN,2026-01-02
ETON,2026-01-02
ETOR,2026-01-02
ETR,2026-01-02
ETSY,2026-01-02
EUDA,2026-01-02
EVCM,2026-01-02
EVER,2026-01-02
EVH,2026-01-02
EVR,2026-01-02
EVRG,2026-01-02
EVTC,2026-01-02
EVTL,2026-01-02
EW,2026-01-02
EWBC,2026-01-02
EWCZ,2026-01-02
EXAS,2026-01-02
EXC,2026-01-02
EXE,2026-01-02
EXEL,2026-01-02
EXFY,2026-01-02
EXK,2026-01-02
EXLS,2026-01-02
EXP,2026-01-02
EXPD,2026-01-02
EXPE,2026-01-02
EXPI,2026-01-02
EXPO,2026-01-02
EXR,2026-01-02
EXTR,2026-01-02
EYE,2026-01-02
EZPW,2026-01-02
F,2026-01-02
FA,2026-01-02
FAF,2026-01-02
FANG,2026-01-02
FAST,2026-01-02
FBIN,2026-01-02
FBIZ,2026-01-02
FBK,2026-01-02
FBNC,2026-01-02
FBP,2026-01-02
FBRT,2026-01-02
FC,2026-01-02
FCBC,2026-01-02
FCCO,2026-01-02
FCF,2026-01-02
FCFS,2026-01-02
FCN,2026-01-02
FCNCA,2026-01-02
FCPT,2026-01-02
FCX,2026-01-02
FDP,2026-01-02
FDS,2026-01-02
FDUS,2026-01-02
FDX,2026-01-02
FE,2026-01-02
FEDU,2026-01-02
FEIM,2026-01-02
FELE,2026-01-02
FENC,2026-01-02
FENG,2026-01-02
FER,2026-01-02
FERG,2026-01-02
FET,2026-01-02
FF,2026-01-02
FFBC,2026-01-02
FFIC,2026-01-02
FFIN,2026-01-02
FFIV,2026-01-02
FFWM,2026-01-02
FG,2026-01-02
FGBI,2026-01-02
FHB,2026-01-02
FHI,2026-01-02
FHN,2026-01-02
FIBK,2026-01-02
FICO,2026-01-02
FIG,2026-01-02
FIGR,2026-01-02
FIGS,2026-01-02
FIHL,2026-01-02
FINV,2026-01-02
FINW,2026-01-02
FIS,2026-01-02
FISI,2026-01-02
FISV,2026-01-02
FITB,2026-01-02
FIVE,2026-01-02
FIVN,2026-01-02
FIX,2026-01-02
FIZZ,2026-01-02
FKWL,2026-01-02
FLEX,2026-01-02
FLG,2026-01-02
FLGT,2026-01-02
FLNC,2026-01-02
FLNG,2026-01-02
FLO,2026-01-02
FLOC,2026-01-02
FLR,2026-01-02
FLS,2026-01-02
FLUT,2026-01-02
FLUX,2026-01-02
FLX,2026-01-02
FLXS,2026-01-02
FLYW,2026-01-02
FMAO,2026-01-02
FMBH,2026-01-02
FMC,2026-01-02
FMNB,2026-01-02
FMS,2026-01-02
FMX,2026-01-02
FN,2026-01-02
FNB,2026-01-02
FND,2026-01-02
FNF,2026-01-02
FNGR,2026-01-02
FNKO,2026-01-02
FNV,2026-01-02
FNWB,2026-01-02
FNWD,2026-01-02
FOA,2026-01-02
FOLD,2026-01-02
FOR,2026-01-02
FORA,2026-01-02
FORM,2026-01-02
FORR,2026-01-02
FOUR,2026-01-02
FOX,2026-01-02
FOXA,2026-01-02
FOXF,2026-01-02
FPH,2026-01-02
FPI,2026-01-02
FR,2026-01-02
FRBA,2026-01-02
FRHC,2026-01-02
FRME,2026-01-02
FRO,2026-01-02
FROG,2026-01-02
FRPH,2026-01-02
FRPT,2026-01-02
FRSH,2026-01-02
FRST,2026-01-02
FRT,2026-01-02
FSBC,2026-01-02
FSBW,2026-01-02
FSFG,2026-01-02
FSK,2026-01-02
FSLR,2026-01-02
FSLY,2026-01-02
FSM,2026-01-02
FSS,2026-01-02
FSTR,2026-01-02
FSUN,2026-01-02
FSV,2026-01-02
FTAI,2026-01-02
FTDR,2026-01-02
FTEK,2026-01-02
FTI,2026-01-02
FTK,2026-01-02
FTLF,2026-01-02
FTNT,2026-01-02
FTRE,2026-01-02
FTS,2026-01-02
FTV,2026-01-02
FUBO,2026-01-02
FUFU,2026-01-02
FUL,2026-01-02
FULT,2026-01-02
FUN,2026-01-02
FUNC,2026-01-02
FUTU,2026-01-02
FVCB,2026-01-02
FVRR,2026-01-02
FWONA,2026-01-02
FWONK,2026-01-02
FWRG,2026-01-02
FXNC,2026-01-02
G,2026-01-02
GABC,2026-01-02
GAIN,2026-01-02
GAMB,2026-01-02
GAP,2026-01-02
GASS,2026-01-02
GATX,2026-01-02
GAUZ,2026-01-02
GBCI,2026-01-02
GBDC,2026-01-02
GBFH,2026-01-02
GBLI,2026-01-02
GBTG,2026-01-02
GBX,2026-01-02
GCMG,2026-01-02
GCO,2026-01-02
GCT,2026-01-02
GD,2026-01-02
GDDY,2026-01-02
GDEN,2026-01-02
GDEV,2026-01-02
GDOT,2026-01-02
GDRX,2026-01-02
GDS,2026-01-02
GDYN,2026-01-02
GE,2026-01-02
GECC,2026-01-02
GEF,2026-01-02
GEF-B,2026-01-02
GEG,2026-01-02
GEHC,2026-01-02
GEL,2026-01-02
GEN,2026-01-02
GENI,2026-01-02
GEO,2026-01-02
GEOS,2026-01-02
GES,2026-01-02
GETY,2026-01-02
GEV,2026-01-02
GFAI,2026-01-02
GFF,2026-01-02
GFI,2026-01-02
GFL,2026-01-02
GFR,2026-01-02
GFS,2026-01-02
GGAL,2026-01-02
GGB,2026-01-02
GGG,2026-01-02
GHC,2026-01-02
GHG,2026-01-02
GHI,2026-01-02
GHM,2026-01-02
GIB,2026-01-02
GIC,2026-01-02
GIFI,2026-01-02
GIII,2026-01-02
GIL,2026-01-02
GILD,2026-01-02
GILT,2026-01-02
GIS,2026-01-02
GL,2026-01-02
GLAD,2026-01-02
GLBE,2026-01-02
GLDD,2026-01-02
GLNG,2026-01-02
GLOB,2026-01-02
GLP,2026-01-02
GLPG,2026-01-02
GLPI,2026-01-02
GLRE,2026-01-02
GLW,2026-01-02
GLXY,2026-01-02
GM,2026-01-02
GMAB,2026-01-02
GME,2026-01-02
GMED,2026-01-02
GMGI,2026-01-02
GMRE,2026-01-02
GNE,2026-01-02
GNK,2026-01-02
GNRC,2026-01-02
GNSS,2026-01-02
GNTX,2026-01-02
GNW,2026-01-02
GO,2026-01-02
GOGO,2026-01-02
GOLD,2026-01-02
GOLF,2026-01-02
GOOD,2026-01-02
GOOG,2026-01-02
GOOGL,2026-01-02
GOOS,2026-01-02
GOTU,2026-01-02
GPC,2026-01-02
GPI,2026-01-02
GPK,2026-01-02
GPN,2026-01-02
GPOR,2026-01-02
GPRE,2026-01-02
GPRK,2026-01-02
GPRO,2026-01-02
GRAB,2026-01-02
GRBK,2026-01-02
GRC,2026-01-02
GRDN,2026-01-02
GRFS,2026-01-02
GRMN,2026-01-02
GRND,2026-01-02
GRNT,2026-01-02
GRPN,2026-01-02
GRRR,2026-01-02
GS,2026-01-02
GSAT,2026-01-02
GSBC,2026-01-02
GSBD,2026-01-02
GSHD,2026-01-02
GSK,2026-01-02
GSL,2026-01-02
GSM,2026-01-02
GT,2026-01-02
GTEC,2026-01-02
GTES,2026-01-02
GTIM,2026-01-02
GTLB,2026-01-02
GTLS,2026-01-02
GTM,2026-01-02
GTN,2026-01-02
GTX,2026-01-02
GTY,2026-01-02
GVA,2026-01-02
GVH,2026-01-02
GWRE,2026-01-02
GWRS,2026-01-02
GWW,2026-01-02
GXO,2026-01-02
GYRE,2026-01-02
H,2026-01-02
HAE,2026-01-02
HAFC,2026-01-02
HAFN,2026-01-02
HAIN,2026-01-02
HAL,2026-01-02
HALO,2026-01-02
HAS,2026-01-02
HASI,2026-01-02
HAYW,2026-01-02
HBAN,2026-01-02
HBB,2026-01-02
HBCP,2026-01-02
HBIO,2026-01-02
HBM,2026-01-02
HBNC,2026-01-02
HBT,2026-01-02
HCA,2026-01-02
HCAT,2026-01-02
HCC,2026-01-02
HCI,2026-01-02
HCKT,2026-01-02
HCM,2026-01-02
HCSG,2026-01-02
HD,2026-01-02
HDB,2026-01-02
HDL,2026-01-02
HDSN,2026-01-02
HE,2026-01-02
HEI,2026-01-02
HEI-A,2026-01-02
HELE,2026-01-02
HEPS,2026-01-02
HERE,2026-01-02
HESM,2026-01-02
HFFG,2026-01-02
HFWA,2026-01-02
HG,2026-01-02
HGBL,2026-01-02
HGTY,2026-01-02
HGV,2026-01-02
HHH,2026-01-02
HHS,2026-01-02
HI,2026-01-02
HIG,2026-01-02
HII,2026-01-02
HIMS,2026-01-02
HIMX,2026-01-02
HIPO,2026-01-02
HIT,2026-01-02
HITI,2026-01-02
HIVE,2026-01-02
HIW,2026-01-02
HL,2026-01-02
HLF,2026-01-02
HLI,2026-01-02
HLIO,2026-01-02
HLIT,2026-01-02
HLLY,2026-01-02
HLMN,2026-01-02
HLN,2026-01-02
HLNE,2026-01-02
HLT,2026-01-02
HLX,2026-01-02
HMC,2026-01-02
HMN,2026-01-02
HMR,2026-01-02
HMY,2026-01-02
HNGE,2026-01-02
HNI,2026-01-02
HNNA,2026-01-02
HNRG,2026-01-02
HNST,2026-01-02
HNVR,2026-01-02
HOFT,2026-01-02
HOG,2026-01-02
HOLX,2026-01-02
HOMB,2026-01-02
HON,2026-01-02
HOOD,2026-01-02
HOPE,2026-01-02
HOUR,2026-01-02
HOUS,2026-01-02
HOV,2026-01-02
HP,2026-01-02
HPE,2026-01-02
HPK,2026-01-02
HPQ,2026-01-02
HQI,2026-01-02
HQY,2026-01-02
HRB,2026-01-02
HRI,2026-01-02
HRL,2026-01-02
HRMY,2026-01-02
HROW,2026-01-02
HRTG,2026-01-02
HRZN,2026-01-02
HSAI,2026-01-02
HSBC,2026-01-02
HSIC,2026-01-02
HST,2026-01-02
HSTM,2026-01-02
HSY,2026-01-02
HTB,2026-01-02
HTBK,2026-01-02
HTCR,2026-01-02
HTGC,2026-01-02
HTH,2026-01-02
HTHT,2026-01-02
HTO,2026-01-02
HUBB,2026-01-02
HUBG,2026-01-02
HUBS,2026-01-02
HUIZ,2026-01-02
HUM,2026-01-02
HURN,2026-01-02
HUT,2026-01-02
HUYA,2026-01-02
HVT,2026-01-02
HWC,2026-01-02
HWKN,2026-01-02
HWM,2026-01-02
HXL,2026-01-02
HZO,2026-01-02
IAC,2026-01-02
IAE,2026-01-02
IAG,2026-01-02
IART,2026-01-02
IBCP,2026-01-02
IBEX,2026-01-02
IBKR,2026-01-02
IBM,2026-01-02
IBN,2026-01-02
IBOC,2026-01-02
IBP,2026-01-02
IBTA,2026-01-02
ICE,2026-01-02
ICFI,2026-01-02
ICG,2026-01-02
ICHR,2026-01-02
ICL,2026-01-02
ICLR,2026-01-02
ICMB,2026-01-02
ICUI,2026-01-02
IDA,2026-01-02
IDCC,2026-01-02
IDN,2026-01-02
IDT,2026-01-02
IDXX,2026-01-02
IEP,2026-01-02
IESC,2026-01-02
IEX,2026-01-02
IFF,2026-01-02
IFS,2026-01-02
IGIC,2026-01-02
IH,2026-01-02
IHG,2026-01-02
IHS,2026-01-02
III,2026-01-02
IIIN,2026-01-02
IIIV,2026-01-02
IIPR,2026-01-02
ILMN,2026-01-02
IMAX,2026-01-02
IMKTA,2026-01-02
IMMR,2026-01-02
IMOS,2026-01-02
IMPP,2026-01-02
IMXI,2026-01-02
INBK,2026-01-02
INBS,2026-01-02
INCY,2026-01-02
INDB,2026-01-02
INDV,2026-01-02
INFY,2026-01-02
ING,2026-01-02
INGM,2026-01-02
INGR,2026-01-02
INMD,2026-01-02
INNV,2026-01-02
INOD,2026-01-02
INR,2026-01-02
INSE,2026-01-02
INSG,2026-01-02
INSP,2026-01-02
INSW,2026-01-02
INTA,2026-01-02
INTC,2026-01-02
INTR,2026-01-02
INTU,2026-01-02
INVA,2026-01-02
INVH,2026-01-02
INVX,2026-01-02
IOSP,2026-01-02
IOT,2026-01-02
IP,2026-01-02
IPAR,2026-01-02
IPGP,2026-01-02
IPI,2026-01-02
IPM,2026-01-02
IPW,2026-01-02
IPX,2026-01-02
IQ,2026-01-02
IQV,2026-01-02
IR,2026-01-02
IRDM,2026-01-02
IREN,2026-01-02
IRM,2026-01-02
IRMD,2026-01-02
IRS,2026-01-02
IRT,2026-01-02
IRWD,2026-01-02
ISBA,2026-01-02
ISPR,2026-01-02
ISRG,2026-01-02
ISSC,2026-01-02
ISTR,2026-01-02
IT,2026-01-02
ITGR,2026-01-02
ITRI,2026-01-02
ITRN,2026-01-02
ITT,2026-01-02
ITUB,2026-01-02
ITW,2026-01-02
IVDA,2026-01-02
IVR,2026-01-02
IVT,2026-01-02
IVZ,2026-01-02
IX,2026-01-02
IZEA,2026-01-02
J,2026-01-02
JACK,2026-01-02
JAKK,2026-01-02
JAMF,2026-01-02
JAZZ,2026-01-02
JBHT,2026-01-02
JBI,2026-01-02
JBL,2026-01-02
JBS,2026-01-02
JBSS,2026-01-02
JBTM,2026-01-02
JCAP,2026-01-02
JCI,2026-01-02
JD,2026-01-02
JEF,2026-01-02
JFIN,2026-01-02
JG,2026-01-02
JHG,2026-01-02
JHX,2026-01-02
JILL,2026-01-02
JJSF,2026-01-02
JKHY,2026-01-02
JKS,2026-01-02
JLL,2026-01-02
JMSB,2026-01-02
JNJ,2026-01-02
JOE,2026-01-02
JOUT,2026-01-02
JOYY,2026-01-02
JPM,2026-01-02
JRSH,2026-01-02
JRVR,2026-01-02
JUNS,2026-01-02
JVA,2026-01-02
JXN,2026-01-02
JYNT,2026-01-02
KAI,2026-01-02
KALU,2026-01-02
KARO,2026-01-02
KB,2026-01-02
KBDC,2026-01-02
KBH,2026-01-02
KBR,2026-01-02
KD,2026-01-02
KDP,2026-01-02
KE,2026-01-02
KELYA,2026-01-02
KEP,2026-01-02
KEQU,2026-01-02
KEX,2026-01-02
KEY,2026-01-02
KEYS,2026-01-02
KFRC,2026-01-02
KFY,2026-01-02
KGC,2026-01-02
KGEI,2026-01-02
KGS,2026-01-02
KHC,2026-01-02
KIM,2026-01-02
KINS,2026-01-02
KKR,2026-01-02
KLAC,2026-01-02
KLAR,2026-01-02
KLC,2026-01-02
KLIC,2026-01-02
KLTR,2026-01-02
KMB,2026-01-02
KMDA,2026-01-02
KMI,2026-01-02
KMPR,2026-01-02
KMT,2026-01-02
KMX,2026-01-02
KN,2026-01-02
KNDI,2026-01-02
KNF,2026-01-02
KNOP,2026-01-02
KNSA,2026-01-02
KNSL,2026-01-02
KNTK,2026-01-02
KNX,2026-01-02
KO,2026-01-02
KOF,2026-01-02
KOP,2026-01-02
KOPN,2026-01-02
KR,2026-01-02
KRC,2026-01-02
KREF,2026-01-02
KRG,2026-01-02
KRKR,2026-01-02
KRMD,2026-01-02
KRMN,2026-01-02
KRNT,2026-01-02
KRNY,2026-01-02
KRO,2026-01-02
KROS,2026-01-02
KRP,2026-01-02
KRT,2026-01-02
KRUS,2026-01-02
KRYS,2026-01-02
KSPI,2026-01-02
KSS,2026-01-02
KT,2026-01-02
KTB,2026-01-02
KTOS,2026-01-02
KVUE,2026-01-02
KVYO,2026-01-02
KWR,2026-01-02
KYIV,2026-01-02
KYN,2026-01-02
L,2026-01-02
LAD,2026-01-02
LADR,2026-01-02
LAKE,2026-01-02
LAMR,2026-01-02
LAR,2026-01-02
LASR,2026-01-02
LAUR,2026-01-02
LAZ,2026-01-02
LB,2026-01-02
LBRDA,2026-01-02
LBRDK,2026-01-02
LC,2026-01-02
LCII,2026-01-02
LCNB,2026-01-02
LCUT,2026-01-02
LDI,2026-01-02
LDOS,2026-01-02
LE,2026-01-02
LEA,2026-01-02
LECO,2026-01-02
LEE,2026-01-02
LEG,2026-01-02
LEGH,2026-01-02
LEGN,2026-01-02
LEN,2026-01-02
LEN-B,2026-01-02
LEU,2026-01-02
LEVI,2026-01-02
LFMD,2026-01-02
LFST,2026-01-02
LFT,2026-01-02
LFUS,2026-01-02
LFVN,2026-01-02
LGIH,2026-01-02
LGN,2026-01-02
LGND,2026-01-02
LGO,2026-01-02
LH,2026-01-02
LHX,2026-01-02
LI,2026-01-02
LIEN,2026-01-02
LIF,2026-01-02
LII,2026-01-02
LILA,2026-01-02
LILAK,2026-01-02
LIN,2026-01-02
LINC,2026-01-02
LIND,2026-01-02
LITB,2026-01-02
LITE,2026-01-02
LIVE,2026-01-02
LIVN,2026-01-02
LKFN,2026-01-02
LKQ,2026-01-02
LLY,2026-01-02
LLYVA,2026-01-02
LLYVK,2026-01-02
LMAT,2026-01-02
LMB,2026-01-02
LMNR,2026-01-02
LMT,2026-01-02
LNC,2026-01-02
LNG,2026-01-02
LNKB,2026-01-02
LNN,2026-01-02
LNT,2026-01-02
LNTH,2026-01-02
LOAN,2026-01-02
LOAR,2026-01-02
LOB,2026-01-02
LOBO,2026-01-02
LOCO,2026-01-02
LOGI,2026-01-02
LOMA,2026-01-02
LOPE,2026-01-02
LOVE,2026-01-02
LOW,2026-01-02
LPG,2026-01-02
LPL,2026-01-02
LPLA,2026-01-02
LPRO,2026-01-02
LPTH,2026-01-02
LPX,2026-01-02
LQDA,2026-01-02
LQDT,2026-01-02
LRCX,2026-01-02
LRN,2026-01-02
LSAK,2026-01-02
LSCC,2026-01-02
LSPD,2026-01-02
LSTR,2026-01-02
LTC,2026-01-02
LTH,2026-01-02
LTM,2026-01-02
LTRX,2026-01-02
LU,2026-01-02
LUCK,2026-01-02
LULU,2026-01-02
LUNR,2026-01-02
LUV,2026-01-02
LUXE,2026-01-02
LVS,2026-01-02
LW,2026-01-02
LWAY,2026-01-02
LX,2026-01-02
LXFR,2026-01-02
LXP,2026-01-02
LXU,2026-01-02
LYB,2026-01-02
LYFT,2026-01-02
LYG,2026-01-02
LYTS,2026-01-02
LYV,2026-01-02
LZ,2026-01-02
LZB,2026-01-02
M,2026-01-02
MA,2026-01-02
MAA,2026-01-02
MAGN,2026-01-02
MAIN,2026-01-02
MAMA,2026-01-02
MAN,2026-01-02
MANH,2026-01-02
MANU,2026-01-02
MAPS,2026-01-02
MAR,2026-01-02
MARA,2026-01-02
MAS,2026-01-02
MASI,2026-01-02
MAT,2026-01-02
MATV,2026-01-02
MATW,2026-01-02
MATX,2026-01-02
MAX,2026-01-02
MBC,2026-01-02
MBCN,2026-01-02
MBI,2026-01-02
MBIN,2026-01-02
MBLY,2026-01-02
MBUU,2026-01-02
MBWM,2026-01-02
MC,2026-01-02
MCB,2026-01-02
MCBS,2026-01-02
MCD,2026-01-02
MCFT,2026-01-02
MCHB,2026-01-02
MCHP,2026-01-02
MCHX,2026-01-02
MCK,2026-01-02
MCO,2026-01-02
MCR,2026-01-02
MCRB,2026-01-02
MCRI,2026-01-02
MCS,2026-01-02
MCW,2026-01-02
MCY,2026-01-02
MD,2026-01-02
MDB,2026-01-02
MDGL,2026-01-02
MDLZ,2026-01-02
MDT,2026-01-02
MDU,2026-01-02
MDV,2026-01-02
MDXG,2026-01-02
MEC,2026-01-02
MEDP,2026-01-02
MEG,2026-01-02
MEI,2026-01-02
MELI,2026-01-02
MEOH,2026-01-02
MESO,2026-01-02
MET,2026-01-02
META,2026-01-02
MFA,2026-01-02
MFC,2026-01-02
MFG,2026-01-02
MFIC,2026-01-02
MFIN,2026-01-02
MG,2026-01-02
MGA,2026-01-02
MGEE,2026-01-02
MGIC,2026-01-02
MGM,2026-01-02
MGNI,2026-01-02
MGPI,2026-01-02
MGRC,2026-01-02
MGY,2026-01-02
MH,2026-01-02
MHK,2026-01-02
MHO,2026-01-02
MIAX,2026-01-02
MICC,2026-01-02
MIDD,2026-01-02
MIGI,2026-01-02
MIND,2026-01-02
MIR,2026-01-02
MITK,2026-01-02
MITT,2026-01-02
MKC,2026-01-02
MKL,2026-01-02
MKSI,2026-01-02
MKTW,2026-01-02
MKTX,2026-01-02
MLAB,2026-01-02
MLCO,2026-01-02
MLI,2026-01-02
MLKN,2026-01-02
MLM,2026-01-02
MLR,2026-01-02
MMC,2026-01-02
MMI,2026-01-02
MMLP,2026-01-02
MMM,2026-01-02
MMS,2026-01-02
MMSI,2026-01-02
MMYT,2026-01-02
MNDY,2026-01-02
MNKD,2026-01-02
MNR,2026-01-02
MNRO,2026-01-02
MNSB,2026-01-02
MNSO,2026-01-02
MNST,2026-01-02
MNTK,2026-01-02
MNTN,2026-01-02
MNY,2026-01-02
MO,2026-01-02
MOD,2026-01-02
MOFG,2026-01-02
MOG-A,2026-01-02
MOGU,2026-01-02
MOH,2026-01-02
MOMO,2026-01-02
MORN,2026-01-02
MOS,2026-01-02
MOV,2026-01-02
MP,2026-01-02
MPAA,2026-01-02
MPB,2026-01-02
MPC,2026-01-02
MPLX,2026-01-02
MPV,2026-01-02
MPW,2026-01-02
MPWR,2026-01-02
MPX,2026-01-02
MRAM,2026-01-02
MRBK,2026-01-02
MRCC,2026-01-02
MRCY,2026-01-02
MRK,2026-01-02
MRP,2026-01-02
MRTN,2026-01-02
MRVL,2026-01-02
MRX,2026-01-02
MS,2026-01-02
MSA,2026-01-02
MSBI,2026-01-02
MSCI,2026-01-02
MSDL,2026-01-02
MSEX,2026-01-02
MSFT,2026-01-02
MSGE,2026-01-02
MSI,2026-01-02
MSIF,2026-01-02
MSM,2026-01-02
MSS,2026-01-02
MSTR,2026-01-02
MT,2026-01-02
MTB,2026-01-02
MTCH,2026-01-02
MTD,2026-01-02
MTDR,2026-01-02
MTG,2026-01-02
MTH,2026-01-02
MTLS,2026-01-02
MTN,2026-01-02
MTRN,2026-01-02
MTRX,2026-01-02
MTSI,2026-01-02
MTUS,2026-01-02
MTW,2026-01-02
MTX,2026-01-02
MTZ,2026-01-02
MU,2026-01-02
MUFG,2026-01-02
MUR,2026-01-02
MUSA,2026-01-02
MUX,2026-01-02
MVBF,2026-01-02
MVO,2026-01-02
MVST,2026-01-02
MWA,2026-01-02
MXL,2026-01-02
MYE,2026-01-02
MYFW,2026-01-02
MYGN,2026-01-02
MYRG,2026-01-02
MZTI,2026-01-02
NAAS,2026-01-02
NABL,2026-01-02
NAGE,2026-01-02
NAMM,2026-01-02
NAT,2026-01-02
NATL,2026-01-02
NATR,2026-01-02
NAVI,2026-01-02
NBBK,2026-01-02
NBHC,2026-01-02
NBIS,2026-01-02
NBIX,2026-01-02
NBN,2026-01-02
NBR,2026-01-02
NBTB,2026-01-02
NBTX,2026-01-02
NCDL,2026-01-02
NCLH,2026-01-02
NCMI,2026-01-02
NCNO,2026-01-02
NCSM,2026-01-02
NDAQ,2026-01-02
NDSN,2026-01-02
NE,2026-01-02
NECB,2026-01-02
NEE,2026-01-02
NEM,2026-01-02
NEO,2026-01-02
NEOG,2026-01-02
NEOV,2026-01-02
NEPH,2026-01-02
NESR,2026-01-02
NET,2026-01-02
NEU,2026-01-02
NEWT,2026-01-02
NEXA,2026-01-02
NEXN,2026-01-02
NFBK,2026-01-02
NFG,2026-01-02
NFLX,2026-01-02
NGG,2026-01-02
NGL,2026-01-02
NGS,2026-01-02
NGVC,2026-01-02
NGVT,2026-01-02
NHI,2026-01-02
NI,2026-01-02
NIC,2026-01-02
NICE,2026-01-02
NIQ,2026-01-02
NIU,2026-01-02
NIVF,2026-01-02
NJR,2026-01-02
NKE,2026-01-02
NKLR,2026-01-02
NKSH,2026-01-02
NL,2026-01-02
NLY,2026-01-02
NMFC,2026-01-02
NMIH,2026-01-02
NMM,2026-01-02
NMR,2026-01-02
NMRK,2026-01-02
NNBR,2026-01-02
NNDM,2026-01-02
NNI,2026-01-02
NNN,2026-01-02
NOA,2026-01-02
NOAH,2026-01-02
NOC,2026-01-02
NOG,2026-01-02
NOK,2026-01-02
NOMD,2026-01-02
NOV,2026-01-02
NOVT,2026-01-02
NOW,2026-01-02
NP,2026-01-02
NPB,2026-01-02
NPK,2026-01-02
NPKI,2026-01-02
NPO,2026-01-02
NRC,2026-01-02
NRDS,2026-01-02
NREF,2026-01-02
NRG,2026-01-02
NRIM,2026-01-02
NRP,2026-01-02
NRXP,2026-01-02
NSA,2026-01-02
NSC,2026-01-02
NSIT,2026-01-02
NSP,2026-01-02
NSSC,2026-01-02
NTAP,2026-01-02
NTB,2026-01-02
NTCT,2026-01-02
NTES,2026-01-02
NTGR,2026-01-02
NTIC,2026-01-02
NTNX,2026-01-02
NTR,2026-01-02
NTRS,2026-01-02
NTST,2026-01-02
NTWK,2026-01-02
NU,2026-01-02
NUE,2026-01-02
NUS,2026-01-02
NUTX,2026-01-02
NVAX,2026-01-02
NVDA,2026-01-02
NVEC,2026-01-02
NVGS,2026-01-02
NVMI,2026-01-02
NVO,2026-01-02
NVR,2026-01-02
NVS,2026-01-02
NVST,2026-01-02
NVT,2026-01-02
NWBI,2026-01-02
NWE,2026-01-02
NWFL,2026-01-02
NWG,2026-01-02
NWL,2026-01-02
NWN,2026-01-02
NWPX,2026-01-02
NWS,2026-01-02
NWSA,2026-01-02
NX,2026-01-02
NXPI,2026-01-02
NXST,2026-01-02
NXT,2026-01-02
NYAX,2026-01-02
NYC,2026-01-02
NYT,2026-01-02
O,2026-01-02
OBDC,2026-01-02
OBK,2026-01-02
OBT,2026-01-02
OC,2026-01-02
OCCI,2026-01-02
OCFC,2026-01-02
OCSL,2026-01-02
ODD,2026-01-02
ODFL,2026-01-02
OEC,2026-01-02
OESX,2026-01-02
OFG,2026-01-02
OFIX,2026-01-02
OFS,2026-01-02
OGE,2026-01-02
OGI,2026-01-02
OGN,2026-01-02
OGS,2026-01-02
OHI,2026-01-02
OI,2026-01-02
OII,2026-01-02
OIS,2026-01-02
OKE,2026-01-02
OKTA,2026-01-02
OLED,2026-01-02
OLLI,2026-01-02
OLN,2026-01-02
OLP,2026-01-02
OLPX,2026-01-02
OMAB,2026-01-02
OMC,2026-01-02
OMCL,2026-01-02
OMDA,2026-01-02
OMER,2026-01-02
OMF,2026-01-02
OMI,2026-01-02
OMSE,2026-01-02
ON,2026-01-02
ONB,2026-01-02
ONC,2026-01-02
ONEW,2026-01-02
ONIT,2026-01-02
ONON,2026-01-02
ONTF,2026-01-02
ONTO,2026-01-02
OOMA,2026-01-02
OPAL,2026-01-02
OPBK,2026-01-02
OPCH,2026-01-02
OPFI,2026-01-02
OPLN,2026-01-02
OPRA,2026-01-02
OPRT,2026-01-02
OPRX,2026-01-02
OPTU,2026-01-02
OPY,2026-01-02
OR,2026-01-02
ORA,2026-01-02
ORC,2026-01-02
ORCL,2026-01-02
ORGO,2026-01-02
ORI,2026-01-02
ORLY,2026-01-02
ORMP,2026-01-02
ORN,2026-01-02
ORRF,2026-01-02
OS,2026-01-02
OSBC,2026-01-02
OSIS,2026-01-02
OSK,2026-01-02
OSPN,2026-01-02
OSS,2026-01-02
OSW,2026-01-02
OTEX,2026-01-02
OTF,2026-01-02
OTIS,2026-01-02
OTTR,2026-01-02
OUT,2026-01-02
OVV,2026-01-02
OWL,2026-01-02
OXBR,2026-01-02
OXLC,2026-01-02
OXM,2026-01-02
OXSQ,2026-01-02
OXY,2026-01-02
OZK,2026-01-02
PAA,2026-01-02
PAAS,2026-01-02
PAC,2026-01-02
PACS,2026-01-02
PAG,2026-01-02
PAGP,2026-01-02
PAGS,2026-01-02
PAHC,2026-01-02
PAL,2026-01-02
PAM,2026-01-02
PANL,2026-01-02
PANW,2026-01-02
PAR,2026-01-02
PARR,2026-01-02
PATH,2026-01-02
PATK,2026-01-02
PAX,2026-01-02
PAY,2026-01-02
PAYC,2026-01-02
PAYO,2026-01-02
PAYS,2026-01-02
PAYX,2026-01-02
PB,2026-01-02
PBA,2026-01-02
PBF,2026-01-02
PBH,2026-01-02
PBI,2026-01-02
PBR,2026-01-02
PBR-A,2026-01-02
PBYI,2026-01-02
PCAR,2026-01-02
PCB,2026-01-02
PCG,2026-01-02
PCH,2026-01-02
PCOR,2026-01-02
PCRX,2026-01-02
PCTY,2026-01-02
PCYO,2026-01-02
PD,2026-01-02
PDCC,2026-01-02
PDD,2026-01-02
PDEX,2026-01-02
PDFS,2026-01-02
PDLB,2026-01-02
PDS,2026-01-02
PDYN,2026-01-02
PEBO,2026-01-02
PECO,2026-01-02
PEG,2026-01-02
PEGA,2026-01-02
PEN,2026-01-02
PENG,2026-01-02
PENN,2026-01-02
PEO,2026-01-02
PEP,2026-01-02
PERF,2026-01-02
PERI,2026-01-02
PESI,2026-01-02
PFBC,2026-01-02
PFE,2026-01-02
PFG,2026-01-02
PFGC,2026-01-02
PFIS,2026-01-02
PFLT,2026-01-02
PFS,2026-01-02
PFSI,2026-01-02
PFX,2026-01-02
PG,2026-01-02
PGC,2026-01-02
PGNY,2026-01-02
PGR,2026-01-02
PGY,2026-01-02
PH,2026-01-02
PHAR,2026-01-02
PHG,2026-01-02
PHI,2026-01-02
PHIN,2026-01-02
PHM,2026-01-02
PHR,2026-01-02
PI,2026-01-02
PII,2026-01-02
PINE,2026-01-02
PINS,2026-01-02
PIPR,2026-01-02
PJT,2026-01-02
PK,2026-01-02
PKE,2026-01-02
PKG,2026-01-02
PKOH,2026-01-02
PKX,2026-01-02
PLAB,2026-01-02
PLAY,2026-01-02
PLBC,2026-01-02
PLBY,2026-01-02
PLD,2026-01-02
PLMR,2026-01-02
PLNT,2026-01-02
PLOW,2026-01-02
PLPC,2026-01-02
PLTK,2026-01-02
PLTR,2026-01-02
PLUS,2026-01-02
PLXS,2026-01-02
PM,2026-01-02
PMT,2026-01-02
PMTS,2026-01-02
PNBK,2026-01-02
PNC,2026-01-02
PNFP,2026-01-02
PNNT,2026-01-02
PNR,2026-01-02
PNRG,2026-01-02
PNTG,2026-01-02
PNW,2026-01-02
PODD,2026-01-02
POOL,2026-01-02
POR,2026-01-02
POST,2026-01-02
POWI,2026-01-02
POWL,2026-01-02
PPC,2026-01-02
PPG,2026-01-02
PPIH,2026-01-02
PPL,2026-01-02
PR,2026-01-02
PRA,2026-01-02
PRAA,2026-01-02
PRDO,2026-01-02
PRG,2026-01-02
PRGO,2026-01-02
PRGS,2026-01-02
PRI,2026-01-02
PRIM,2026-01-02
PRKS,2026-01-02
PRLB,2026-01-02
PRM,2026-01-02
PRMB,2026-01-02
PROP,2026-01-02
PROV,2026-01-02
PRPH,2026-01-02
PRPO,2026-01-02
PRSU,2026-01-02
PRT,2026-01-02
PRTA,2026-01-02
PRTH,2026-01-02
PRU,2026-01-02
PRVA,2026-01-02
PSA,2026-01-02
PSBD,2026-01-02
PSEC,2026-01-02
PSFE,2026-01-02
PSHG,2026-01-02
PSIX,2026-01-02
PSKY,2026-01-02
PSMT,2026-01-02
PSN,2026-01-02
PSO,2026-01-02
PSTG,2026-01-02
PSTL,2026-01-02
PSX,2026-01-02
PTC,2026-01-02
PTCT,2026-01-02
PTGX,2026-01-02
PTLO,2026-01-02
PTON,2026-01-02
PTRN,2026-01-02
PUBM,2026-01-02
PUK,2026-01-02
PURR,2026-01-02
PVH,2026-01-02
PVL,2026-01-02
PWP,2026-01-02
PWR,2026-01-02
PX,2026-01-02
PXED,2026-01-02
PXS,2026-01-02
PYPL,2026-01-02
PZZA,2026-01-02
Q,2026-01-02
QCOM,2026-01-02
QCRH,2026-01-02
QDEL,2026-01-02
QFIN,2026-01-02
QGEN,2026-01-02
QIPT,2026-01-02
QLYS,2026-01-02
QNST,2026-01-02
QRHC,2026-01-02
QRVO,2026-01-02
QSR,2026-01-02
QTWO,2026-01-02
QUAD,2026-01-02
QXO,2026-01-02
R,2026-01-02
RACE,2026-01-02
RAIL,2026-01-02
RAL,2026-01-02
RAMP,2026-01-02
RBA,2026-01-02
RBB,2026-01-02
RBBN,2026-01-02
RBC,2026-01-02
RBCAA,2026-01-02
RBRK,2026-01-02
RCAT,2026-01-02
RCI,2026-01-02
RCKY,2026-01-02
RCL,2026-01-02
RCMT,2026-01-02
RDCM,2026-01-02
RDDT,2026-01-02
RDHL,2026-01-02
RDN,2026-01-02
RDNT,2026-01-02
RDVT,2026-01-02
RDWR,2026-01-02
RDY,2026-01-02
RDZN,2026-01-02
REAL,2026-01-02
REFI,2026-01-02
REG,2026-01-02
REGN,2026-01-02
RELI,2026-01-02
RELL,2026-01-02
RELX,2026-01-02
RELY,2026-01-02
RERE,2026-01-02
RES,2026-01-02
REVG,2026-01-02
REX,2026-01-02
REXR,2026-01-02
REYN,2026-01-02
REZI,2026-01-02
RF,2026-01-02
RFIL,2026-01-02
RGA,2026-01-02
RGCO,2026-01-02
RGEN,2026-01-02
RGLD,2026-01-02
RGP,2026-01-02
RGR,2026-01-02
RH,2026-01-02
RHI,2026-01-02
RHP,2026-01-02
RICK,2026-01-02
RIG,2026-01-02
RIGL,2026-01-02
RIO,2026-01-02
RITM,2026-01-02
RJF,2026-01-02
RKT,2026-01-02
RL,2026-01-02
RLI,2026-01-02
RLX,2026-01-02
RM,2026-01-02
RMAX,2026-01-02
RMBS,2026-01-02
RMCF,2026-01-02
RMCO,2026-01-02
RMD,2026-01-02
RMNI,2026-01-02
RMR,2026-01-02
RMTI,2026-01-02
RNG,2026-01-02
RNGR,2026-01-02
RNR,2026-01-02
RNST,2026-01-02
RNW,2026-01-02
ROAD,2026-01-02
ROCK,2026-01-02
ROG,2026-01-02
ROK,2026-01-02
ROKU,2026-01-02
ROL,2026-01-02
ROOT,2026-01-02
ROP,2026-01-02
ROST,2026-01-02
RPAY,2026-01-02
RPD,2026-01-02
RPM,2026-01-02
RPRX,2026-01-02
RPT,2026-01-02
RRBI,2026-01-02
RRC,2026-01-02
RRR,2026-01-02
RRX,2026-01-02
RS,2026-01-02
RSG,2026-01-02
RSI,2026-01-02
RSKD,2026-01-02
RSSS,2026-01-02
RSVR,2026-01-02
RTO,2026-01-02
RTX,2026-01-02
RUN,2026-01-02
RUSHA,2026-01-02
RVLV,2026-01-02
RVSB,2026-01-02
RVTY,2026-01-02
RVYL,2026-01-02
RWAY,2026-01-02
RWT,2026-01-02
RXO,2026-01-02
RY,2026-01-02
RYAAY,2026-01-02
RYAM,2026-01-02
RYAN,2026-01-02
RYI,2026-01-02
RYN,2026-01-02
S,2026-01-02
SABR,2026-01-02
SAFE,2026-01-02
SAFT,2026-01-02
SAH,2026-01-02
SAIA,2026-01-02
SAIC,2026-01-02
SAIL,2026-01-02
SAM,2026-01-02
SAMG,2026-01-02
SAN,2026-01-02
SANM,2026-01-02
SAP,2026-01-02
SAR,2026-01-02
SARO,2026-01-02
SB,2026-01-02
SBAC,2026-01-02
SBC,2026-01-02
SBCF,2026-01-02
SBET,2026-01-02
SBFG,2026-01-02
SBFM,2026-01-02
SBGI,2026-01-02
SBH,2026-01-02
SBI,2026-01-02
SBLK,2026-01-02
SBRA,2026-01-02
SBS,2026-01-02
SBSI,2026-01-02
SBSW,2026-01-02
SBUX,2026-01-02
SCCO,2026-01-02
SCHL,2026-01-02
SCHW,2026-01-02
SCI,2026-01-02
SCKT,2026-01-02
SCL,2026-01-02
SCLX,2026-01-02
SCM,2026-01-02
SCOR,2026-01-02
SCSC,2026-01-02
SCVL,2026-01-02
SD,2026-01-02
SDA,2026-01-02
SDHC,2026-01-02
SDOT,2026-01-02
SDRL,2026-01-02
SE,2026-01-02
SEDG,2026-01-02
SEE,2026-01-02
SEI,2026-01-02
SEIC,2026-01-02
SELF,2026-01-02
SEM,2026-01-02
SEMR,2026-01-02
SEVN,2026-01-02
SEZL,2026-01-02
SF,2026-01-02
SFBS,2026-01-02
SFD,2026-01-02
SFL,2026-01-02
SFM,2026-01-02
SFNC,2026-01-02
SFST,2026-01-02
SGA,2026-01-02
SGC,2026-01-02
SGHC,2026-01-02
SGI,2026-01-02
SGML,2026-01-02
SGRP,2026-01-02
SGRY,2026-01-02
SGU,2026-01-02
SHAK,2026-01-02
SHBI,2026-01-02
SHC,2026-01-02
SHCO,2026-01-02
SHEL,2026-01-02
SHG,2026-01-02
SHIM,2026-01-02
SHIP,2026-01-02
SHLS,2026-01-02
SHO,2026-01-02
SHOO,2026-01-02
SHOP,2026-01-02
SHW,2026-01-02
SID,2026-01-02
SIFY,2026-01-02
SIG,2026-01-02
SIGA,2026-01-02
SIGI,2026-01-02
SII,2026-01-02
SILA,2026-01-02
SIMO,2026-01-02
SIRI,2026-01-02
SITE,2026-01-02
SITM,2026-01-02
SJ,2026-01-02
SJM,2026-01-02
SKIL,2026-01-02
SKIN,2026-01-02
SKM,2026-01-02
SKT,2026-01-02
SKWD,2026-01-02
SKY,2026-01-02
SKYH,2026-01-02
SKYT,2026-01-02
SKYW,2026-01-02
SLAB,2026-01-02
SLB,2026-01-02
SLDE,2026-01-02
SLF,2026-01-02
SLGN,2026-01-02
SLM,2026-01-02
SLNO,2026-01-02
SLP,2026-01-02
SLQT,2026-01-02
SLRC,2026-01-02
SLVM,2026-01-02
SM,2026-01-02
SMA,2026-01-02
SMBC,2026-01-02
SMBK,2026-01-02
SMC,2026-01-02
SMCI,2026-01-02
SMFG,2026-01-02
SMG,2026-01-02
SMP,2026-01-02
SMPL,2026-01-02
SMTC,2026-01-02
SMWB,2026-01-02
SN,2026-01-02
SNA,2026-01-02
SNAL,2026-01-02
SNAP,2026-01-02
SNBR,2026-01-02
SNCR,2026-01-02
SNCY,2026-01-02
SND,2026-01-02
SNDK,2026-01-02
SNDL,2026-01-02
SNDR,2026-01-02
SNEX,2026-01-02
SNN,2026-01-02
SNOW,2026-01-02
SNPS,2026-01-02
SNV,2026-01-02
SNWV,2026-01-02
SNX,2026-01-02
SNY,2026-01-02
SNYR,2026-01-02
SO,2026-01-02
SOBO,2026-01-02
SOFI,2026-01-02
SOLS,2026-01-02
SOLV,2026-01-02
SON,2026-01-02
SONM,2026-01-02
SONO,2026-01-02
SONY,2026-01-02
SOTK,2026-01-02
SOWG,2026-01-02
SPB,2026-01-02
SPCB,2026-01-02
SPFI,2026-01-02
SPG,2026-01-02
SPGI,2026-01-02
SPH,2026-01-02
SPMC,2026-01-02
SPNT,2026-01-02
SPOK,2026-01-02
SPOT,2026-01-02
SPSC,2026-01-02
SPT,2026-01-02
SPWR,2026-01-02
SPXC,2026-01-02
SQM,2026-01-02
SR,2026-01-02
SRAD,2026-01-02
SRCE,2026-01-02
SRE,2026-01-02
SRG,2026-01-02
SRI,2026-01-02
SRPT,2026-01-02
SRTS,2026-01-02
SSB,2026-01-02
SSD,2026-01-02
SSL,2026-01-02
SSNC,2026-01-02
SSRM,2026-01-02
SSSS,2026-01-02
SSTK,2026-01-02
SSYS,2026-01-02
ST,2026-01-02
STAA,2026-01-02
STAG,2026-01-02
STBA,2026-01-02
STC,2026-01-02
STE,2026-01-02
STEL,2026-01-02
STEP,2026-01-02
STGW,2026-01-02
STKL,2026-01-02
STKS,2026-01-02
STLA,2026-01-02
STLD,2026-01-02
STM,2026-01-02
STN,2026-01-02
STNE,2026-01-02
STNG,2026-01-02
STOK,2026-01-02
STRA,2026-01-02
STRL,2026-01-02
STRR,2026-01-02
STRT,2026-01-02
STT,2026-01-02
STUB,2026-01-02
STVN,2026-01-02
STWD,2026-01-02
STX,2026-01-02
STZ,2026-01-02
SU,2026-01-02
SUI,2026-01-02
SUIG,2026-01-02
SUN,2026-01-02
SUNC,2026-01-02
SUNS,2026-01-02
SUPN,2026-01-02
SUPV,2026-01-02
SURG,2026-01-02
SUUN,2026-01-02
SUZ,2026-01-02
SVV,2026-01-02
SW,2026-01-02
SWBI,2026-01-02
SWIM,2026-01-02
SWK,2026-01-02
SWKH,2026-01-02
SWKS,2026-01-02
SWX,2026-01-02
SXC,2026-01-02
SXI,2026-01-02
SXT,2026-01-02
SY,2026-01-02
SYBT,2026-01-02
SYF,2026-01-02
SYK,2026-01-02
SYM,2026-01-02
SYNA,2026-01-02
SYY,2026-01-02
T,2026-01-02
TAC,2026-01-02
TAK,2026-01-02
TAL,2026-01-02
TALK,2026-01-02
TAOP,2026-01-02
TAP,2026-01-02
TARS,2026-01-02
TASK,2026-01-02
TATT,2026-01-02
TAYD,2026-01-02
TBBK,2026-01-02
TBCH,2026-01-02
TBI,2026-01-02
TBLA,2026-01-02
TBPH,2026-01-02
TBRG,2026-01-02
TC,2026-01-02
TCBI,2026-01-02
TCBK,2026-01-02
TCBX,2026-01-02
TCMD,2026-01-02
TCOM,2026-01-02
TCPC,2026-01-02
TCX,2026-01-02
TD,2026-01-02
TDAY,2026-01-02
TDC,2026-01-02
TDG,2026-01-02
TDS,2026-01-02
TDW,2026-01-02
TDY,2026-01-02
TEAM,2026-01-02
TECH,2026-01-02
TECK,2026-01-02
TEF,2026-01-02
TEL,2026-01-02
TEN,2026-01-02
TENB,2026-01-02
TEO,2026-01-02
TER,2026-01-02
TEVA,2026-01-02
TEX,2026-01-02
TFC,2026-01-02
TFII,2026-01-02
TFIN,2026-01-02
TFPM,2026-01-02
TFSL,2026-01-02
TFX,2026-01-02
TG,2026-01-02
TGLS,2026-01-02
TGNA,2026-01-02
TGS,2026-01-02
TGT,2026-01-02
TGTX,2026-01-02
THC,2026-01-02
THFF,2026-01-02
THG,2026-01-02
THO,2026-01-02
THR,2026-01-02
THRM,2026-01-02
THRY,2026-01-02
THS,2026-01-02
TIC,2026-01-02
TIGO,2026-01-02
TIGR,2026-01-02
TILE,2026-01-02
TIMB,2026-01-02
TJX,2026-01-02
TK,2026-01-02
TKC,2026-01-02
TKO,2026-01-02
TKR,2026-01-02
TLF,2026-01-02
TLK,2026-01-02
TLN,2026-01-02
TLRY,2026-01-02
TLS,2026-01-02
TLX,2026-01-02
TM,2026-01-02
TMDX,2026-01-02
TME,2026-01-02
TMHC,2026-01-02
TMO,2026-01-02
TMUS,2026-01-02
TNC,2026-01-02
TNET,2026-01-02
TNK,2026-01-02
TNL,2026-01-02
TOL,2026-01-02
TOST,2026-01-02
TOUR,2026-01-02
TOWN,2026-01-02
TPB,2026-01-02
TPC,2026-01-02
TPCS,2026-01-02
TPG,2026-01-02
TPH,2026-01-02
TPL,2026-01-02
TPR,2026-01-02
TPVG,2026-01-02
TRAK,2026-01-02
TRC,2026-01-02
TREE,2026-01-02
TREX,2026-01-02
TRGP,2026-01-02
TRI,2026-01-02
TRIN,2026-01-02
TRIP,2026-01-02
TRMB,2026-01-02
TRMD,2026-01-02
TRMK,2026-01-02
TRN,2026-01-02
TRNO,2026-01-02
TRNS,2026-01-02
TROW,2026-01-02
TRP,2026-01-02
TRS,2026-01-02
TRST,2026-01-02
TRTX,2026-01-02
TRU,2026-01-02
TRUP,2026-01-02
TRV,2026-01-02
TRVG,2026-01-02
TS,2026-01-02
TSCO,2026-01-02
TSEM,2026-01-02
TSLA,2026-01-02
TSLX,2026-01-02
TSM,2026-01-02
TSN,2026-01-02
TSQ,2026-01-02
TSSI,2026-01-02
TT,2026-01-02
TTAM,2026-01-02
TTAN,2026-01-02
TTC,2026-01-02
TTD,2026-01-02
TTE,2026-01-02
TTEC,2026-01-02
TTEK,2026-01-02
TTGT,2026-01-02
TTI,2026-01-02
TTMI,2026-01-02
TTWO,2026-01-02
TU,2026-01-02
TUYA,2026-01-02
TVTX,2026-01-02
TW,2026-01-02
TWFG,2026-01-02
TWI,2026-01-02
TWIN,2026-01-02
TWLO,2026-01-02
TWO,2026-01-02
TX,2026-01-02
TXMD,2026-01-02
TXN,2026-01-02
TXNM,2026-01-02
TXO,2026-01-02
TXRH,2026-01-02
TXT,2026-01-02
TYL,2026-01-02
TZOO,2026-01-02
U,2026-01-02
UA,2026-01-02
UAA,2026-01-02
UAL,2026-01-02
UBCP,2026-01-02
UBER,2026-01-02
UBS,2026-01-02
UBSI,2026-01-02
UCB,2026-01-02
UCL,2026-01-02
UCTT,2026-01-02
UDMY,2026-01-02
UDR,2026-01-02
UE,2026-01-02
UEIC,2026-01-02
UFCS,2026-01-02
UFG,2026-01-02
UFI,2026-01-02
UFPI,2026-01-02
UFPT,2026-01-02
UGI,2026-01-02
UGP,2026-01-02
UHAL,2026-01-02
UHAL-B,2026-01-02
UHS,2026-01-02
UI,2026-01-02
UIS,2026-01-02
UL,2026-01-02
ULBI,2026-01-02
ULH,2026-01-02
ULS,2026-01-02
ULTA,2026-01-02
UMBF,2026-01-02
UMC,2026-01-02
UMH,2026-01-02
UNCY,2026-01-02
UNF,2026-01-02
UNFI,2026-01-02
UNH,2026-01-02
UNM,2026-01-02
UNP,2026-01-02
UNTY,2026-01-02
UPBD,2026-01-02
UPLD,2026-01-02
UPS,2026-01-02
UPST,2026-01-02
UPWK,2026-01-02
UPXI,2026-01-02
URBN,2026-01-02
URI,2026-01-02
USA,2026-01-02
USAC,2026-01-02
USB,2026-01-02
USCB,2026-01-02
USFD,2026-01-02
USIO,2026-01-02
USLM,2026-01-02
USNA,2026-01-02
USPH,2026-01-02
UTHR,2026-01-02
UTI,2026-01-02
UTL,2026-01-02
UTZ,2026-01-02
UVE,2026-01-02
UVSP,2026-01-02
UVV,2026-01-02
UWMC,2026-01-02
V,2026-01-02
VAC,2026-01-02
VAL,2026-01-02
VALE,2026-01-02
VBNK,2026-01-02
VC,2026-01-02
VCEL,2026-01-02
VCTR,2026-01-02
VCYT,2026-01-02
VECO,2026-01-02
VEEV,2026-01-02
VEL,2026-01-02
VEON,2026-01-02
VERX,2026-01-02
VFC,2026-01-02
VFF,2026-01-02
VG,2026-01-02
VHC,2026-01-02
VHI,2026-01-02
VIA,2026-01-02
VIAV,2026-01-02
VICI,2026-01-02
VICR,2026-01-02
VIK,2026-01-02
VINP,2026-01-02
VIOT,2026-01-02
VIPS,2026-01-02
VIRC,2026-01-02
VIRT,2026-01-02
VIST,2026-01-02
VITL,2026-01-02
VIV,2026-01-02
VLO,2026-01-02
VLRS,2026-01-02
VLTO,2026-01-02
VLY,2026-01-02
VMC,2026-01-02
VMD,2026-01-02
VMI,2026-01-02
VNCE,2026-01-02
VNDA,2026-01-02
VNET,2026-01-02
VNO,2026-01-02
VNOM,2026-01-02
VNT,2026-01-02
VOD,2026-01-02
VOXR,2026-01-02
VOYA,2026-01-02
VPG,2026-01-02
VRA,2026-01-02
VRE,2026-01-02
VREX,2026-01-02
VRME,2026-01-02
VRNS,2026-01-02
VRRM,2026-01-02
VRSK,2026-01-02
VRSN,2026-01-02
VRT,2026-01-02
VRTS,2026-01-02
VRTX,2026-01-02
VSAT,2026-01-02
VSCO,2026-01-02
VSEC,2026-01-02
VSH,2026-01-02
VST,2026-01-02
VSTA,2026-01-02
VSTS,2026-01-02
VTEX,2026-01-02
VTMX,2026-01-02
VTOL,2026-01-02
VTR,2026-01-02
VTRS,2026-01-02
VTS,2026-01-02
VTSI,2026-01-02
VVV,2026-01-02
VVX,2026-01-02
VYX,2026-01-02
VZ,2026-01-02
W,2026-01-02
WAB,2026-01-02
WABC,2026-01-02
WAFD,2026-01-02
WAL,2026-01-02
WASH,2026-01-02
WAT,2026-01-02
WAY,2026-01-02
WB,2026-01-02
WBD,2026-01-02
WBI,2026-01-02
WBS,2026-01-02
WCC,2026-01-02
WCN,2026-01-02
WD,2026-01-02
WDAY,2026-01-02
WDC,2026-01-02
WDFC,2026-01-02
WDH,2026-01-02
WEAV,2026-01-02
WEC,2026-01-02
WELL,2026-01-02
WEN,2026-01-02
WERN,2026-01-02
WES,2026-01-02
WEST,2026-01-02
WEX,2026-01-02
WEYS,2026-01-02
WF,2026-01-02
WFC,2026-01-02
WFCF,2026-01-02
WFG,2026-01-02
WFRD,2026-01-02
WGO,2026-01-02
WGS,2026-01-02
WH,2026-01-02
WHD,2026-01-02
WHF,2026-01-02
WHR,2026-01-02
WIMI,2026-01-02
WINA,2026-01-02
WING,2026-01-02
WIT,2026-01-02
WIX,2026-01-02
WK,2026-01-02
WKC,2026-01-02
WLDN,2026-01-02
WLFC,2026-01-02
WLK,2026-01-02
WLKP,2026-01-02
WLY,2026-01-02
WM,2026-01-02
WMB,2026-01-02
WMG,2026-01-02
WMS,2026-01-02
WMT,2026-01-02
WNC,2026-01-02
WNEB,2026-01-02
WOOF,2026-01-02
WOR,2026-01-02
WPC,2026-01-02
WPM,2026-01-02
WPP,2026-01-02
WRB,2026-01-02
WRBY,2026-01-02
WRLD,2026-01-02
WS,2026-01-02
WSBC,2026-01-02
WSBF,2026-01-02
WSC,2026-01-02
WSFS,2026-01-02
WSM,2026-01-02
WSO,2026-01-02
WSR,2026-01-02
WST,2026-01-02
WT,2026-01-02
WTBA,2026-01-02
WTFC,2026-01-02
WTM,2026-01-02
WTRG,2026-01-02
WTS,2026-01-02
WTTR,2026-01-02
WTW,2026-01-02
WU,2026-01-02
WW,2026-01-02
WWD,2026-01-02
WWW,2026-01-02
WY,2026-01-02
WYNN,2026-01-02
XBIT,2026-01-02
XEL,2026-01-02
XERS,2026-01-02
XHLD,2026-01-02
XHR,2026-01-02
XIFR,2026-01-02
XMTR,2026-01-02
XOM,2026-01-02
XOMA,2026-01-02
XP,2026-01-02
XPEL,2026-01-02
XPER,2026-01-02
XPEV,2026-01-02
XPO,2026-01-02
XPOF,2026-01-02
XPRO,2026-01-02
XRAY,2026-01-02
XRX,2026-01-02
XYF,2026-01-02
XYL,2026-01-02
XYZ,2026-01-02
XZO,2026-01-02
YALA,2026-01-02
YELP,2026-01-02
YETI,2026-01-02
YEXT,2026-01-02
YI,2026-01-02
YJ,2026-01-02
YMM,2026-01-02
YORW,2026-01-02
YOU,2026-01-02
YPF,2026-01-02
YRD,2026-01-02
YSG,2026-01-02
YTRA,2026-01-02
YUM,2026-01-02
YUMC,2026-01-02
Z,2026-01-02
ZBH,2026-01-02
ZBRA,2026-01-02
ZD,2026-01-02
ZETA,2026-01-02
ZEUS,2026-01-02
ZG,2026-01-02
ZGN,2026-01-02
ZH,2026-01-02
ZIM,2026-01-02
ZION,2026-01-02
ZIP,2026-01-02
ZKH,2026-01-02
ZM,2026-01-02
ZS,2026-01-02
ZTO,2026-01-02
ZTS,2026-01-02
ZUMZ,2026-01-02
ZVRA,2026-01-02
ZWS,2026-01-02
ZYME,2026-01-02