ticker,price,dividend,mktcap,shares,bvps,sector,name,FE1,g2,bm,ICC,date
MMM,166.5,2.92,88448974848,531225048,8.712,Industrials,3M Company,8.03797,0.07557380781465972,0.052324321747417614,0.06073768591039937,2025-11-01
AOS,65.99,1.38,9188303872,113372121,13.247,Industrials,A.O. Smith Corporation,3.8057,0.09102136269280292,0.16345132984376337,0.07398810264313871,2025-11-01
ABT,123.62,2.36,214959357952,1738871947,29.303,Healthcare,Abbott Laboratories,5.15485,0.10102136822603969,0.2370409232163736,0.0619353139944826,2025-11-01
ABBV,218.04,6.92,385180336128,1766558253,1.884,Healthcare,AbbVie Inc.,10.5661,0.3412309177463775,0.008640616969465442,0.14146777451524362,2025-11-01
ACN,250.1,6.52,155096743936,620138892,50.165,Technology,Accenture plc,13.84018,0.08131252628217256,0.20057975897944771,0.07142091137794948,2025-11-01
ADBE,340.31,0.0,142453768192,418600000,28.024,Technology,Adobe Inc.,20.78518,0.12179591420425506,0.08234844573706958,0.07653499268301045,2025-11-01
AMD,256.12,0.0,415642714112,1622843689,36.785,Technology,"Advanced Micro Devices, Inc.",3.94365,0.6028780444512063,0.14362408644020908,0.09804998577363644,2025-11-01
AES,13.87,0.7,9876126720,712049564,4.732,Utilities,The AES Corporation,2.15179,0.06868235283182833,0.34116801377453365,0.13501633600783725,2025-11-01
AFL,107.19,2.32,57328586752,534831490,50.859,Financial Services,AFLAC Incorporated,6.91018,0.060089606927749895,0.4744752363699433,0.07005066971163851,2025-11-01
A,146.36,0.99,41493123072,283500427,22.462,Healthcare,"Agilent Technologies, Inc.",5.57386,0.07998048031346316,0.15347089155530896,0.04922620787782017,2025-11-01
APD,242.59,7.16,53989285888,222553640,69.815,Basic Materials,"Air Products and Chemicals, Inc",11.99407,0.07419583177353473,0.28779010726003107,0.06588803473851301,2025-11-01
ABNB,126.54,0.0,77472301056,429079558,12.695,Consumer Cyclical,"Airbnb, Inc.",4.23395,0.1292575490971788,0.07031112945609524,0.05241868236748071,2025-11-01
AKAM,75.1,0.0,10768253952,143385528,30.063,Technology,"Akamai Technologies, Inc.",6.71572,0.03741222087877394,0.4003062286122429,0.07026332021369741,2025-11-01
ALB,98.23,1.62,11559994368,117682932,68.033,Basic Materials,Albemarle Corporation,1.84,0.04,0.692588824689988,0.026427204820227534,2025-11-01
ARE,58.22,5.28,10061875200,172825059,97.683,Real Estate,Alexandria Real Estate Equities,0.25608,0.75,1.6778254453302106,0.06665278120462015,2025-11-01
ALGN,137.88,0.0,9994421248,72486368,54.678,Healthcare,"Align Technology, Inc.",10.20276,0.07305474205019036,0.3965621951643397,0.07263223443876576,2025-11-01
ALLE,165.77,2.04,14261517312,86031953,22.627,Industrials,Allegion plc,8.18208,0.0868593316124997,0.13649634593179252,0.06269608832029794,2025-11-01
LNT,66.82,2.03,17176320000,257053590,27.805,Utilities,Alliant Energy Corporation,3.21469,0.06819320058854816,0.41611795017500836,0.06335968657981106,2025-11-01
ALL,191.52,4.0,50466541568,263505334,83.402,Financial Services,Allstate Corporation (The),24.30604,0.01,0.4354741019187091,0.08178188451662677,2025-11-01
GOOGL,281.19,0.84,3396526145536,5818000000,32.033,Communication Services,Alphabet Inc.,10.57539,0.040194262339261266,0.05487017794488067,0.03907486046095221,2025-11-01
GOOG,281.82,0.84,3396526145536,5407000000,32.033,Communication Services,Alphabet Inc.,10.56031,0.043969353172397474,0.050993993150218256,0.039704332698045186,2025-11-01
MO,56.38,4.24,94643511296,1678671552,-1.576,Consumer Defensive,"Altria Group, Inc.",5.43845,0.029569086780240728,,0.1002296840225726,2025-11-01
AMZN,244.22,0.0,2610764447744,10687000000,34.894,Consumer Cyclical,"Amazon.com, Inc.",6.95655,0.11798233319677154,0.14283639350238544,0.04471488789274114,2025-11-01
AMCR,7.9,0.51,18236043264,2308359941,5.088,Consumer Cyclical,Amcor plc,0.80225,0.11247117482081648,0.6440506424435735,0.13407962222049102,2025-11-01
AEE,102.02,2.84,27587219456,270409918,45.54,Utilities,Ameren Corporation,4.98736,0.06835279586795417,0.446383068266842,0.06307306106601474,2025-11-01
AEP,120.26,3.8,64371040256,535265602,56.789,Utilities,American Electric Power Company,5.90939,0.06757042605074304,0.47221853415899534,0.06451584516555864,2025-11-01
AXP,360.73,3.16,248489459712,688851653,47.049,Financial Services,American Express Company,15.44513,0.1286489657257659,0.13042718777512746,0.06546438882413208,2025-11-01
AIG,78.96,1.8,43744141312,554003850,74.14,Financial Services,"American International Group, I",6.50985,0.19633017657856944,0.9389564912486354,0.12584684261201862,2025-11-01
AMT,178.98,6.8,83788881920,468146623,8.441,Real Estate,American Tower Corporation (REI,5.11179,0.36687344354912854,0.04716169441807251,0.1153081538709323,2025-11-01
AWK,128.43,3.31,25059719168,195123565,55.898,Utilities,"American Water Works Company, I",5.72346,0.06468115440660016,0.435240992257316,0.05761592264873705,2025-11-01
AMP,452.77,6.4,42683338752,94271565,69.334,Financial Services,"Ameriprise Financial, Inc.",38.33429,0.08235811854086772,0.15313292911988366,0.08755001173766697,2025-11-01
AME,202.11,1.24,46526504960,230203873,45.624,Industrials,"AMETEK, Inc.",7.23526,0.08678748241251877,0.22573845834286368,0.048337311470753375,2025-11-01
AMGN,298.43,9.52,160663322624,538361851,13.799,Healthcare,Amgen Inc.,21.04477,0.024831347645994706,0.046238650244615764,0.0651618472470129,2025-11-01
APH,139.34,1.0,170559897600,1224055508,10.232,Technology,Amphenol Corporation,3.30755,0.17600338619219658,0.07343189186961613,0.0513047007879191,2025-11-01
ADI,234.13,3.96,115181527040,491955436,69.286,Technology,"Analog Devices, Inc.",7.77778,0.20659622668679223,0.29592960967481197,0.07584506217184572,2025-11-01
AON,340.68,2.98,73459662848,215626597,36.891,Financial Services,Aon plc,16.93846,0.12745314509111227,0.10828637760544219,0.07178696227503953,2025-11-01
APA,22.65,1.0,8103863296,357786460,16.459,Energy,APA Corporation,3.46915,0.01,0.7266666687290575,0.1006434439912266,2025-11-01
APO,124.31,2.04,71108640768,572026735,31.333,Financial Services,"Apollo Global Management, Inc. ",7.70431,0.1832844213174185,0.25205535493544085,0.10127585190999644,2025-11-01
AAPL,270.37,1.04,3995082424320,14773260000,4.991,Technology,Apple Inc.,8.24156,0.10404826270754586,0.018456024889786874,0.04561664921159381,2025-11-01
AMAT,233.1,1.84,185697353728,796642427,24.483,Technology,"Applied Materials, Inc.",9.37467,0.010473968683697654,0.10503217277296127,0.034826465688361175,2025-11-01
APP,637.33,0.0,215576821760,307636373,3.445,Communication Services,Applovin Corporation,9.12693,0.511630964628851,0.0049161468117610305,0.07999439504454708,2025-11-01
APTV,81.1,0.0,17524039680,216079411,42.863,Consumer Cyclical,Aptiv PLC,7.73919,0.07952382613684383,0.5285203619039626,0.08760546052493046,2025-11-01
ACGL,86.31,0.0,31701661696,367300000,62.577,Financial Services,Arch Capital Group Ltd.,9.18961,0.01,0.7250260986445421,0.06673753255450421,2025-11-01
ADM,60.53,2.04,29082513408,480464483,46.729,Consumer Defensive,Archer-Daniels-Midland Company,3.83903,0.2019572652466899,0.7719974030831537,0.11834962236500346,2025-11-01
ANET,157.69,0.0,198195101696,1256865381,8.674,Technology,"Arista Networks, Inc.",2.81009,0.17338946439437875,0.05500665869894213,0.03902239540152587,2025-11-01
AJG,249.49,2.6,64070279168,256805000,90.364,Financial Services,Arthur J. Gallagher & Co.,10.88716,0.2426234206165796,0.36219487914437304,0.09372231445414247,2025-11-01
AIZ,211.72,3.2,10683224064,50459211,108.814,Financial Services,"Assurant, Inc.",17.82274,0.13743565804135627,0.5139523942267846,0.10491431626913472,2025-11-01
T,24.75,1.11,175947759616,7109000000,15.573,Communication Services,AT&T Inc.,2.06029,0.08498318197923593,0.6292120868240518,0.10127981664307961,2025-11-01
ATO,171.72,3.48,27565107200,160523571,83.39,Utilities,Atmos Energy Corporation,7.39202,0.07168676491676162,0.4856161265242604,0.05620307260713664,2025-11-01
ADSK,301.34,0.0,64185417728,213000000,12.746,Technology,"Autodesk, Inc.",9.94497,0.14163642524814057,0.042297738272967,0.05427759164341317,2025-11-01
ADP,260.3,6.16,105395462144,404900000,15.742,Technology,"Automatic Data Processing, Inc.",10.91114,0.0946656353048354,0.06047637792309693,0.06237553409178276,2025-11-01
AZO,3674.43,0.0,61115555840,16632663,-204.879,Consumer Cyclical,"AutoZone, Inc.",152.53955,0.1898628257392918,,0.07377300193400313,2025-11-01
AVB,173.92,7.0,24810436608,142654308,84.016,Real Estate,"AvalonBay Communities, Inc.",4.90716,0.08232052755565333,0.4830726895416028,0.046819715871450174,2025-11-01
AVY,174.89,3.76,13518190592,77295394,28.512,Consumer Cyclical,Avery Dennison Corporation,9.49832,0.10882977200178545,0.16302819957518766,0.07648260807577845,2025-11-01
AXON,732.23,0.0,57483304960,78504440,34.806,Industrials,"Axon Enterprise, Inc.",6.77931,0.15837452484102355,0.04753424564821681,0.02359555882186675,2025-11-01
BKR,48.41,0.92,47769722880,986773882,18.407,Energy,Baker Hughes Company,2.47171,0.06305351355943856,0.38023136310842254,0.06009181663454399,2025-11-01
BALL,47.0,0.8,12790998016,272148895,19.136,Consumer Cyclical,Ball Corporation,3.58174,0.11870487528408002,0.4071489377299267,0.09446328216032829,2025-11-01
BAC,53.45,1.12,391757594624,7329421929,37.951,Financial Services,Bank of America Corporation,3.81996,0.13668467732646405,0.7100280771696323,0.09822820372064756,2025-11-01
BAX,18.47,0.68,9486580736,513621061,14.255,Healthcare,Baxter International Inc.,2.3631,0.01,0.7717921164967778,0.08777104478132414,2025-11-01
BDX,178.71,4.16,51223195648,286627469,88.868,Healthcare,"Becton, Dickinson and Company",14.37812,0.035423268132412256,0.4972749082297162,0.07221280850370349,2025-11-01
BRK-B,477.54,0.0,1029917966336,1378545639,464307.84,Financial Services,Berkshire Hathaway Inc. New,21.84289,0.10639846650328777,621.4762426784326,0.05984962042308535,2025-11-01
BBY,82.14,3.8,17257717760,210101265,12.909,Consumer Cyclical,"Best Buy Co., Inc.",6.25117,0.07206330974841513,0.15715851120078814,0.09249935218434135,2025-11-01
TECH,62.57,0.32,9741737984,155693441,12.382,Healthcare,Bio-Techne Corp,2.00029,0.11134385514100442,0.1978903753753433,0.04906174186497475,2025-11-01
BIIB,154.27,0.0,22631759872,146702272,124.114,Healthcare,Biogen Inc.,15.31363,0.015262873662221121,0.8045245217334904,0.06621186233133913,2025-11-01
BLK,1082.81,20.84,167943847936,155100000,317.549,Financial Services,"BlackRock, Inc.",47.84036,0.13137401139957983,0.293263793257666,0.0720277837431732,2025-11-01
BX,146.64,4.69,180411662336,747812724,10.722,Financial Services,Blackstone Inc.,5.31229,0.2118295499680929,0.04444306938314846,0.09043163620853109,2025-11-01
XYZ,75.94,0.0,46291812352,549574000,36.311,Technology,"Block, Inc.",2.57538,0.3871195707041293,0.4310823124024401,0.10390483589896193,2025-11-01
BK,107.93,2.12,75264892928,697349000,55.988,Financial Services,The Bank of New York Mellon Cor,7.35154,0.10666744654861415,0.5187435242796337,0.08609303602972551,2025-11-01
BA,201.02,0.0,152794398720,760095468,-10.868,Industrials,Boeing Company (The),0.47,0.04,,0.010000000000000002,2025-11-01
BKNG,5077.74,38.4,163674947584,32233815,-146.596,Consumer Cyclical,Booking Holdings Inc. Common St,227.479,0.16449755801634414,,0.07526194318299606,2025-11-01
BSX,100.72,0.0,149242036224,1481751634,15.144,Healthcare,Boston Scientific Corporation,3.03209,0.14201755224943846,0.1503574147944212,0.050944198618056435,2025-11-01
BMY,46.07,2.48,93787144192,2035753027,8.568,Healthcare,Bristol-Myers Squibb Company,6.52417,0.01,0.18597785534047448,0.09998283549796516,2025-11-01
AVGO,369.63,2.36,1745527767040,4722365022,59.221,Technology,Broadcom Inc.,6.74787,0.3769144930177968,0.16021697520292344,0.07523111013613326,2025-11-01
BR,220.4,3.9,25725061120,116719878,22.654,Technology,"Broadridge Financial Solutions,",9.35666,0.09306632922431723,0.10278584388498432,0.06013815297577678,2025-11-01
BRO,79.74,0.66,27224893440,341420790,36.754,Financial Services,"Brown & Brown, Inc.",4.22711,0.11474979359420523,0.4609230057526352,0.07136293785382375,2025-11-01
BF-B,27.23,0.91,12854450176,303608875,8.436,Consumer Defensive,Brown Forman Inc,1.64906,0.05196900052150921,0.19924963218434585,0.06910724793394507,2025-11-01
BLDR,116.17,0.0,12846146560,110580581,39.042,Industrials,"Builders FirstSource, Inc.",6.98115,0.01,0.3360764275292528,0.04402817269233528,2025-11-01
BG,94.6,2.8,18925867008,200062018,80.954,Consumer Defensive,Bunge Limited,7.26651,0.19388262040511872,0.8557505237845111,0.12475862220134587,2025-11-01
BXP,71.19,2.8,12588404736,158400414,31.563,Real Estate,"BXP, Inc.",0.77,0.75,0.39715852579670347,0.12166965739313984,2025-11-01
CHRW,153.99,2.48,18184857600,118091162,15.49,Industrials,"C.H. Robinson Worldwide, Inc.",4.99204,0.19085984887941598,0.1005909498779908,0.07082245939235732,2025-11-01
CDNS,338.69,0.0,92191752192,272201000,19.1,Technology,"Cadence Design Systems, Inc.",7.0592,0.01,0.056393755150378304,0.020791349236300424,2025-11-01
CPT,99.48,4.2,10629709824,106852727,42.13,Real Estate,Camden Property Trust,1.48554,0.01,0.4235021899041823,0.017640203331852164,2025-11-01
CPB,30.13,1.56,8969792512,297703053,13.094,Consumer Defensive,The Campbell's Company,2.46098,0.08553909418199246,0.4345834946312301,0.10395686391446002,2025-11-01
COF,219.99,2.4,139847647232,635700000,170.53,Financial Services,Capital One Financial Corporati,19.80218,0.05458893919760355,0.7751715752511745,0.08023548124536817,2025-11-01
CAH,190.77,2.04,45326008320,237595042,-12.097,Healthcare,"Cardinal Health, Inc.",9.83277,0.10545654988370523,,0.068700908904301,2025-11-01
CCL,28.83,0.0,37858074624,1167541049,9.091,Consumer Cyclical,Carnival Corporation,2.16127,0.12146561975134973,0.2803659663592669,0.08695022532517338,2025-11-01
CARR,59.49,0.9,50103062528,842209781,17.192,Industrials,Carrier Global Corporation,2.64593,0.1423998367303747,0.28898973085448193,0.07317290302241519,2025-11-01
CAT,577.26,6.04,270434140160,468478923,44.085,Industrials,"Caterpillar, Inc.",18.52987,0.18500777393473355,0.07636940109793793,0.06627678368063733,2025-11-01
CBOE,245.64,2.88,25704878080,104590130,46.701,Financial Services,"Cboe Global Markets, Inc.",10.32174,0.01834671286042866,0.1900208842044817,0.03871525020115957,2025-11-01
CBRE,152.43,0.0,45362098176,297554325,29.119,Real Estate,CBRE Group Inc,6.34163,0.1554521471609034,0.19100713454782764,0.0665451318233582,2025-11-01
CDW,159.37,2.5,20887150592,131060745,18.819,Technology,CDW Corporation,9.85772,0.06082339526787117,0.11808370650133912,0.06630139736755358,2025-11-01
COR,337.81,2.2,65493889024,193877881,10.215,Healthcare,"Cencora, Inc.",15.942,0.09590891983439964,0.030238890741230325,0.06099426544625544,2025-11-01
CNC,35.37,0.0,17384990720,491518000,42.628,Healthcare,Centene Corporation,1.89168,0.5449388902985706,1.2052022138784322,0.16980941397054672,2025-11-01
CNP,38.24,0.88,24965685248,652868273,16.902,Utilities,"CenterPoint Energy, Inc (Holdin",1.76213,0.08268402444768541,0.441997863893201,0.06279957665140967,2025-11-01
CF,83.29,2.0,13490727936,161972955,30.642,Basic Materials,"CF Industries Holdings, Inc.",8.48414,0.01,0.3678952915406269,0.0718631385280416,2025-11-01
CRL,180.07,0.0,8861997056,49214178,68.144,Healthcare,Charles River Laboratories Inte,10.20179,0.06411619921601996,0.37843060931298966,0.05836666002365376,2025-11-01
SCHW,94.52,1.08,171574525952,1815219300,23.527,Financial Services,Charles Schwab Corporation (The,4.78788,0.16926280524992277,0.24891028685136915,0.08425072841969802,2025-11-01
CHTR,233.84,0.0,31940433920,136590984,118.539,Communication Services,"Charter Communications, Inc.",36.87216,0.1843941336770072,0.5069235656888659,0.15577247732774413,2025-11-01
CVX,157.72,6.84,317777805312,2014822376,86.103,Energy,Chevron Corporation,7.265,0.15772470750172052,0.5459231203085438,0.09410868010018214,2025-11-01
CMG,31.69,0.0,41902989312,1322278000,2.43,Consumer Cyclical,"Chipotle Mexican Grill, Inc.",1.15836,0.0719292793259434,0.07668034173112885,0.044133757550402775,2025-11-01
CB,276.94,3.88,108989972480,393550859,182.223,Financial Services,Chubb Limited,23.54642,0.11496822022201236,0.6579873042239437,0.0980416110118286,2025-11-01
CHD,87.69,1.18,21362046976,243608695,17.465,Consumer Defensive,"Church & Dwight Company, Inc.",3.4784,0.0758682152713892,0.19916751718386447,0.051885444879004594,2025-11-01
CI,244.41,6.04,65288224768,267125816,156.263,Healthcare,The Cigna Group,29.60708,0.06548366134046324,0.6393477772437018,0.10612047627835108,2025-11-01
CINF,154.59,3.48,24118900736,156018513,98.756,Financial Services,Cincinnati Financial Corporatio,7.1156,0.19617741300803893,0.6388253112560096,0.09226027411349247,2025-11-01
CTAS,183.27,1.8,73650110464,401866678,11.802,Industrials,Cintas Corporation,4.88354,0.09107327881004346,0.0643967877831532,0.04075711365327861,2025-11-01
CSCO,73.11,1.64,288106414080,3940724908,11.829,Technology,"Cisco Systems, Inc.",4.04387,0.07710930371154356,0.16179728273521957,0.06871871792423379,2025-11-01
C,101.23,2.4,181130838016,1789300000,108.407,Financial Services,"Citigroup, Inc.",7.59629,0.31801313535949793,1.0708979609693279,0.15683249278662592,2025-11-01
CFG,50.87,1.84,21948020736,431453142,54.972,Financial Services,"Citizens Financial Group, Inc.",3.84489,0.30499962287607696,1.0806369470537756,0.16327981960851934,2025-11-01
CLX,112.46,4.96,13694656512,121773579,2.616,Consumer Defensive,Clorox Company (The),5.99709,0.13213241755584804,0.023261604435632306,0.09384485745419024,2025-11-01
CME,265.49,5.0,95735627776,360596647,78.339,Financial Services,CME Group Inc.,11.11427,0.04191368393965589,0.29507072116797356,0.04689278689138321,2025-11-01
CMS,73.55,2.17,22382721024,304319765,27.297,Utilities,CMS Energy Corporation,3.58943,0.07268006340839617,0.3711352438471513,0.06490446385441062,2025-11-01
KO,68.9,2.04,296380858368,4301608845,7.263,Consumer Defensive,Coca-Cola Company (The),2.98795,0.07776903897320908,0.10541363977845958,0.06161592992114817,2025-11-01
CTSH,72.88,1.24,35175272448,482646473,30.843,Technology,Cognizant Technology Solutions ,5.25344,0.06758428762867741,0.4232025548272734,0.07585269437219433,2025-11-01
COIN,343.78,0.0,92698148864,228162467,59.624,Financial Services,"Coinbase Global, Inc.",8.03366,0.01,0.14675545411771646,0.022675204834498607,2025-11-01
CL,77.05,2.08,62273413120,808220815,1.06,Consumer Defensive,Colgate-Palmolive Company,3.65577,0.05645048785891893,0.013757300603535638,0.0581334015181324,2025-11-01
CMCSA,27.835,1.32,101427798016,3634450130,26.316,Communication Services,Comcast Corporation,4.24521,0.01,0.9429780739792099,0.10168561653187289,2025-11-01
CAG,17.19,1.4,8222864896,478351641,18.639,Consumer Defensive,"ConAgra Brands, Inc.",1.7325,0.08084848484848495,1.0842931690311697,0.13022153065744024,2025-11-01
COP,88.86,3.12,110981013504,1248942311,52.502,Energy,ConocoPhillips,6.30272,0.01,0.5908395241836446,0.05963735499430421,2025-11-01
ED,97.41,3.4,35131080704,360651665,65.806,Utilities,"Consolidated Edison, Inc.",5.63638,0.06888463872201656,0.6755568855667958,0.07324675583571028,2025-11-01
STZ,131.38,4.08,23000389632,175013336,42.856,Consumer Defensive,"Constellation Brands, Inc.",11.52274,0.07950365971982354,0.3260975856331093,0.09565738395922585,2025-11-01
CEG,377.0,1.55,117776900096,312405579,43.041,Utilities,Constellation Energy Corporatio,9.40942,0.19436160783555212,0.114167111842636,0.05504039550462857,2025-11-01
COO,69.91,0.0,13898732544,198808921,42.016,Healthcare,"The Cooper Companies, Inc.",4.09261,0.07547506359022749,0.6010012494514838,0.06270474125288894,2025-11-01
CPRT,43.01,0.0,41626554368,967834374,9.496,Industrials,"Copart, Inc.",1.69348,0.113724401823464,0.22078587466680039,0.055466030412346545,2025-11-01
GLW,89.08,1.12,71976640512,808000000,14.277,Technology,Corning Incorporated,2.51951,0.20997733686312037,0.1602716647781962,0.067146094697767,2025-11-01
CPAY,260.35,0.0,18384455680,70614383,55.637,Technology,"Corpay, Inc.",21.06625,0.15481540378567615,0.21370077501097928,0.10049084854530743,2025-11-01
CTVA,61.44,0.72,41723904000,679100000,38.108,Basic Materials,"Corteva, Inc.",3.12515,0.01,0.6202473958333332,0.04130071293642809,2025-11-01
CSGP,68.81,0.0,29163245568,423822791,20.344,Real Estate,"CoStar Group, Inc.",0.84,0.6551190476190478,0.2956547082525324,0.09362015116810218,2025-11-01
COST,911.45,5.2,403935657984,443179176,65.798,Consumer Defensive,Costco Wholesale Corporation,20.07937,0.10334537388374221,0.07219046609547665,0.036756140434297646,2025-11-01
CTRA,23.66,0.88,18055890944,763139972,19.077,Energy,Coterra Energy Inc.,2.28917,0.20537137914615355,0.8062975840403925,0.1483026315742707,2025-11-01
CRWD,543.01,0.0,136271151104,250955140,14.977,Technology,"CrowdStrike Holdings, Inc.",3.6824,0.30495872257223566,0.027581444064499975,0.0298541238608504,2025-11-01
CCI,90.22,4.25,39288107008,435470061,-3.432,Real Estate,Crown Castle Inc.,1.96,0.6479591836734695,,0.1596495803777055,2025-11-01
CSX,36.02,0.52,67074174976,1862136956,6.849,Industrials,CSX Corporation,1.61176,0.18147863205440018,0.19014435908018945,0.082647828528572,2025-11-01
CMI,437.68,8.0,60306190336,137786038,85.56,Industrials,Cummins Inc.,22.06294,0.11623337596893246,0.19548529505175077,0.07363805893014788,2025-11-01
CVS,78.15,2.66,99206144000,1269432485,57.424,Healthcare,CVS Health Corporation,6.5221,0.1023320709587403,0.7347921013706571,0.10226874550799925,2025-11-01
DHR,215.38,1.28,152133566464,706349563,72.308,Healthcare,Danaher Corporation,7.71709,0.09082827853504383,0.3357229136772392,0.04915988134438298,2025-11-01
DRI,180.15,6.0,20953923584,116313762,19.12,Consumer Cyclical,"Darden Restaurants, Inc.",10.62191,0.07250767517329759,0.10613378065090114,0.07457480018435791,2025-11-01
DDOG,162.81,0.0,56779190272,323270704,9.167,Technology,"Datadog, Inc.",1.84024,0.18814393774725024,0.05219205362689678,0.03016463134688318,2025-11-01
DVA,119.02,0.0,8402811904,70600000,-8.057,Healthcare,DaVita Inc.,10.78177,0.17036905814165948,,0.1117970580944897,2025-11-01
DAY,68.74,0.0,11000802304,160034963,16.842,Technology,"Dayforce, Inc.",2.21198,0.23919746109820172,0.2450102067433717,0.07191103533658161,2025-11-01
DECK,81.5,0.0,12089984000,148343362,16.731,Consumer Cyclical,Deckers Outdoor Corporation,6.40717,0.06725902387481542,0.20528834360922232,0.0738224808273743,2025-11-01
DE,461.63,6.48,124792168448,270329392,93.127,Industrials,Deere & Company,18.46499,0.11336480550490413,0.20173513772440158,0.06121580611802088,2025-11-01
DELL,162.01,2.1,108579127296,338646945,-4.098,Technology,Dell Technologies Inc.,9.54606,0.17971812454562386,,0.09565654561431047,2025-11-01
DAL,57.38,0.75,37467004928,652962768,29.018,Industrials,"Delta Air Lines, Inc.",6.0287,0.2206296548177884,0.5057162598994922,0.14404499191148046,2025-11-01
DVN,32.49,0.96,20624652288,634800000,23.679,Energy,Devon Energy Corporation,3.96988,0.04243705099398465,0.7288088540889344,0.09909520889846946,2025-11-01
DXCM,58.22,0.0,22706747392,390016272,6.99,Healthcare,"DexCom, Inc.",2.06726,0.207709722047541,0.12006183422996528,0.07023124603489198,2025-11-01
FANG,143.19,3.9,41451515904,289486120,133.54,Energy,"Diamondback Energy, Inc.",12.78857,0.01,0.9326070620512473,0.06686911961178565,2025-11-01
DLR,170.41,4.88,59514671104,343041000,64.987,Real Estate,"Digital Realty Trust, Inc.",2.98773,0.2364838857594227,0.3745833599255439,0.056326747487775886,2025-11-01
DG,98.66,2.36,21715662848,220106028,36.401,Consumer Defensive,Dollar General Corporation,6.10998,0.08994464793665435,0.3689539472641936,0.07825952524163826,2025-11-01
DLTR,99.12,0.0,20217292800,203967842,17.617,Consumer Defensive,"Dollar Tree, Inc.",5.47996,0.16567821662931848,0.17773405707978868,0.08236534546540508,2025-11-01
D,58.69,2.67,50088017920,853433625,30.824,Utilities,"Dominion Energy, Inc.",3.40153,0.058085626174104066,0.5252002205201255,0.07423301320232134,2025-11-01
DPZ,398.46,6.96,13462455296,33786218,-112.88,Consumer Cyclical,Domino's Pizza Inc,17.59765,0.11234681903549615,,0.06646930341594459,2025-11-01
DASH,254.37,0.0,108665544704,402361247,20.901,Consumer Cyclical,"DoorDash, Inc.",2.44903,0.621760452097361,0.07739115877488842,0.0769799041813771,2025-11-01
DOV,181.46,2.08,24887824384,137153223,55.871,Industrials,Dover Corporation,9.58038,0.10415975149211198,0.30789705054168387,0.06974307157767645,2025-11-01
DOW,23.85,1.4,16951801856,710767392,24.679,Basic Materials,Dow Inc.,3.11,0.01,1.0347589369067245,0.09736300454454738,2025-11-01
DHI,149.08,1.8,43900358656,294475153,82.148,Consumer Cyclical,"D.R. Horton, Inc.",11.4497,0.1733364192948288,0.5510329666825581,0.10859270395380449,2025-11-01
DTE,135.54,4.36,28149354496,207683012,58.541,Utilities,DTE Energy Company,7.21873,0.07009543229903326,0.4319094140229623,0.06887662585296461,2025-11-01
DUK,124.3,4.26,96658718720,777624467,64.162,Utilities,Duke Energy Corporation (Holdin,6.31763,0.06145025903701229,0.5161866587140087,0.06510171777675797,2025-11-01
DD,81.65,1.64,34188216320,418716685,55.086,Basic Materials,"DuPont de Nemours, Inc.",4.2661,0.07353789175124814,0.674660154657346,0.06436838696505565,2025-11-01
EMN,59.52,3.32,6834825216,114832412,50.836,Basic Materials,Eastman Chemical Company,5.7735,0.16092837966571394,0.8540994556475868,0.14461551565729758,2025-11-01
ETN,381.56,4.16,148541308928,389300000,47.793,Industrials,"Eaton Corporation, PLC",12.08925,0.1426697272370081,0.1252568395571261,0.057190529391739964,2025-11-01
EBAY,81.31,1.16,36752117760,452000000,10.349,Consumer Cyclical,eBay Inc.,5.46601,0.0638015664076721,0.12727832530758632,0.0704067704647432,2025-11-01
ECL,256.4,2.6,72621621248,283235653,23.458,Basic Materials,Ecolab Inc.,7.53381,0.1259614988963087,0.09148985982266238,0.05074957335978922,2025-11-01
EIX,55.38,3.31,21309507584,384787056,40.308,Utilities,Edison International,6.06367,0.014624806429109682,0.7278439725605628,0.09150367619678096,2025-11-01
EW,82.45,0.0,48406396928,587100000,17.937,Healthcare,Edwards Lifesciences Corporatio,2.59512,0.09943663491476307,0.2175500216565096,0.04462363391543056,2025-11-01
EA,200.06,0.76,49883738112,249343882,24.0,Communication Services,Electronic Arts Inc.,4.17184,0.420828699087213,0.11996400820171157,0.08715023848032688,2025-11-01
ELV,317.2,6.84,70494142464,222238763,197.954,Healthcare,"Elevance Health, Inc.",29.94047,0.01,0.6240667742482066,0.06756283760167867,2025-11-01
EME,675.78,1.0,30251876352,44765864,74.509,Industrials,"EMCOR Group, Inc.",25.3175,0.09143872815246379,0.11025629359203326,0.0494563089288268,2025-11-01
EMR,139.57,2.11,78549999616,562800000,35.306,Industrials,Emerson Electric Company,5.99897,0.09017381317126105,0.25296265941613827,0.058950968242985374,2025-11-01
ETR,96.09,2.56,42913492992,446596904,37.308,Utilities,Entergy Corporation,3.90369,0.1248767192066993,0.3882610370947452,0.07014187931055693,2025-11-01
EOG,105.84,4.08,57787940864,545993416,53.55,Energy,"EOG Resources, Inc.",10.00052,0.06921540079915856,0.5059524009621579,0.09931741190225563,2025-11-01
EPAM,163.54,0.0,9108671488,55696909,65.854,Technology,"EPAM Systems, Inc.",11.13606,0.09132044906367232,0.4026782884988375,0.07379500571555284,2025-11-01
EQT,53.58,0.66,33437511680,624067000,37.098,Energy,EQT Corporation,2.80396,0.5760531533973381,0.692385180678612,0.1895751250351404,2025-11-01
EFX,211.1,2.0,25837381632,122394037,40.281,Industrials,"Equifax, Inc.",7.60734,0.17174991521346494,0.19081477661385499,0.06795058044263202,2025-11-01
EQIX,846.01,18.76,83066404864,98186078,144.184,Real Estate,"Equinix, Inc.",14.9225,0.01,0.17042824344607474,0.020432286524427523,2025-11-01
EQR,59.44,2.77,23308716032,380474721,29.084,Real Estate,Equity Residential,1.39091,0.06708557706825036,0.474746303930775,0.03698064502857756,2025-11-01
ERIE,292.64,5.46,15302108160,46189068,44.155,Financial Services,Erie Indemnity Company,12.59,0.11278792692613182,0.13328087059737526,0.06596846086942992,2025-11-01
ESS,251.77,10.28,17389369344,64404022,87.437,Real Estate,"Essex Property Trust, Inc.",5.65,0.03749380530973445,0.3238354629322433,0.03070940746509094,2025-11-01
EL,96.69,1.4,34843234304,234818211,10.795,Consumer Defensive,"Estee Lauder Companies, Inc. (T",2.14288,0.36362745464048385,0.0727504962836931,0.08860177986256546,2025-11-01
EG,314.52,8.0,13192003584,41943291,366.071,Financial Services,"Everest Group, Ltd.",44.82283,0.28615529184569555,1.1639037528979648,0.19771470218141862,2025-11-01
EVRG,76.81,2.67,17678229504,230155314,43.271,Utilities,"Evergy, Inc.",4.02741,0.06733359652977966,0.5633511313924618,0.0684196578289828,2025-11-01
ES,73.81,3.01,27392010240,371115181,42.221,Utilities,Eversource Energy (D/B/A),4.74783,0.057249311790860125,0.5720227876565295,0.07658408032705913,2025-11-01
EXC,46.12,1.6,46580613120,1009987294,27.347,Utilities,Exelon Corporation,2.6915,0.05139141742522746,0.5929531768477074,0.06781515722111242,2025-11-01
EXE,103.31,3.19,24605310976,238169697,76.212,Energy,Expand Energy Corporation,5.81741,0.6363742627732962,0.7377020743801551,0.23560556012015954,2025-11-01
EXPE,220.0,1.6,27217428480,118192131,6.715,Consumer Cyclical,"Expedia Group, Inc.",14.32773,0.17287525658286396,0.02915999798615067,0.09643960504014137,2025-11-01
EXPD,121.9,1.54,16544089088,135718520,16.246,Industrials,Expeditors International of Was,5.50446,0.012462621219883507,0.13327316264993264,0.0390301764524104,2025-11-01
EXR,133.54,6.48,29591826432,212247389,64.159,Real Estate,Extra Space Storage Inc,4.66865,0.04546496310496595,0.4601804576727723,0.046933461468449456,2025-11-01
XOM,114.36,4.12,487544946688,4263247021,61.788,Energy,Exxon Mobil Corporation,6.81909,0.0982345151625803,0.5402937897787702,0.08444787308476431,2025-11-01
FFIV,253.05,0.0,14596936704,57684000,62.27,Technology,"F5, Inc.",15.028,0.07790324727175935,0.2460778417307029,0.06395764568226445,2025-11-01
FDS,266.8,4.4,9983638528,37419936,58.078,Financial Services,FactSet Research Systems Inc.,17.31516,0.08515081581689121,0.21768366682275778,0.07601103744060705,2025-11-01
FICO,1659.53,0.0,39834787840,24003656,-57.995,Technology,Fair Isaac Corporation,29.55352,0.3235952942322946,,0.060895284861647025,2025-11-01
FAST,41.15,0.88,47241670656,1148035721,3.392,Industrials,Fastenal Company,1.09809,0.10741378211257735,0.08243013237165056,0.047917087985258955,2025-11-01
FRT,96.19,4.52,8348788736,86266124,35.411,Real Estate,Federal Realty Investment Trust,2.89,0.16683044982698947,0.3658937617850868,0.06963743039457906,2025-11-01
FDX,253.82,5.8,59890216960,235955461,117.674,Industrials,FedEx Corporation,18.14743,0.14499298247740877,0.46361199419695676,0.10170609559478294,2025-11-01
FIS,62.52,1.6,32659109888,522378577,27.09,Technology,Fidelity National Information S,5.7551,0.08968393251203288,0.4333013269332737,0.09944954787250337,2025-11-01
FITB,41.62,1.6,27509694464,660973000,29.255,Financial Services,Fifth Third Bancorp,3.44263,0.01,0.7029073020169185,0.0671806707510022,2025-11-01
FSLR,266.94,0.0,28644835328,107308141,84.013,Technology,"First Solar, Inc.",14.67989,0.5354706336355382,0.31472615382852864,0.16979496112071235,2025-11-01
FE,45.83,1.78,26474412032,577665555,22.155,Utilities,FirstEnergy Corp.,2.54955,0.06653330979976868,0.48341698223762847,0.07241660902681563,2025-11-01
FI,66.69,0.0,35869343744,537851887,46.78,Technology,"Fiserv, Inc.",8.59719,0.01,0.7014544635506115,0.07605606014495192,2025-11-01
F,13.13,0.6,52316467200,3913646490,11.894,Consumer Cyclical,Ford Motor Company,1.03278,0.3707275508820851,0.8897563968550996,0.1956856519510224,2025-11-01
FTNT,86.43,0.0,66228375552,766266033,2.691,Technology,"Fortinet, Inc.",2.52198,0.10613089715223745,0.03113502147103063,0.04338684744293543,2025-11-01
FTV,50.34,0.24,15988570112,317611636,20.478,Technology,Fortive Corporation,2.60284,0.08098845876043081,0.4067937930938849,0.06048500586019412,2025-11-01
FOXA,64.65,0.56,27230871552,210519458,26.831,Communication Services,Fox Corporation,4.35852,0.1481557960041482,0.20742808642065455,0.09236031900407193,2025-11-01
FOX,58.41,0.56,27230871552,235581025,26.831,Communication Services,Fox Corporation,2.35,0.01,0.232121637006905,0.03498623070819751,2025-11-01
BEN,22.61,1.28,11739010048,519195475,23.543,Financial Services,"Franklin Resources, Inc.",2.12148,0.21169183777362965,1.0412648952462162,0.1617785316492354,2025-11-01
FCX,41.7,0.6,59871780864,1435774134,13.346,Basic Materials,"Freeport-McMoRan, Inc.",1.50652,0.44975174574516075,0.32004796443069766,0.13466703945719993,2025-11-01
GRMN,213.94,3.6,41148108800,192334806,44.069,Technology,Garmin Ltd.,8.17495,0.07493012189676995,0.2059876580673861,0.051439356873365205,2025-11-01
IT,248.34,0.0,18808225792,75735795,19.955,Technology,"Gartner, Inc.",12.20726,0.07077755368526595,0.08035355412778107,0.054424116984041884,2025-11-01
GE,308.95,1.44,325884772352,1054813911,17.834,Industrials,GE Aerospace,6.21851,0.15212969023126122,0.05772454832119298,0.04095568759546288,2025-11-01
GEHC,74.95,0.14,34141341696,455521592,21.938,Healthcare,GE HealthCare Technologies Inc.,4.54716,0.08467922835352182,0.2927018151271661,0.0673178052474919,2025-11-01
GEV,585.14,1.0,158760452096,271320459,31.866,Industrials,GE Vernova Inc.,7.69455,0.6601646620010269,0.05445876244586378,0.1009090413185606,2025-11-01
GEN,26.36,0.5,16234310656,615869113,3.839,Technology,Gen Digital Inc.,2.53457,0.12149595394879609,0.1456373217752351,0.1096392918009175,2025-11-01
GNRC,168.02,0.0,9862565888,58698761,45.05,Industrials,Generac Holdlings Inc.,6.64395,0.25288420292145486,0.2681228407576444,0.08469192552146299,2025-11-01
GD,344.9,6.0,93164544000,270120442,90.592,Industrials,General Dynamics Corporation,15.38156,0.1217613818104275,0.2626616310349139,0.06920875033787988,2025-11-01
GIS,46.61,2.44,24862539776,533416422,17.779,Consumer Defensive,"General Mills, Inc.",3.65173,0.03825036352632849,0.38144174538003567,0.08341961378411245,2025-11-01
GM,69.09,0.6,64451383296,932861303,71.14,Consumer Cyclical,General Motors Company,10.1694,0.11043424390819534,1.0296715089982977,0.1287639899242593,2025-11-01
GPC,127.31,4.12,17710157824,139110500,34.409,Consumer Cyclical,Genuine Parts Company,7.63822,0.10063601205516481,0.27027727488759845,0.08375756351822428,2025-11-01
GILD,119.79,3.16,148779188224,1242000000,17.275,Healthcare,"Gilead Sciences, Inc.",8.13223,0.06502644416107262,0.14421069409047188,0.07581679415225273,2025-11-01
GPN,77.76,1.0,18865129472,242607106,93.177,Industrials,Global Payments Inc.,12.21929,0.11731778196605513,1.1982638311236289,0.1379078132761825,2025-11-01
GL,131.51,1.08,10652774400,81003536,70.84,Financial Services,Globe Life Inc.,14.558,0.030173787608188007,0.538666292439273,0.08064270510290672,2025-11-01
GDDY,133.13,0.0,17991401472,135141594,0.678,Technology,GoDaddy Inc.,6.03132,0.1934153717594158,0.005092766168027402,0.07875198854675008,2025-11-01
GS,789.37,16.0,243757449216,308800000,343.754,Financial Services,"Goldman Sachs Group, Inc. (The)",48.58262,0.13566518232240243,0.4354789383521016,0.08960225233644536,2025-11-01
HAL,26.84,0.68,22589257728,841626610,12.103,Energy,Halliburton Company,2.23954,0.01,0.45093145527326994,0.06330354025820414,2025-11-01
HIG,124.18,2.4,34720727040,279600000,64.785,Financial Services,"The Hartford Insurance Group, I",12.37832,0.06481412663430897,0.5217023819556516,0.09244271435331008,2025-11-01
HAS,76.31,2.8,10701145088,140232540,3.09,Consumer Cyclical,"Hasbro, Inc.",4.97483,0.049352440183885626,0.04049272718355278,0.07272846940324873,2025-11-01
HCA,459.68,2.88,104896176128,228193900,-22.589,Healthcare,"HCA Healthcare, Inc.",27.55828,0.07546116811353976,,0.06584005912447025,2025-11-01
DOC,17.95,1.22,12474349568,694949823,10.932,Real Estate,"Healthpeak Properties, Inc.",0.37,0.01,0.6090250576691231,0.023402464962286144,2025-11-01
HSIC,63.2,0.0,7664162816,121268398,28.262,Healthcare,"Henry Schein, Inc.",4.82181,0.08177012366725367,0.4471835406629232,0.07665056177900353,2025-11-01
HSY,169.63,5.48,34398441472,148171608,22.51,Consumer Defensive,The Hershey Company,5.9857,0.13048933291010245,0.0969620352943879,0.06842148429597439,2025-11-01
HPE,24.42,0.52,32220971008,1319450062,18.503,Technology,Hewlett Packard Enterprise Comp,1.89832,0.2639281048506048,0.7576985960827938,0.14144818260451542,2025-11-01
HLT,256.96,0.6,59726540800,232435166,-21.163,Consumer Cyclical,Hilton Worldwide Holdings Inc.,8.05097,0.13205116898957536,,0.05137485193165914,2025-11-01
HOLX,73.91,0.0,16449891328,222566511,21.792,Healthcare,"Hologic, Inc.",4.23746,0.06681832984854141,0.2948450728945752,0.05956326312875232,2025-11-01
HD,379.59,9.2,377838796800,995386647,10.719,Consumer Cyclical,"Home Depot, Inc. (The)",15.01556,0.08369118434477296,0.028238363978383807,0.05752719697496811,2025-11-01
HON,201.33,4.58,127821848576,634887208,26.433,Industrials,Honeywell International Inc.,10.62704,0.010180633553651841,0.13129190162733262,0.04529598964573994,2025-11-01
HRL,21.59,1.16,11874466816,549998433,14.697,Consumer Defensive,Hormel Foods Corporation,1.37646,0.06282056870522945,0.6807317831659853,0.08400364160442617,2025-11-01
HST,16.02,0.8,11156806656,687542878,9.655,Real Estate,"Host Hotels & Resorts, Inc.",0.86356,0.01,0.5949934144928503,0.0540545864820704,2025-11-01
HWM,205.95,0.44,82894872576,402500000,12.625,Industrials,Howmet Aerospace Inc.,3.67606,0.18187135139252364,0.06130128851264114,0.04086446615775577,2025-11-01
HPQ,27.67,1.16,25863198720,934701851,-0.96,Technology,HP Inc.,3.12294,0.08295068108897397,,0.11653885296470368,2025-11-01
HUBB,470.0,5.68,24978032640,53144752,69.269,Industrials,Hubbell Inc,18.20042,0.08048770303102892,0.14738085578416477,0.0516431918017205,2025-11-01
HUM,278.19,3.54,33458417664,120271819,151.607,Healthcare,Humana Inc.,17.03836,0.01,0.5449764494616897,0.04771697301130681,2025-11-01
HBAN,15.44,0.62,24167749632,1565268876,13.373,Financial Services,Huntington Bancshares Incorpora,1.42948,0.06275009094216077,0.8661270079954789,0.09644383547865909,2025-11-01
HII,322.02,5.52,12636525568,39241434,127.01,Industrials,"Huntington Ingalls Industries, ",14.73805,0.15963780825821616,0.3944165273531618,0.07973344958596715,2025-11-01
IBM,307.41,6.72,287346950144,934735206,29.853,Technology,International Business Machines,11.35532,0.06560801456938248,0.09711134950530698,0.049668241449382866,2025-11-01
IEX,171.46,2.84,12833685504,74849436,53.485,Industrials,IDEX Corporation,7.89428,0.0729566217565123,0.3119386152334998,0.05782199479348116,2025-11-01
IDXX,629.51,0.0,50363756544,80004694,18.201,Healthcare,"IDEXX Laboratories, Inc.",12.63369,0.12407301429748552,0.028912963119060223,0.03589050022644283,2025-11-01
ITW,243.92,6.44,70761193472,290100000,11.058,Industrials,Illinois Tool Works Inc.,10.4581,0.07987397328386625,0.04533453497034878,0.060478258082396846,2025-11-01
INCY,93.48,0.0,18352246784,196322703,23.715,Healthcare,Incyte Corporation,6.84794,0.1135012865182814,0.25369062199534337,0.08353400137012479,2025-11-01
IR,76.33,0.08,30157854720,395098296,25.62,Industrials,Ingersoll Rand Inc.,3.32304,0.10156663777745667,0.33564782500285223,0.057138086216452486,2025-11-01
PODD,313.01,0.0,22033567744,70392535,20.783,Healthcare,Insulet Corporation,4.66792,0.24138802721554797,0.06639723860895762,0.04271583321115047,2025-11-01
INTC,39.99,0.0,190592352256,4766000000,22.32,Technology,Intel Corporation,0.33887,0.75,0.5581394989926788,0.08818136783895258,2025-11-01
IBKR,70.36,0.32,119599390720,445246976,11.498,Financial Services,"Interactive Brokers Group, Inc.",2.1061,0.09921181330421147,0.042804981691197695,0.044322018580522315,2025-11-01
ICE,146.29,1.92,83411419136,570178585,50.077,Financial Services,Intercontinental Exchange Inc.,6.90227,0.08994577146359117,0.3423132383647663,0.06191673767765826,2025-11-01
IFF,62.97,1.6,16138398720,256287081,56.2,Basic Materials,International Flavors & Fragran,4.2428,0.061492410672197684,0.8924884185907634,0.07393336983448517,2025-11-01
IP,38.64,1.85,20401227776,527982095,32.843,Consumer Cyclical,International Paper Company,0.25848,0.75,0.8499741356980672,0.08919250595141637,2025-11-01
IPG,25.66,1.32,9398395904,366266390,10.133,Communication Services,"Interpublic Group of Companies,",2.96925,0.05848278184726774,0.394894763721373,0.11246869783594982,2025-11-01
INTU,667.55,4.32,186116276224,278805000,70.613,Technology,Intuit Inc.,23.15594,0.13909605915372047,0.10577934323866134,0.058180792681845284,2025-11-01
ISRG,534.28,0.0,189400170496,354496073,47.703,Healthcare,"Intuitive Surgical, Inc.",8.62933,0.11994558094313224,0.08928464069506283,0.030537018578407467,2025-11-01
IVZ,23.7,0.84,10548870144,445100000,31.466,Financial Services,Invesco Ltd,1.98447,0.2622916950117664,1.327679306770695,0.15610212912386634,2025-11-01
INVH,28.15,1.16,17256529920,613020589,15.702,Real Estate,Invitation Homes Inc.,0.89,0.01,0.5577975023426959,0.03367706207455423,2025-11-01
IQV,216.46,0.0,36863139840,170300000,36.171,Healthcare,"IQVIA Holdings, Inc.",11.88982,0.08647565732702422,0.16710245862768047,0.06278907654961283,2025-11-01
IRM,102.95,3.14,30406098944,295348225,-2.599,Real Estate,Iron Mountain Incorporated (Del,2.04134,0.1435576631036477,,0.04477261317304519,2025-11-01
JBHT,168.86,1.76,16078569472,95218346,37.512,Industrials,"J.B. Hunt Transport Services, I",6.00539,0.17152424738443295,0.22214853139591548,0.06777811298648909,2025-11-01
JBL,220.89,0.32,23599298560,106837337,14.077,Technology,Jabil Inc.,11.10305,0.15539603982689432,0.06372855486044582,0.07585596598043065,2025-11-01
JKHY,148.94,2.32,10822755328,72665198,29.255,Technology,"Jack Henry & Associates, Inc.",6.26111,0.08824793047878088,0.1964213643442721,0.05777720454059543,2025-11-01
J,155.81,1.28,18624976896,119536469,31.929,Industrials,Jacobs Solutions Inc.,6.06159,0.15904737865807483,0.20492266594546435,0.06793474499004548,2025-11-01
JNJ,188.87,5.2,455043547136,2409295102,32.947,Healthcare,Johnson & Johnson,10.86429,0.05910832645299413,0.17444274559039027,0.06695891807011967,2025-11-01
JCI,114.39,1.6,74855145472,654385440,24.191,Industrials,Johnson Controls International ,3.70882,0.19488678339741483,0.21147829022603917,0.0705888432691476,2025-11-01
JPM,311.12,6.0,846930903040,2722200000,124.96,Financial Services,JP Morgan Chase & Co.,20.09043,0.06064180806483477,0.401645648752451,0.06943208486521024,2025-11-01
K,83.06,2.32,28899284992,347932629,12.08,Consumer Defensive,Kellanova,3.71986,0.01904641572532295,0.1454370293065554,0.044766266844458946,2025-11-01
KVUE,14.37,0.83,27577034752,1919069920,5.592,Consumer Defensive,Kenvue Inc.,1.02921,0.08010027108170359,0.38914405008180625,0.09815241412865483,2025-11-01
KDP,27.16,0.92,36899119104,1358583125,18.64,Consumer Defensive,Keurig Dr Pepper Inc.,2.04405,0.06252293241359075,0.6863033607556985,0.08296528265156156,2025-11-01
KEY,17.59,0.82,19576827904,1112952000,15.816,Financial Services,KeyCorp,1.47132,0.20009243400483911,0.8991471406051136,0.14318610450491465,2025-11-01
KEYS,182.96,0.0,31442821120,171856249,32.993,Technology,Keysight Technologies Inc.,7.07012,0.10267859668577062,0.1803290233283304,0.05245095084200456,2025-11-01
KMB,119.71,5.04,39726772224,331858421,4.013,Consumer Defensive,Kimberly-Clark Corporation,7.47448,0.027053386991469752,0.03352267926434899,0.06458132244499468,2025-11-01
KIM,20.66,1.04,13990851584,677195122,15.485,Real Estate,Kimco Realty Corporation (HC),0.70951,0.14194303110597462,0.7495159534221816,0.07129340746838586,2025-11-01
KMI,26.19,1.17,58266472448,2224760390,13.817,Energy,"Kinder Morgan, Inc.",1.29112,0.06803395501580023,0.5275677935722559,0.07026627592222556,2025-11-01
KKR,118.33,0.74,109516464128,890948725,28.819,Financial Services,KKR & Co. Inc.,5.14022,0.31527249806428514,0.23445106185829065,0.10759720467375422,2025-11-01
KLAC,1208.74,7.6,159172362240,131684530,37.835,Technology,KLA Corporation,35.75226,0.1649367060991389,0.031301188990571834,0.05704177336013831,2025-11-01
KHC,24.73,1.6,29271801856,1183655579,35.008,Consumer Defensive,The Kraft Heinz Company,2.53304,0.01,1.4156086022131347,0.08720697202641225,2025-11-01
KR,63.63,1.4,42166214656,662678212,12.338,Consumer Defensive,Kroger Company (The),4.79894,0.09786744572759831,0.19390224724600896,0.08971480208969307,2025-11-01
LHX,289.1,4.8,54076981248,187052847,104.356,Industrials,"L3Harris Technologies, Inc.",10.60657,0.168594559787,0.3609685017736439,0.07148453433646151,2025-11-01
LH,253.96,2.88,21078679552,83000000,104.782,Healthcare,Labcorp Holdings Inc.,16.31917,0.07513739975746314,0.4125925430264826,0.07066212944162686,2025-11-01
LRCX,157.46,1.04,197774491648,1256030000,8.095,Technology,Lam Research Corporation,4.81948,0.1483230555993591,0.051409879834737625,0.05525936129265896,2025-11-01
LW,61.73,1.48,8602228736,139352480,12.845,Consumer Defensive,"Lamb Weston Holdings, Inc.",3.05622,0.14917119840849136,0.2080835863046737,0.08426605063105971,2025-11-01
LVS,59.35,1.0,40128577536,676134487,2.317,Consumer Cyclical,Las Vegas Sands Corp.,2.88992,0.08771523087144262,0.03903959977085095,0.06404435868594402,2025-11-01
LDOS,190.47,1.6,24436791296,128297332,36.338,Technology,"Leidos Holdings, Inc.",11.57652,0.034191622352831574,0.19078071231795163,0.05509991070463871,2025-11-01
LEN,123.77,2.0,31385329664,223803530,88.504,Consumer Cyclical,Lennar Corporation,8.27693,0.08438636064337879,0.6311072029885307,0.07708355551633106,2025-11-01
LII,505.0,5.2,17711755264,35072782,30.51,Industrials,"Lennox International, Inc.",22.97025,0.08992762377422969,0.06041584037664355,0.05939982088008848,2025-11-01
LLY,862.86,6.0,772275896320,895018757,26.56,Healthcare,Eli Lilly and Company,23.54758,0.31822718088228186,0.030781354564081802,0.08373801340389331,2025-11-01
LIN,418.3,6.0,196144857088,468909532,82.372,Basic Materials,Linde plc,16.43024,0.09274423258576858,0.1969208703370436,0.05579908671714573,2025-11-01
LYV,149.53,0.0,34683498496,231950108,1.565,Communication Services,"Live Nation Entertainment, Inc.",0.99541,0.75,0.010466127546558329,0.07646065212642986,2025-11-01
LKQ,31.96,1.2,8180673024,255966006,25.572,Consumer Cyclical,LKQ Corporation,3.092,0.08616106080206998,0.8001252080640547,0.1065516752019583,2025-11-01
LMT,491.88,13.8,113819951104,231397796,26.874,Industrials,Lockheed Martin Corporation,22.2751,0.30017643018437634,0.05463527535714658,0.12288815890263416,2025-11-01
L,99.56,0.25,20651372544,207426395,84.416,Financial Services,Loews Corporation,2.9,0.121,0.8478906921567954,0.04681825900039993,2025-11-01
LOW,238.13,4.8,133549236224,560824905,-20.321,Consumer Cyclical,"Lowe's Companies, Inc.",12.32108,0.08093933324026792,,0.06604443746854971,2025-11-01
LULU,170.54,0.0,20224194560,113468082,36.885,Consumer Cyclical,lululemon athletica inc.,13.03262,0.014469845664187186,0.20694372733378213,0.05470105309652054,2025-11-01
LYB,46.42,5.48,14930918400,321648429,38.476,Basic Materials,LyondellBasell Industries NV,2.59075,0.46440220013509603,0.8288669606689432,0.2137240445066807,2025-11-01
MTB,183.87,6.0,28259123200,153690781,170.435,Financial Services,M&T Bank Corporation,16.63279,0.1256842658387438,0.9269320946141386,0.11419901350232475,2025-11-01
MPC,194.91,4.0,59256602624,304020309,54.684,Energy,Marathon Petroleum Corporation,10.12838,0.31748216397883966,0.28056023871038727,0.1297752235190227,2025-11-01
MAR,260.58,2.68,70736478208,271457839,-10.893,Consumer Cyclical,Marriott International,10.06029,0.12816529145780087,,0.06165292687041546,2025-11-01
MMC,178.15,3.6,87277412352,489909683,30.924,Financial Services,"Marsh & McLennan Companies, Inc",9.6086,0.07674791332764408,0.17358405375253808,0.06666670760162063,2025-11-01
MLM,613.1,3.32,36973608960,60306003,155.259,Basic Materials,"Martin Marietta Materials, Inc.",18.93752,0.1594115808194525,0.2532360238327408,0.0572850059399298,2025-11-01
MAS,64.76,1.24,13450369024,207695621,-0.376,Industrials,Masco Corporation,3.93071,0.07974131899834891,,0.07234976291301554,2025-11-01
MA,551.99,3.04,495684714496,891258183,8.778,Financial Services,Mastercard Incorporated,16.43531,0.16161727402768777,0.01578314622497227,0.0563319241386252,2025-11-01
MTCH,32.34,0.76,7781720064,240622147,-0.955,Communication Services,"Match Group, Inc.",3.31814,0.16318178256493088,,0.1298578914572347,2025-11-01
MKC,64.16,1.8,17216032768,253239902,21.436,Consumer Defensive,"McCormick & Company, Incorporat",3.0215,0.06332947211649831,0.3153136737380076,0.0602132584360225,2025-11-01
MCD,298.43,7.44,212960968704,713604434,-3.868,Consumer Cyclical,McDonald's Corporation,12.26806,0.08178310181071824,,0.05877531490282595,2025-11-01
MCK,811.34,3.28,100918034432,124384393,-15.736,Healthcare,McKesson Corporation,38.33937,0.1321602311149086,,0.06866973830548584,2025-11-01
MDT,90.7,2.84,116333273088,1282616011,37.362,Healthcare,Medtronic plc.,5.62368,0.07861400364174354,0.4119294345542243,0.07797655432806916,2025-11-01
MRK,85.98,3.24,214759424000,2497783211,19.573,Healthcare,"Merck & Company, Inc.",8.94969,0.03648617996824477,0.2276459392482958,0.09088685824858883,2025-11-01
META,648.35,2.1,1634184069120,2177889269,76.98,Communication Services,"Meta Platforms, Inc.",24.4323,0.2188209869721638,0.10259181881383828,0.07691524630377822,2025-11-01
MET,79.82,2.27,53082378240,665026054,41.517,Financial Services,"MetLife, Inc.",8.70186,0.16243193983814952,0.5201328124200866,0.1364055556298852,2025-11-01
MTD,1416.29,0.0,29174214656,20599040,-12.563,Healthcare,"Mettler-Toledo International, I",41.99793,0.0930769683172481,,0.041541810574348914,2025-11-01
MGM,32.03,0.0,8760411136,273506440,9.83,Consumer Cyclical,MGM Resorts International,2.17019,0.01,0.30689978626135567,0.04819499669152616,2025-11-01
MCHP,62.42,1.82,33686804480,539679667,12.706,Technology,Microchip Technology Incorporat,1.45249,0.75,0.2035565544061364,0.19125966898812197,2025-11-01
MU,223.77,0.46,251174240256,1122466035,48.275,Technology,"Micron Technology, Inc.",16.70995,0.12466943348124926,0.21573489297468113,0.0884870918109616,2025-11-01
MSFT,517.81,3.64,3848559656960,7432377655,48.84,Technology,Microsoft Corporation,15.72771,0.18153946124388098,0.09432030604325717,0.06165411753886951,2025-11-01
MAA,128.23,6.06,15390623744,117081742,49.694,Real Estate,Mid-America Apartment Communiti,4.19,0.01,0.3780392649268835,0.0346177512015694,2025-11-01
MHK,113.64,0.0,7025379328,61821362,134.662,Consumer Cyclical,"Mohawk Industries, Inc.",8.94065,0.1277625228590762,1.1849877225083554,0.09133439664602394,2025-11-01
MOH,153.06,0.0,7867283968,51400000,82.176,Healthcare,Molina Healthcare Inc,15.05023,0.01,0.5368874972837385,0.06312906737622204,2025-11-01
TAP,43.72,1.88,8649802752,185387559,67.814,Consumer Defensive,Molson Coors Beverage Company,5.40566,0.05048967193645182,1.45342874126455,0.109000476698673,2025-11-01
MDLZ,57.46,2.0,74143997952,1290358492,20.288,Consumer Defensive,"Mondelez International, Inc.",2.90087,0.10028715523274068,0.35308040851322664,0.0767360904047848,2025-11-01
MPWR,1005.0,6.24,48144523264,47892000,74.48,Technology,"Monolithic Power Systems, Inc.",17.69811,0.1760063645214094,0.07408934429447796,0.04112063670524624,2025-11-01
MNST,66.83,0.0,65254694912,976428189,7.365,Consumer Defensive,Monster Beverage Corporation,1.90843,0.12080610763821564,0.11020499937488085,0.045298054316224134,2025-11-01
MCO,480.3,3.76,85685518336,178400000,22.181,Financial Services,Moody's Corporation,14.67705,0.10583461935470684,0.0461815540927581,0.04733695807575437,2025-11-01
MS,164.0,4.0,260924014592,1591000000,61.587,Financial Services,Morgan Stanley,9.89724,0.06285186577267998,0.37553046680358815,0.0690165854389374,2025-11-01
MOS,27.45,0.88,8712035328,317378326,39.191,Basic Materials,Mosaic Company (The),3.0385,0.023656409412539103,1.427723087197518,0.0860295835271393,2025-11-01
MSI,406.71,4.36,67739578368,166554998,13.959,Technology,"Motorola Solutions, Inc.",15.15566,0.07332574101028944,0.03432175506690629,0.048214164873500276,2025-11-01
MSCI,588.55,7.2,44223373312,75139539,-25.485,Financial Services,MSCI Inc.,17.17439,0.12711252044468546,,0.05152308395757943,2025-11-01
NDAQ,85.49,1.08,48814399488,570995433,20.992,Financial Services,"Nasdaq, Inc.",3.42023,0.10560108530712853,0.24554918743766563,0.05887295901863861,2025-11-01
NTAP,117.78,2.08,23511052288,199618386,4.875,Technology,"NetApp, Inc.",7.75593,0.10308370498444419,0.041390730615944775,0.08246398845948255,2025-11-01
NFLX,1118.86,0.0,474097123328,423732334,61.251,Communication Services,"Netflix, Inc.",25.29943,0.27811140409092205,0.054744118689532585,0.06342810195170076,2025-11-01
NEM,80.97,1.0,88359567360,1091262981,30.399,Basic Materials,Newmont Corporation,6.18698,0.18245088880196803,0.37543533032775367,0.11105451558831592,2025-11-01
NWSA,26.5,0.2,15586590720,373149299,15.519,Communication Services,News Corporation,0.98284,0.14241382117129953,0.37153114976903684,0.06200634569271413,2025-11-01
NWS,30.47,0.2,15585823744,187090186,15.519,Communication Services,News Corporation,0.98284,0.14241382117129953,0.18628804253299272,0.05607062607207147,2025-11-01
NEE,81.4,2.27,169524428800,2082609684,26.016,Utilities,"NextEra Energy, Inc.",3.68359,0.08414617261964552,0.3196068786219912,0.0643922559264874,2025-11-01
NKE,64.59,1.6,95477022720,1189313611,9.118,Consumer Cyclical,"Nike, Inc.",1.68239,0.5021725045916821,0.1135787563977571,0.13954883062528378,2025-11-01
NI,42.11,1.12,19927822336,473232529,19.11,Utilities,NiSource Inc,1.90232,0.07737394339543302,0.4538114339193394,0.061949032451848615,2025-11-01
NDSN,231.95,3.28,13032413184,56186303,53.07,Industrials,Nordson Corporation,10.13423,0.0947166188255053,0.22879930662962628,0.06035508530414785,2025-11-01
NSC,283.38,5.4,63586680832,224386617,67.477,Industrials,Norfolk Southern Corporation,12.24235,0.08597450652856664,0.2381148938299249,0.05956423387558518,2025-11-01
NTRS,128.67,3.2,24333731840,189117369,63.829,Financial Services,Northern Trust Corporation,8.63011,0.0822434476501459,0.49606745998812657,0.0801252652375487,2025-11-01
NOC,583.45,9.24,83270025216,142720067,111.968,Industrials,Northrop Grumman Corporation,26.0611,0.10824485535913686,0.19190675660784468,0.0652588686228649,2025-11-01
NCLH,22.42,0.0,10206726144,455250952,3.513,Consumer Cyclical,Norwegian Cruise Line Holdings ,2.07214,0.2903037439555243,0.1566904580188176,0.14714930614264154,2025-11-01
NRG,171.86,1.76,33243017216,193430802,8.416,Utilities,"NRG Energy, Inc.",7.76527,0.15239650392066206,0.048970092547690844,0.07405937788394346,2025-11-01
NUE,150.05,2.2,34441793536,229535447,90.344,Basic Materials,Nucor Corporation,7.92064,0.3964288239334197,0.602092640793885,0.14659390119315086,2025-11-01
NVDA,202.49,0.04,4930024243200,24347000000,4.113,Technology,NVIDIA Corporation,4.53238,0.46192287495752793,0.020312113300076037,0.09489605008714086,2025-11-01
NVR,7210.82,0.0,19860054016,2754202,1386.544,Consumer Cyclical,"NVR, Inc.",421.1654,0.01,0.19228659976510712,0.043082800204084726,2025-11-01
NXPI,209.12,4.06,52630163456,251674471,39.841,Technology,NXP Semiconductors N.V.,11.78026,0.1674487659864894,0.19051741322243407,0.09337295756354536,2025-11-01
ORLY,94.44,0.0,79899295744,846032348,-1.056,Consumer Cyclical,"O'Reilly Automotive, Inc.",2.96945,0.11412214383134933,,0.047332783478622686,2025-11-01
OXY,41.2,0.96,40558919680,984439742,27.869,Energy,Occidental Petroleum Corporatio,2.25411,0.01,0.6764320003159907,0.046564103533987974,2025-11-01
ODFL,140.42,1.12,29511811072,210168137,20.315,Industrials,"Old Dominion Freight Line, Inc.",4.80562,0.09152825233788775,0.14467311723901105,0.048361663447961376,2025-11-01
OMC,75.02,2.8,14477626368,192983572,23.905,Communication Services,Omnicom Group Inc.,8.5937,0.08442696393869942,0.31864838692458236,0.11580709033600325,2025-11-01
ON,50.08,0.0,20481417216,408973992,19.311,Technology,ON Semiconductor Corporation,2.2914,0.2773151784934975,0.3856030408551197,0.09785425043799936,2025-11-01
OKE,67.0,4.12,42158514176,629231557,35.058,Energy,"ONEOK, Inc.",5.39618,0.10676626798957778,0.5232537331181394,0.1165859358854841,2025-11-01
ORCL,262.61,2.0,748646629376,2850792605,8.502,Technology,Oracle Corporation,6.8164,0.1773956927410365,0.03237500547876908,0.05500127579277331,2025-11-01
OTIS,92.76,1.68,36150042624,389715851,-13.913,Industrials,Otis Worldwide Corporation,4.04681,0.10018755513602073,,0.0631785809093971,2025-11-01
PCAR,98.4,1.32,51680108544,525204359,36.879,Industrials,PACCAR Inc.,4.53485,0.2807987033749739,0.3747865881332348,0.1078836817178973,2025-11-01
PKG,195.76,5.0,17614245888,89978783,51.831,Consumer Cyclical,Packaging Corporation of Americ,9.95076,0.16368900465894054,0.2647680934697419,0.09034923053537314,2025-11-01
PLTR,200.47,0.0,475583512576,2274261581,2.5,Technology,Palantir Technologies Inc.,0.6467,0.3188959331993195,0.011955111567479774,0.017869869528414795,2025-11-01
PANW,220.24,0.0,149074051072,676870933,11.715,Technology,"Palo Alto Networks, Inc.",3.80466,0.01,0.05319197353981598,0.017964477161231618,2025-11-01
PSKY,15.39,0.2,16869801984,1064653411,24.748,Communication Services,Paramount Skydance Corporation,1.25599,0.01,1.561846584827584,0.05873588877979652,2025-11-01
PH,772.83,7.2,97797054464,126544072,108.073,Industrials,Parker-Hannifin Corporation,29.10959,0.09298516399578283,0.13984058689917148,0.05253058417295586,2025-11-01
PAYX,117.03,4.32,42118410240,359894143,11.033,Technology,"Paychex, Inc.",5.46972,0.07857623424965099,0.09427497517339818,0.06791177831458986,2025-11-01
PAYC,187.09,1.5,10525045760,56256594,32.926,Technology,"Paycom Software, Inc.",9.27504,0.08723628146078077,0.17599017204120926,0.061434991243885295,2025-11-01
PYPL,69.27,0.56,64812609536,935651953,21.464,Financial Services,"PayPal Holdings, Inc.",5.34319,0.09120768679384428,0.3098599742082139,0.0830263350510908,2025-11-01
PNR,106.35,1.0,17403314176,163641880,23.114,Industrials,Pentair plc.,4.89729,0.10177669690788171,0.21733897211004416,0.062449473625878105,2025-11-01
PEP,146.09,5.69,199754711040,1367340122,14.162,Consumer Defensive,"Pepsico, Inc.",8.11165,0.05406298348671368,0.09694024589931394,0.06827528484642464,2025-11-01
PFE,24.65,1.72,140148817920,5685550500,15.602,Healthcare,"Pfizer, Inc.",3.03764,0.04266140819846975,0.632941185073964,0.11770754692777297,2025-11-01
PCG,15.96,0.1,35078651904,2197910425,13.831,Utilities,Pacific Gas & Electric Co.,1.49899,0.08854628783380813,0.8666039724493684,0.09202526613439255,2025-11-01
PM,144.33,5.88,224669663232,1556638749,-7.011,Consumer Defensive,Philip Morris International Inc,7.53324,0.10881771986555577,,0.08374910129076463,2025-11-01
PSX,136.14,4.8,54853681152,402921135,66.805,Energy,Phillips 66,6.13274,0.75,0.4907081139930677,0.25785156506960194,2025-11-01
PNW,88.52,3.64,10571699200,119427244,56.326,Utilities,Pinnacle West Capital Corporati,4.57519,0.017030986691263017,0.6363082053586996,0.05286899584630378,2025-11-01
PNC,182.55,6.8,71629250560,392381546,150.485,Financial Services,"PNC Financial Services Group, I",15.83601,0.11388348453935038,0.8243495009116287,0.11007053110773624,2025-11-01
POOL,267.06,5.0,9947846656,37249484,36.979,Industrials,Pool Corporation,10.85429,0.06729136590232976,0.13846701868943645,0.05242144205762392,2025-11-01
PPG,97.75,2.84,21935099904,224400000,34.759,Basic Materials,"PPG Industries, Inc.",7.68573,0.07301583584122784,0.3555907943951346,0.08677034835976871,2025-11-01
PPL,36.52,1.09,27007096832,739515243,19.324,Utilities,PPL Corporation,1.81076,0.07818264154277754,0.5291347176124347,0.06729986772711113,2025-11-01
PFG,84.04,3.16,18463070208,219693843,52.901,Financial Services,Principal Financial Group Inc,8.30963,0.1270008411926884,0.6294740721674345,0.12270687946994296,2025-11-01
PG,150.37,4.23,351374606336,2336733549,22.467,Consumer Defensive,Procter & Gamble Company (The),7.00392,0.054936378485191284,0.14941145916270554,0.05738708865292198,2025-11-01
PGR,206.0,4.9,120798396416,586400000,60.445,Financial Services,Progressive Corporation (The),17.8321,0.01,0.2934223388027131,0.06441050634542361,2025-11-01
PLD,124.09,4.04,115263102976,928867000,56.61,Real Estate,"Prologis, Inc.",2.6386,0.10744334116576981,0.456201156418189,0.04079739692376304,2025-11-01
PRU,104.0,5.4,36391841792,349921578,91.718,Financial Services,"Prudential Financial, Inc.",14.47873,0.026013331279746144,0.8819039023757032,0.10801957396307305,2025-11-01
PEG,80.56,2.52,40205864960,499079754,33.409,Utilities,Public Service Enterprise Group,4.02436,0.10051287658161812,0.41470953349652795,0.07469640634326391,2025-11-01
PTC,198.54,0.0,23783643136,119792704,29.325,Technology,PTC Inc.,6.80302,0.08827109136824518,0.14770323556876294,0.045293561862684295,2025-11-01
PSA,278.56,12.0,48876974080,175463014,28.28,Real Estate,Public Storage,10.0114,0.030358391433765508,0.10152212016640454,0.04378084596975529,2025-11-01
PHM,119.87,0.88,23364687872,194916877,65.717,Consumer Cyclical,"PulteGroup, Inc.",11.37791,0.01,0.5482355457082564,0.06359700661992373,2025-11-01
PWR,449.13,0.4,66972418048,149115887,56.305,Industrials,"Quanta Services, Inc.",10.59663,0.1784963710160683,0.1253645942948857,0.048945792523729686,2025-11-01
QCOM,180.9,3.56,195191111680,1079000000,25.101,Technology,QUALCOMM Incorporated,11.89279,0.01598867885500388,0.13875621060246834,0.054816768032987295,2025-11-01
DGX,175.95,3.2,19573092352,111242362,65.387,Healthcare,Quest Diagnostics Incorporated,9.81109,0.05709559284442389,0.3716226436417317,0.0616758265206659,2025-11-01
RL,319.66,3.65,19363174400,38693006,41.507,Consumer Cyclical,Ralph Lauren Corporation,14.93059,0.0861332338507721,0.0829425262028317,0.059930845960624965,2025-11-01
RJF,158.67,2.0,31432525824,198100000,60.905,Financial Services,"Raymond James Financial, Inc.",11.97044,0.1282283692161692,0.38384699236571285,0.094718047912208,2025-11-01
RTX,178.5,2.72,239327789056,1340771942,48.117,Industrials,RTX Corporation,6.19971,0.09565124820354498,0.2695630281284154,0.05223771918633166,2025-11-01
O,57.98,3.23,53011468288,914306087,42.824,Real Estate,Realty Income Corporation,1.39813,0.13897849270096474,0.7385994980741024,0.05213693522093579,2025-11-01
REG,68.95,3.02,12606671872,181741231,36.042,Real Estate,Regency Centers Corporation,2.26121,0.05792031699842126,0.5195913333994643,0.04743810480498317,2025-11-01
REGN,651.8,3.52,68503830528,103282318,301.146,Healthcare,"Regeneron Pharmaceuticals, Inc.",43.23486,0.01,0.45403383572419437,0.04873131825399879,2025-11-01
RF,24.2,1.06,21593862144,892308354,19.977,Financial Services,Regions Financial Corporation,2.32177,0.10924424038556801,0.8254958686401995,0.11774539448292953,2025-11-01
RSG,208.24,2.5,64666583040,310538713,38.294,Industrials,"Republic Services, Inc.",6.87507,0.06798767139825479,0.18389358021694538,0.04341611245858372,2025-11-01
RMD,246.88,2.4,36036157440,145940728,41.874,Healthcare,ResMed Inc.,10.91235,0.09967055675450287,0.16958306540998397,0.060381491246280006,2025-11-01
RVTY,93.59,0.28,10863232000,116072580,63.881,Healthcare,"Revvity, Inc.",4.91164,0.08192986456662132,0.6825622874463144,0.06073995543445257,2025-11-01
HOOD,146.78,0.0,130439725056,773963666,9.088,Financial Services,"Robinhood Markets, Inc.",1.78481,0.21131100789439783,0.05392361716178317,0.034068310429094154,2025-11-01
ROK,368.36,5.52,41416335360,112434397,30.8,Industrials,"Rockwell Automation, Inc.",10.04419,0.14486882466381057,0.08361385423164586,0.05373813812883127,2025-11-01
ROL,57.61,0.73,27919464448,484628814,3.161,Consumer Cyclical,"Rollins, Inc.",1.13865,0.11072761603653447,0.05486894936352326,0.03698437602667108,2025-11-01
ROP,446.15,3.3,48011907072,107613824,185.807,Technology,"Roper Technologies, Inc.",19.93325,0.08267141585040072,0.41646756014049463,0.0559447635543896,2025-11-01
ROST,158.92,1.62,51684958208,325226266,17.61,Consumer Cyclical,"Ross Stores, Inc.",6.21837,0.10129181763066519,0.11081047064431053,0.056122639424207074,2025-11-01
RCL,286.83,4.0,78222254080,272712972,37.077,Consumer Cyclical,Royal Caribbean Cruises Ltd.,15.63187,0.13813574447586885,0.1292647339528572,0.08114089644115363,2025-11-01
SPGI,487.21,3.84,147527188480,302800000,109.206,Financial Services,S&P Global Inc.,17.75013,0.10703865267465651,0.2241456448855386,0.053858632995621464,2025-11-01
CRM,260.41,1.66,247910318080,952000000,64.218,Technology,"Salesforce, Inc.",11.35135,0.1192686332462658,0.24660343495776454,0.06311920065017429,2025-11-01
SBAC,191.48,4.44,20560932864,107379013,-45.949,Real Estate,SBA Communications Corporation,8.3125,0.025413533834586444,,0.044548647332308344,2025-11-01
SLB,36.06,1.14,53870886912,1493923635,17.16,Energy,SLB Limited,2.89178,0.031205693379164456,0.4758735384935628,0.07336534388486704,2025-11-01
STX,255.88,2.96,54645252096,212968277,-0.294,Technology,Seagate Technology Holdings PLC,11.33344,0.2798726600220234,,0.1041277120363221,2025-11-01
SRE,91.94,2.58,59988320256,652472426,47.234,Utilities,DBA Sempra,4.53131,0.11836091549684302,0.5137480502565249,0.07763905386550529,2025-11-01
NOW,919.28,0.0,191349063680,208151000,54.446,Technology,"ServiceNow, Inc.",17.32478,0.17611709932247321,0.0592267823424136,0.0409087947076226,2025-11-01
SHW,344.94,3.16,85508390912,247893513,17.955,Basic Materials,Sherwin-Williams Company (The),11.36444,0.11279218333679442,0.05205252933008203,0.051830617066225604,2025-11-01
SPG,175.76,8.6,66297901056,326484763,7.384,Real Estate,"Simon Property Group, Inc.",6.72,0.01,0.036362591448493894,0.03944224124280826,2025-11-01
SWKS,77.72,2.84,11555391488,148679767,38.09,Technology,"Skyworks Solutions, Inc.",5.69231,0.01,0.4900926403844571,0.0614003072414292,2025-11-01
SJM,103.55,4.4,11047248896,106685160,55.545,Consumer Defensive,The J.M. Smucker Company,9.07633,0.01,0.5364075045277227,0.07116397962023335,2025-11-01
SW,36.92,1.72,19278573568,522171580,35.399,Consumer Cyclical,Smurfit WestRock plc,2.45498,0.44530709007812685,0.9588028748714943,0.20889533604437094,2025-11-01
SNA,335.55,8.56,17451134976,52007557,111.899,Industrials,Snap-On Incorporated,19.22556,0.06923647477628725,0.33347937705750974,0.06912742593673016,2025-11-01
SOLV,69.04,0.0,11970693120,173387798,21.022,Healthcare,Solventum Corporation,5.95013,0.0605684245554301,0.30449016218335734,0.07624887991865414,2025-11-01
SO,94.04,2.96,103547904000,1101104843,31.788,Utilities,Southern Company (The),4.27828,0.06899034191310527,0.3380263568568611,0.06177902502229926,2025-11-01
LUV,30.3,0.72,15669797888,517155080,15.036,Industrials,Southwest Airlines Company,1.07578,0.75,0.4962376565708516,0.220892742875351,2025-11-01
SWK,67.72,3.32,10482530304,154792247,58.564,Industrials,"Stanley Black & Decker, Inc.",4.60635,0.27468820215572,0.8647962744118007,0.15702152666261082,2025-11-01
SBUX,80.87,2.48,91941101568,1136900000,-6.781,Consumer Cyclical,Starbucks Corporation,2.43115,0.2824218991012484,,0.09806624351647908,2025-11-01
STT,115.66,3.36,32305278976,279312436,85.335,Financial Services,State Street Corporation,10.14138,0.11982688746501968,0.7378090355996435,0.10854292099836604,2025-11-01
STLD,156.8,2.0,22898266112,146034859,61.545,Basic Materials,"Steel Dynamics, Inc.",8.49914,0.5189019124287868,0.3925063737662182,0.17819191505962573,2025-11-01
STE,235.7,2.52,23214235648,98490606,70.701,Healthcare,STERIS plc (Ireland),10.16556,0.08712653311770335,0.2999618182736042,0.056763963748224344,2025-11-01
SYK,356.24,3.36,136193146880,382307298,56.969,Healthcare,Stryker Corporation,13.54168,0.10334906747168748,0.15991747719106672,0.055205313245677456,2025-11-01
SMCI,51.96,0.0,30878439424,594273308,10.606,Technology,"Super Micro Computer, Inc.",2.56744,0.3453985292742965,0.20411856370400489,0.11784534420501436,2025-11-01
SYF,74.38,1.2,26789525504,360171098,43.991,Financial Services,Synchrony Financial,9.31189,0.01,0.5914358867517925,0.0795180756734061,2025-11-01
SNPS,453.82,0.0,84296466432,185748673,148.898,Technology,"Synopsys, Inc.",12.82707,0.09744470093326063,0.3280992321862595,0.040839678778595734,2025-11-01
SYY,74.28,2.16,35569799168,478861056,4.319,Consumer Defensive,Sysco Corporation,4.57204,0.10531841366217254,0.058144857413888223,0.08490135715319302,2025-11-01
TMUS,210.05,4.08,234942316544,1118506626,54.069,Communication Services,"T-Mobile US, Inc.",10.15841,0.16424322310282813,0.25741014071370133,0.08474355671927791,2025-11-01
TROW,102.53,5.08,22527404032,219715241,49.449,Financial Services,"T. Rowe Price Group, Inc.",9.62033,0.05787119568663468,0.4822881028269294,0.09950000453307706,2025-11-01
TTWO,256.37,0.0,47292624896,184470212,18.877,Communication Services,"Take-Two Interactive Software, ",7.84,0.04,0.07363186542471926,0.033564760101504,2025-11-01
TPR,109.82,1.6,22733344768,207005508,4.122,Consumer Cyclical,"Tapestry, Inc.",5.48121,0.11243685244681378,0.0375341469847012,0.07062156752615911,2025-11-01
TRGP,154.04,4.0,33148151808,215191852,12.009,Energy,"Targa Resources, Inc.",8.48262,0.15778733457351612,0.07796027258582537,0.09302962355664912,2025-11-01
TGT,92.72,4.56,42131890176,454399148,33.935,Consumer Defensive,Target Corporation,7.33666,0.0830704980195347,0.36599438152347286,0.10001783725631996,2025-11-01
TEL,247.01,2.84,72758804480,294558144,42.725,Technology,TE Connectivity plc,10.61254,0.10369242424527969,0.17296871206644654,0.06084825245638624,2025-11-01
TDY,526.82,0.0,24734720000,46950987,224.936,Technology,Teledyne Technologies Incorpora,21.55173,0.09819861328997725,0.426969345593239,0.05364318029580441,2025-11-01
TER,181.76,0.48,28465125376,156608303,17.133,Technology,"Teradyne, Inc.",3.53862,0.4233910394447553,0.09426166299486176,0.08315821872623363,2025-11-01
TSLA,456.56,0.0,1518435958784,3325819167,24.058,Consumer Cyclical,"Tesla, Inc.",1.65422,0.36350062264994976,0.05269406131804333,0.022255380163797217,2025-11-01
TXN,161.46,5.68,146706284544,908623020,18.292,Technology,Texas Instruments Incorporated,5.47965,0.12434188314947114,0.11329120857706125,0.06607899981720866,2025-11-01
TPL,943.38,6.4,21678315520,22979410,56.072,Energy,Texas Pacific Land Corporation,21.78377,0.129521198580411,0.05943734310589091,0.04222414650337136,2025-11-01
TXT,80.81,0.08,14240666624,176224064,42.54,Industrials,Textron Inc.,6.11221,0.12174483533779101,0.5264199970755526,0.08791735860070882,2025-11-01
TMO,567.39,1.72,214253355008,377612121,134.984,Healthcare,Thermo Fisher Scientific Inc,22.71846,0.08436883485940516,0.23790336697019646,0.050817319464487004,2025-11-01
TJX,140.14,1.7,155967242240,1112938750,7.967,Consumer Cyclical,"TJX Companies, Inc. (The)",4.60097,0.10040056770637484,0.0568502904450021,0.050170761887984014,2025-11-01
TKO,188.4,3.04,15474589696,82136886,52.155,Communication Services,"TKO Group Holdings, Inc.",2.45463,0.75,0.2768312035076009,0.13639683711873196,2025-11-01
TTD,50.28,0.0,24584046592,445666933,5.503,Communication Services,"The Trade Desk, Inc.",1.78255,0.1883088833412807,0.09976002620728357,0.06629770462478865,2025-11-01
TSCO,54.11,0.92,28675686400,529951669,4.857,Consumer Cyclical,Tractor Supply Company,2.10738,0.10680086173352699,0.08976159176901168,0.05978084968668351,2025-11-01
TT,448.65,3.76,99483205632,221739004,37.506,Industrials,Trane Technologies plc,13.00953,0.13911417245665292,0.0835974577939101,0.05217215946677502,2025-11-01
TDG,1308.51,0.0,73734914048,56350285,-88.848,Industrials,Transdigm Group Incorporated,36.74065,0.09815966783385699,,0.040762494298479335,2025-11-01
TRV,268.62,4.4,59919294464,223063417,141.744,Financial Services,"The Travelers Companies, Inc.",24.58943,0.07902094517847713,0.5276747875969116,0.09155400300973449,2025-11-01
TRMB,79.75,0.0,18978035712,237969093,23.9,Technology,Trimble Inc.,2.98917,0.1251852520933905,0.2996865117660076,0.055919487803686496,2025-11-01
TFC,44.63,2.08,57092763648,1279246311,46.699,Financial Services,Truist Financial Corporation,3.94795,0.12752947732367437,1.0463589369347637,0.12111881239089695,2025-11-01
TYL,476.26,0.0,20603869184,43261810,83.753,Technology,"Tyler Technologies, Inc.",11.41183,0.10371780862490931,0.1758556288905042,0.03746914686291836,2025-11-01
TSN,51.41,2.0,18290104320,285760382,51.545,Consumer Defensive,"Tyson Foods, Inc.",3.79447,0.01,0.8053272213479644,0.06249483563712255,2025-11-01
USB,46.68,2.08,72634081280,1556000000,36.332,Financial Services,U.S. Bancorp,4.53803,0.07492017461321332,0.7783204661468804,0.10590875931279242,2025-11-01
UBER,96.5,0.0,201242902528,2085418676,10.829,Technology,"Uber Technologies, Inc.",2.91316,0.21855648162133212,0.11221761641636982,0.06516296434420943,2025-11-01
UDR,33.69,1.72,12683916288,330489065,9.771,Real Estate,"UDR, Inc.",0.55823,0.06586890708131055,0.25459082043690956,0.02786374714694012,2025-11-01
ULTA,519.88,0.0,23310569472,44838364,58.025,Consumer Cyclical,"Ulta Beauty, Inc.",24.47547,0.10263541415139321,0.11161229133527364,0.060180927284289365,2025-11-01
UNP,220.37,5.52,130714861568,593160889,29.174,Industrials,Union Pacific Corporation,11.8114,0.06911458421524963,0.13238644457182647,0.06604412013744165,2025-11-01
UAL,94.04,0.0,30444320768,323737989,44.199,Industrials,"United Airlines Holdings, Inc.",10.83477,0.20122623738205792,0.4700021223942387,0.1373208873692494,2025-11-01
UPS,96.42,6.56,81722662912,736042904,18.659,Industrials,"United Parcel Service, Inc.",6.83652,0.04808733098125928,0.16805405081482425,0.0901216486751909,2025-11-01
URI,871.18,7.16,55433310208,63630147,141.14,Industrials,"United Rentals, Inc.",42.72843,0.10888230623030148,0.16201015082595444,0.06641058160149516,2025-11-01
UNH,341.56,8.84,309398241280,905838620,105.725,Healthcare,UnitedHealth Group Incorporated,16.28287,0.08793720026015062,0.3095356576795471,0.06678035791496567,2025-11-01
UHS,217.01,0.8,13810231296,56388014,113.852,Healthcare,"Universal Health Services, Inc.",21.3987,0.07537887815614952,0.4648646378419063,0.08943613003051543,2025-11-01
VLO,169.56,4.52,51717414912,305009539,77.879,Energy,Valero Energy Corporation,9.43296,0.23551462107334298,0.45930056496828875,0.11589937136873807,2025-11-01
VTR,73.79,1.92,34661584896,469732824,26.333,Real Estate,"Ventas, Inc.",0.27,0.75,0.35686407564760425,0.058276999204406876,2025-11-01
VLTO,98.68,0.44,24501981184,248297345,11.466,Industrials,Veralto Corp,3.84173,0.08228063919119766,0.11619376149178909,0.04979467729861409,2025-11-01
VRSN,239.8,3.08,22229460992,92700000,-22.072,Technology,"VeriSign, Inc.",8.86526,0.09023085617342308,,0.05244147088506501,2025-11-01
VRSK,218.76,1.8,30489143296,139372570,2.703,Industrials,"Verisk Analytics, Inc.",6.95631,0.10457124538728158,0.012356006630052607,0.04858101751047361,2025-11-01
VZ,39.74,2.76,167560757248,4216425489,24.913,Communication Services,Verizon Communications Inc.,4.69517,0.027901013168852185,0.6268998179089501,0.10749200272683923,2025-11-01
VRTX,425.57,0.0,109112172544,256390651,67.015,Healthcare,Vertex Pharmaceuticals Incorpor,18.01418,0.12537956210052315,0.157471151716242,0.06083981225921675,2025-11-01
VTRS,10.36,0.48,11960280064,1154467256,13.357,Healthcare,Viatris Inc.,2.28593,0.06897411556784316,1.2892857906234392,0.1585848768960293,2025-11-01
VICI,29.99,1.8,32053653504,1068811371,25.892,Real Estate,VICI Properties Inc.,2.745,0.03460837887067392,0.863354438347522,0.09287438919671775,2025-11-01
V,340.74,2.68,658738774016,1691000000,20.036,Financial Services,Visa Inc.,12.80682,0.12658802107002365,0.05143294631564693,0.05926340955637077,2025-11-01
VST,188.3,0.91,63799865344,338820324,6.921,Utilities,Vistra Corp.,5.32028,0.6302393858969828,0.03675517886691796,0.1471099003421169,2025-11-01
VMC,289.5,1.96,38251896832,132130905,66.118,Basic Materials,Vulcan Materials Company (Holdi,8.42632,0.17391221790769862,0.22838687490868737,0.05835289190850712,2025-11-01
WRB,71.34,0.36,27100424192,379877000,24.499,Financial Services,W.R. Berkley Corporation,4.30524,0.08135434958329846,0.34341184318979384,0.06730657175747623,2025-11-01
GWW,979.0,9.04,46827765760,47832244,82.866,Industrials,"W.W. Grainger, Inc.",39.50854,0.10789338203841492,0.08464351580680667,0.05846787685819621,2025-11-01
WAB,204.44,1.0,34950488064,170957186,64.646,Industrials,Westinghouse Air Brake Technolo,8.9681,0.1300097010515049,0.31621012633410306,0.06525273455249347,2025-11-01
WMT,101.18,0.94,806693109760,7972851122,11.299,Consumer Defensive,Walmart Inc.,2.6094,0.12669962443473604,0.11167226264555469,0.04612617214563686,2025-11-01
DIS,112.62,1.0,202483318784,1797933833,60.737,Communication Services,Walt Disney Company (The),5.87848,0.1025588247302025,0.5393091533204856,0.06781736645319725,2025-11-01
WBD,22.45,0.0,55581085696,2475772282,14.565,Communication Services,"Warner Bros. Discovery, Inc. - ",0.36803,0.01,0.6487750794318345,0.01723248280183054,2025-11-01
WM,199.77,3.3,80480747520,402867051,23.628,Industrials,"Waste Management, Inc.",7.49815,0.11352666991191152,0.1182760222084478,0.05970679836911719,2025-11-01
WAT,349.6,0.0,20809635840,59524130,36.291,Healthcare,Waters Corporation,12.99068,0.09841363192688912,0.10380720827789362,0.050138432956604695,2025-11-01
WEC,111.73,3.57,36345126912,325294252,41.711,Utilities,"WEC Energy Group, Inc.",5.23557,0.06851020996758717,0.37331960837622397,0.0630061383330639,2025-11-01
WFC,86.97,1.8,273863032832,3148936681,52.254,Financial Services,Wells Fargo & Company,6.31737,0.10838687618423481,0.600827850431033,0.0904224103689949,2025-11-01
WELL,181.04,2.96,124252831744,686328043,56.653,Real Estate,Welltower Inc.,1.67244,0.5247183755471048,0.3129308368616443,0.07269464783382351,2025-11-01
WST,282.07,0.88,20293076992,71943412,42.441,Healthcare,"West Pharmaceutical Services, I",7.1025,0.09517634635691663,0.15046266024101232,0.03821077338053733,2025-11-01
WDC,150.21,0.5,51491315712,342795534,17.067,Technology,Western Digital Corporation,7.55437,0.17879584928988135,0.11362093389690854,0.08223262933664655,2025-11-01
WY,23.0,0.84,16579803136,720861000,13.093,Real Estate,Weyerhaeuser Company,0.14,0.75,0.5692608648957121,0.08367585402341848,2025-11-01
WSM,194.34,2.64,23668733952,121790333,17.651,Consumer Cyclical,"Williams-Sonoma, Inc.",8.61012,0.06639164146376597,0.09082535517711328,0.05366772841652226,2025-11-01
WMB,57.87,2.0,70669541376,1221177427,10.158,Energy,"Williams Companies, Inc. (The)",2.1387,0.12883059802683872,0.17553135427137145,0.07104118856695138,2025-11-01
WTW,313.1,3.68,29978892288,95748613,80.533,Financial Services,Willis Towers Watson Public Lim,16.98876,0.1366173870253038,0.257211740068713,0.07953036748943798,2025-11-01
WDAY,239.92,0.0,64058638336,217000000,34.352,Technology,"Workday, Inc.",8.90253,0.1884868683396741,0.11636813072579387,0.06834396360387329,2025-11-01
WYNN,118.99,1.0,12372166656,103976531,-4.289,Consumer Cyclical,"Wynn Resorts, Limited",4.76904,0.1793652391256939,,0.07386627788607308,2025-11-01
XEL,81.17,2.28,48015282176,591539773,35.455,Utilities,Xcel Energy Inc.,3.81499,0.07811291772717621,0.4367993209919775,0.06434636080818118,2025-11-01
XYL,150.85,1.6,36727308288,243469063,46.025,Industrials,Xylem Inc.,5.03094,0.10121567738832105,0.305104407235753,0.05036710515079597,2025-11-01
YUM,138.21,2.84,38358208512,277535696,-27.626,Consumer Cyclical,"Yum! Brands, Inc.",6.02472,0.10408118551567536,,0.06511434154637918,2025-11-01
ZBRA,269.25,0.0,13640269824,50660242,73.851,Technology,Zebra Technologies Corporation,15.80127,0.11692794313368471,0.27428412928893686,0.0733813199494896,2025-11-01
ZBH,100.56,0.96,19920531456,198095984,63.29,Healthcare,"Zimmer Biomet Holdings, Inc.",8.14678,0.051690361099722804,0.6293755191749038,0.07358552126593484,2025-11-01
ZTS,144.09,2.0,63858307072,443183472,11.211,Healthcare,Zoetis Inc.,6.34681,0.08382163638111106,0.07780553748457505,0.05790162402874856,2025-11-01
