date,country,icc,n_candidates,n_selected,n_icc_available,coverage_mktcap,method,status,source_file
2026-06-26,Argentina,0.1781082844003815,,9,9,1.0,ADR Top-10 ICC calculation,adr_top10_icc_calculation,data/derived/country_adr/202606/country_adr_icc_2026_06_26.csv
2026-06-26,Australia,0.0798494264874177,,4,2,0.9995655767876208,Partial ADR estimate,partial_adr_estimate,data/derived/country_adr/202606/country_adr_icc_2026_06_26.csv
2026-06-26,Brazil,0.1328321952263076,,8,8,1.0,ADR Top-10 ICC calculation,adr_top10_icc_calculation,data/derived/country_adr/202606/country_adr_icc_2026_06_26.csv
2026-06-26,Canada,0.091153168737305,,10,10,1.0,ADR Top-10 ICC calculation,adr_top10_icc_calculation,data/derived/country_adr/202606/country_adr_icc_2026_06_26.csv
2026-06-26,Cayman Islands,0.1299539057794994,,6,5,0.995792728153442,ADR Top-10 ICC calculation,adr_top10_icc_calculation,data/derived/country_adr/202606/country_adr_icc_2026_06_26.csv
2026-06-26,Chile,0.1283500070182392,,5,5,1.0,ADR Top-10 ICC calculation,adr_top10_icc_calculation,data/derived/country_adr/202606/country_adr_icc_2026_06_26.csv
2026-06-26,China,0.3091788020708831,,10,10,1.0,ADR Top-10 ICC calculation,adr_top10_icc_calculation,data/derived/country_adr/202606/country_adr_icc_2026_06_26.csv
2026-06-26,Colombia,0.0992604131282449,2.0,2,2,1.0,Partial ADR estimate,partial_adr_estimate,data/derived/country_adr/202606/country_adr_icc_2026_0626.csv
2026-06-26,France,0.0983514037312478,,10,7,0.9911795185493107,ADR Top-10 ICC calculation,adr_top10_icc_calculation,data/derived/country_adr/202606/country_adr_icc_2026_06_26.csv
2026-06-26,Germany,0.1010423976460271,,10,8,0.9712358594790126,ADR Top-10 ICC calculation,adr_top10_icc_calculation,data/derived/country_adr/202606/country_adr_icc_2026_06_26.csv
2026-06-26,Greece,0.1397937316712989,,3,3,1.0,Partial ADR estimate,partial_adr_estimate,data/derived/country_adr/202606/country_adr_icc_2026_06_26.csv
2026-06-26,Hong Kong,0.0517066571852386,,10,8,0.7171893248863777,ADR Top-10 ICC calculation,adr_top10_icc_calculation,data/derived/country_adr/202606/country_adr_icc_2026_06_26.csv
2026-06-26,India,0.0960321286018053,,6,6,1.0,ADR Top-10 ICC calculation,adr_top10_icc_calculation,data/derived/country_adr/202606/country_adr_icc_2026_06_26.csv
2026-06-26,Ireland,0.1250502016063542,,10,10,1.0,ADR Top-10 ICC calculation,adr_top10_icc_calculation,data/derived/country_adr/202606/country_adr_icc_2026_06_26.csv
2026-06-26,Israel,0.0892611516167024,,10,10,1.0,ADR Top-10 ICC calculation,adr_top10_icc_calculation,data/derived/country_adr/202606/country_adr_icc_2026_06_26.csv
2026-06-26,Italy,0.0850038927686629,,5,5,1.0,ADR Top-10 ICC calculation,adr_top10_icc_calculation,data/derived/country_adr/202606/country_adr_icc_2026_06_26.csv
2026-06-26,Japan,0.1059922686150305,,10,10,1.0,ADR Top-10 ICC calculation,adr_top10_icc_calculation,data/derived/country_adr/202606/country_adr_icc_2026_06_26.csv
2026-06-26,Luxembourg,0.1766772096834002,,5,5,1.0,ADR Top-10 ICC calculation,adr_top10_icc_calculation,data/derived/country_adr/202606/country_adr_icc_2026_06_26.csv
2026-06-26,Malaysia,0.0164041687618824,,4,2,0.8694129036045086,Partial ADR estimate,partial_adr_estimate,data/derived/country_adr/202606/country_adr_icc_2026_06_26.csv
2026-06-26,Mexico,0.0875279665572618,,8,8,1.0,ADR Top-10 ICC calculation,adr_top10_icc_calculation,data/derived/country_adr/202606/country_adr_icc_2026_06_26.csv
2026-06-26,Netherlands,0.0733634253018759,,8,7,0.9995662063701328,ADR Top-10 ICC calculation,adr_top10_icc_calculation,data/derived/country_adr/202606/country_adr_icc_2026_06_26.csv
2026-06-26,Peru,0.1078546443869787,2.0,2,2,1.0,Partial ADR estimate,partial_adr_estimate,data/derived/country_adr/202606/country_adr_icc_2026_0626.csv
2026-06-26,Singapore,0.0282039730679218,,10,5,0.0998630332394511,ADR Top-10 ICC calculation,adr_top10_icc_calculation,data/derived/country_adr/202606/country_adr_icc_2026_06_26.csv
2026-06-26,South Africa,0.1369544255319801,,5,5,1.0,ADR Top-10 ICC calculation,adr_top10_icc_calculation,data/derived/country_adr/202606/country_adr_icc_2026_06_26.csv
2026-06-26,South Korea,0.2348111876535731,,8,8,1.0,ADR Top-10 ICC calculation,adr_top10_icc_calculation,data/derived/country_adr/202606/country_adr_icc_2026_06_26.csv
2026-06-26,Spain,0.1116867926584279,,4,3,0.9997806797739274,Partial ADR estimate,partial_adr_estimate,data/derived/country_adr/202606/country_adr_icc_2026_06_26.csv
2026-06-26,Sweden,0.0684679510109844,,3,2,0.9919089527769148,Partial ADR estimate,partial_adr_estimate,data/derived/country_adr/202606/country_adr_icc_2026_06_26.csv
2026-06-26,Switzerland,0.0907953685319374,,8,6,0.9934317598106288,ADR Top-10 ICC calculation,adr_top10_icc_calculation,data/derived/country_adr/202606/country_adr_icc_2026_06_26.csv
2026-06-26,Taiwan,0.0899969876410751,,6,6,1.0,ADR Top-10 ICC calculation,adr_top10_icc_calculation,data/derived/country_adr/202606/country_adr_icc_2026_06_26.csv
2026-06-26,United Arab Emirates,0.1022541024407018,,4,2,0.6344303204233552,Partial ADR estimate,partial_adr_estimate,data/derived/country_adr/202606/country_adr_icc_2026_06_26.csv
2026-06-26,United Kingdom,0.083777991970693,,10,10,1.0,ADR Top-10 ICC calculation,adr_top10_icc_calculation,data/derived/country_adr/202606/country_adr_icc_2026_06_26.csv
2026-06-26,United States,0.0941404469442896,,10,8,0.9881807292424764,ADR Top-10 ICC calculation,adr_top10_icc_calculation,data/derived/country_adr/202606/country_adr_icc_2026_06_26.csv
