country,month,month_end_date,icc,n_candidates,n_selected,n_icc_available,coverage_mktcap,method,status,source_file
Argentina,2026-06,2026-06-08,0.1602196329315369,,9,9,1.0,ADR Top-10 ICC calculation,adr_top10_icc_calculation,data/derived/country_adr/202606/country_adr_icc_2026_06_08.csv
Argentina,2026-05,2026-05-29,0.1683884482703515,,9,9,1.0,ADR Top-10 ICC calculation,adr_top10_icc_calculation,data/derived/country_adr/202605/country_adr_icc_2026_05_29.csv
Australia,2026-05,2026-05-29,0.0694166330085521,,4,2,0.9996440166718928,Partial ADR estimate,partial_adr_estimate,data/derived/country_adr/202605/country_adr_icc_2026_05_29.csv
Belgium,2026-05,2026-05-22,0.1419267168398196,,5,2,0.7455423218592907,Partial ADR estimate,partial_adr_estimate,data/derived/country_adr/202605/country_adr_icc_2026_05_22.csv
Bermuda,2026-05,2026-05-22,0.0956026264472238,,7,4,0.739186183535226,ADR Top-10 ICC calculation,adr_top10_icc_calculation,data/derived/country_adr/202605/country_adr_icc_2026_05_22.csv
Brazil,2026-06,2026-06-08,0.1349335341255303,,8,8,1.0,ADR Top-10 ICC calculation,adr_top10_icc_calculation,data/derived/country_adr/202606/country_adr_icc_2026_06_08.csv
Brazil,2026-05,2026-05-29,0.1282253299414488,,8,8,1.0,ADR Top-10 ICC calculation,adr_top10_icc_calculation,data/derived/country_adr/202605/country_adr_icc_2026_05_29.csv
Canada,2026-06,2026-06-08,0.0923136573660457,,10,10,1.0,ADR Top-10 ICC calculation,adr_top10_icc_calculation,data/derived/country_adr/202606/country_adr_icc_2026_06_08.csv
Canada,2026-05,2026-05-29,0.0921101525482527,,10,10,1.0,ADR Top-10 ICC calculation,adr_top10_icc_calculation,data/derived/country_adr/202605/country_adr_icc_2026_05_29.csv
Cayman Islands,2026-06,2026-06-08,0.1308118942773253,,7,6,0.9955164764063932,ADR Top-10 ICC calculation,adr_top10_icc_calculation,data/derived/country_adr/202606/country_adr_icc_2026_06_08.csv
Cayman Islands,2026-05,2026-05-29,0.1332708297676423,,5,4,0.995732226916528,ADR Top-10 ICC calculation,adr_top10_icc_calculation,data/derived/country_adr/202605/country_adr_icc_2026_05_29.csv
Chile,2026-06,2026-06-08,0.1262964774337133,,5,5,1.0,ADR Top-10 ICC calculation,adr_top10_icc_calculation,data/derived/country_adr/202606/country_adr_icc_2026_06_08.csv
Chile,2026-05,2026-05-29,0.1176017460091259,,5,5,1.0,ADR Top-10 ICC calculation,adr_top10_icc_calculation,data/derived/country_adr/202605/country_adr_icc_2026_05_29.csv
China,2026-06,2026-06-08,0.2504589983645517,,10,10,1.0,ADR Top-10 ICC calculation,adr_top10_icc_calculation,data/derived/country_adr/202606/country_adr_icc_2026_06_08.csv
China,2026-05,2026-05-29,0.2534457285362584,,10,10,1.0,ADR Top-10 ICC calculation,adr_top10_icc_calculation,data/derived/country_adr/202605/country_adr_icc_2026_05_29.csv
Colombia,2026-06,2026-06-08,0.0996799726213739,2.0,2,2,1.0,Partial ADR estimate,partial_adr_estimate,data/derived/country_adr/202606/country_adr_icc_2026_0608.csv
Colombia,2026-05,2026-05-29,0.1051574115357794,2.0,2,2,1.0,Partial ADR estimate,partial_adr_estimate,data/derived/country_adr/202605/country_adr_icc_2026_0529.csv
Cyprus,2026-05,2026-05-22,0.2038801093845452,,2,2,1.0,Partial ADR estimate,partial_adr_estimate,data/derived/country_adr/202605/country_adr_icc_2026_05_22.csv
Denmark,2026-06,2026-06-08,0.1958776000180824,,2,2,1.0,Partial ADR estimate,partial_adr_estimate,data/derived/country_adr/202606/country_adr_icc_2026_06_08.csv
Denmark,2026-05,2026-05-27,0.1895939750961254,,2,2,1.0,Partial ADR estimate,partial_adr_estimate,data/derived/country_adr/202605/country_adr_icc_2026_05_27.csv
Finland,2026-05,2026-05-15,0.0690742636875704,,2,2,1.0,Partial ADR estimate,partial_adr_estimate,data/derived/country_adr/202605/country_adr_icc_2026_05_15.csv
France,2026-06,2026-06-08,0.0959570278609322,,10,7,0.9909367265518514,ADR Top-10 ICC calculation,adr_top10_icc_calculation,data/derived/country_adr/202606/country_adr_icc_2026_06_08.csv
France,2026-05,2026-05-29,0.0970576844515934,,10,7,0.9883630168925308,ADR Top-10 ICC calculation,adr_top10_icc_calculation,data/derived/country_adr/202605/country_adr_icc_2026_05_29.csv
Germany,2026-06,2026-06-08,0.0993768514513564,,10,8,0.9738152084321255,ADR Top-10 ICC calculation,adr_top10_icc_calculation,data/derived/country_adr/202606/country_adr_icc_2026_06_08.csv
Germany,2026-05,2026-05-29,0.0977094528852421,,9,8,0.9726813413645105,ADR Top-10 ICC calculation,adr_top10_icc_calculation,data/derived/country_adr/202605/country_adr_icc_2026_05_29.csv
Greece,2026-06,2026-06-08,0.1386946784779031,,3,3,1.0,Partial ADR estimate,partial_adr_estimate,data/derived/country_adr/202606/country_adr_icc_2026_06_08.csv
Greece,2026-05,2026-05-28,0.1404437737457337,,3,3,1.0,Partial ADR estimate,partial_adr_estimate,data/derived/country_adr/202605/country_adr_icc_2026_05_28.csv
Guernsey,2026-05,2026-05-15,0.0905256425565832,,2,2,1.0,Partial ADR estimate,partial_adr_estimate,data/derived/country_adr/202605/country_adr_icc_2026_05_15.csv
Hong Kong,2026-06,2026-06-08,0.3251904540213359,,10,7,0.9987734956787776,ADR Top-10 ICC calculation,adr_top10_icc_calculation,data/derived/country_adr/202606/country_adr_icc_2026_06_08.csv
Hong Kong,2026-05,2026-05-29,0.3182693068721674,,10,6,0.998797207512372,ADR Top-10 ICC calculation,adr_top10_icc_calculation,data/derived/country_adr/202605/country_adr_icc_2026_05_29.csv
India,2026-06,2026-06-08,0.0982569916932744,,6,6,1.0,ADR Top-10 ICC calculation,adr_top10_icc_calculation,data/derived/country_adr/202606/country_adr_icc_2026_06_08.csv
India,2026-05,2026-05-29,0.095966306796599,,6,6,1.0,ADR Top-10 ICC calculation,adr_top10_icc_calculation,data/derived/country_adr/202605/country_adr_icc_2026_05_29.csv
Ireland,2026-06,2026-06-08,0.1246942465369606,,10,10,1.0,ADR Top-10 ICC calculation,adr_top10_icc_calculation,data/derived/country_adr/202606/country_adr_icc_2026_06_08.csv
Ireland,2026-05,2026-05-29,0.1291200895311281,,10,10,1.0,ADR Top-10 ICC calculation,adr_top10_icc_calculation,data/derived/country_adr/202605/country_adr_icc_2026_05_29.csv
Israel,2026-06,2026-06-08,0.08134235317956,,10,10,1.0,ADR Top-10 ICC calculation,adr_top10_icc_calculation,data/derived/country_adr/202606/country_adr_icc_2026_06_08.csv
Israel,2026-05,2026-05-29,0.1087336716296019,,10,9,0.9885643835124984,ADR Top-10 ICC calculation,adr_top10_icc_calculation,data/derived/country_adr/202605/country_adr_icc_2026_05_29.csv
Italy,2026-06,2026-06-08,0.0894502779495289,,6,5,0.999888484307084,ADR Top-10 ICC calculation,adr_top10_icc_calculation,data/derived/country_adr/202606/country_adr_icc_2026_06_08.csv
Italy,2026-05,2026-05-29,0.0894338086988268,,5,5,1.0,ADR Top-10 ICC calculation,adr_top10_icc_calculation,data/derived/country_adr/202605/country_adr_icc_2026_05_29.csv
Japan,2026-06,2026-06-08,0.0873859449287418,,10,10,1.0,ADR Top-10 ICC calculation,adr_top10_icc_calculation,data/derived/country_adr/202606/country_adr_icc_2026_06_08.csv
Japan,2026-05,2026-05-29,0.0889675483810066,,10,10,1.0,ADR Top-10 ICC calculation,adr_top10_icc_calculation,data/derived/country_adr/202605/country_adr_icc_2026_05_29.csv
Jersey,2026-06,2026-06-08,0.2459987699380825,,2,2,1.0,Partial ADR estimate,partial_adr_estimate,data/derived/country_adr/202606/country_adr_icc_2026_06_08.csv
Jersey,2026-05,2026-05-28,0.15349360340813,,2,2,1.0,Partial ADR estimate,partial_adr_estimate,data/derived/country_adr/202605/country_adr_icc_2026_05_28.csv
Luxembourg,2026-06,2026-06-08,0.1670112512942344,,5,5,1.0,ADR Top-10 ICC calculation,adr_top10_icc_calculation,data/derived/country_adr/202606/country_adr_icc_2026_06_08.csv
Luxembourg,2026-05,2026-05-29,0.1649269160389768,,5,5,1.0,ADR Top-10 ICC calculation,adr_top10_icc_calculation,data/derived/country_adr/202605/country_adr_icc_2026_05_29.csv
Malaysia,2026-06,2026-06-08,0.0157082950560176,,5,2,0.8627691224300513,Partial ADR estimate,partial_adr_estimate,data/derived/country_adr/202606/country_adr_icc_2026_06_08.csv
Malaysia,2026-05,2026-05-28,0.0167585126185702,,5,2,0.8501955776209026,Partial ADR estimate,partial_adr_estimate,data/derived/country_adr/202605/country_adr_icc_2026_05_28.csv
Mexico,2026-06,2026-06-08,0.0902003100062514,,9,8,0.9999862951162288,ADR Top-10 ICC calculation,adr_top10_icc_calculation,data/derived/country_adr/202606/country_adr_icc_2026_06_08.csv
Mexico,2026-05,2026-05-29,0.090532061535551,,8,8,1.0,ADR Top-10 ICC calculation,adr_top10_icc_calculation,data/derived/country_adr/202605/country_adr_icc_2026_05_29.csv
Netherlands,2026-06,2026-06-08,0.0726919355299253,,8,7,0.9997586897608564,ADR Top-10 ICC calculation,adr_top10_icc_calculation,data/derived/country_adr/202606/country_adr_icc_2026_06_08.csv
Netherlands,2026-05,2026-05-29,0.0755018398092344,,7,6,0.9997115896927032,ADR Top-10 ICC calculation,adr_top10_icc_calculation,data/derived/country_adr/202605/country_adr_icc_2026_05_29.csv
Panama,2026-05,2026-05-15,0.1576141036365501,,2,2,1.0,Partial ADR estimate,partial_adr_estimate,data/derived/country_adr/202605/country_adr_icc_2026_05_15.csv
Peru,2026-06,2026-06-08,0.1131688630885325,2.0,2,2,1.0,Partial ADR estimate,partial_adr_estimate,data/derived/country_adr/202606/country_adr_icc_2026_0608.csv
Peru,2026-05,2026-05-29,0.1050345856561086,2.0,2,2,1.0,Partial ADR estimate,partial_adr_estimate,data/derived/country_adr/202605/country_adr_icc_2026_0529.csv
Philippines,2026-05,2026-05-15,0.1111477184710633,,2,2,1.0,Partial ADR estimate,partial_adr_estimate,data/derived/country_adr/202605/country_adr_icc_2026_05_15.csv
Singapore,2026-06,2026-06-08,0.1065278100776116,,10,6,0.7277974422678575,ADR Top-10 ICC calculation,adr_top10_icc_calculation,data/derived/country_adr/202606/country_adr_icc_2026_06_08.csv
Singapore,2026-05,2026-05-29,0.0234698008173035,,10,3,0.0686448073173578,Partial ADR estimate,partial_adr_estimate,data/derived/country_adr/202605/country_adr_icc_2026_05_29.csv
South Africa,2026-06,2026-06-08,0.1624344292966809,,5,5,1.0,ADR Top-10 ICC calculation,adr_top10_icc_calculation,data/derived/country_adr/202606/country_adr_icc_2026_06_08.csv
South Africa,2026-05,2026-05-29,0.1283212002714157,,5,5,1.0,ADR Top-10 ICC calculation,adr_top10_icc_calculation,data/derived/country_adr/202605/country_adr_icc_2026_05_29.csv
South Korea,2026-06,2026-06-08,0.2247673127975013,,9,9,1.0,ADR Top-10 ICC calculation,adr_top10_icc_calculation,data/derived/country_adr/202606/country_adr_icc_2026_06_08.csv
South Korea,2026-05,2026-05-29,0.2226640933609291,,8,8,1.0,ADR Top-10 ICC calculation,adr_top10_icc_calculation,data/derived/country_adr/202605/country_adr_icc_2026_05_29.csv
Spain,2026-06,2026-06-08,0.1186030942035097,,4,3,0.9997184082337974,Partial ADR estimate,partial_adr_estimate,data/derived/country_adr/202606/country_adr_icc_2026_06_08.csv
Spain,2026-05,2026-05-29,0.1110929138610805,,4,3,0.9996706882842492,Partial ADR estimate,partial_adr_estimate,data/derived/country_adr/202605/country_adr_icc_2026_05_29.csv
Sweden,2026-06,2026-06-08,0.0633195922418825,,2,2,1.0,Partial ADR estimate,partial_adr_estimate,data/derived/country_adr/202606/country_adr_icc_2026_06_08.csv
Sweden,2026-05,2026-05-28,0.0620546609355538,,2,2,1.0,Partial ADR estimate,partial_adr_estimate,data/derived/country_adr/202605/country_adr_icc_2026_05_28.csv
Switzerland,2026-06,2026-06-08,0.0934612680609971,,8,6,0.9936139875032208,ADR Top-10 ICC calculation,adr_top10_icc_calculation,data/derived/country_adr/202606/country_adr_icc_2026_06_08.csv
Switzerland,2026-05,2026-05-29,0.0913366269643184,,8,6,0.9933565531170756,ADR Top-10 ICC calculation,adr_top10_icc_calculation,data/derived/country_adr/202605/country_adr_icc_2026_05_29.csv
Taiwan,2026-06,2026-06-08,0.0854070915030311,,8,6,0.9999600714901016,ADR Top-10 ICC calculation,adr_top10_icc_calculation,data/derived/country_adr/202606/country_adr_icc_2026_06_08.csv
Taiwan,2026-05,2026-05-29,0.0861554619332988,,6,6,1.0,ADR Top-10 ICC calculation,adr_top10_icc_calculation,data/derived/country_adr/202605/country_adr_icc_2026_05_29.csv
Turkey,2026-05,2026-05-15,0.3066476299194554,,2,2,1.0,Partial ADR estimate,partial_adr_estimate,data/derived/country_adr/202605/country_adr_icc_2026_05_15.csv
United Arab Emirates,2026-06,2026-06-08,0.0419879353929254,,4,2,0.9273689863725396,Partial ADR estimate,partial_adr_estimate,data/derived/country_adr/202606/country_adr_icc_2026_06_08.csv
United Arab Emirates,2026-05,2026-05-29,0.0389883703514309,,4,2,0.9398171762227748,Partial ADR estimate,partial_adr_estimate,data/derived/country_adr/202605/country_adr_icc_2026_05_29.csv
United Kingdom,2026-06,2026-06-08,0.0836141585062717,,10,10,1.0,ADR Top-10 ICC calculation,adr_top10_icc_calculation,data/derived/country_adr/202606/country_adr_icc_2026_06_08.csv
United Kingdom,2026-05,2026-05-29,0.0819994326252807,,10,10,1.0,ADR Top-10 ICC calculation,adr_top10_icc_calculation,data/derived/country_adr/202605/country_adr_icc_2026_05_29.csv
United States,2026-06,2026-06-08,0.1016637621009471,,10,10,1.0,ADR Top-10 ICC calculation,adr_top10_icc_calculation,data/derived/country_adr/202606/country_adr_icc_2026_06_08.csv
United States,2026-05,2026-05-29,0.088765776761435,,10,8,0.988026391957953,ADR Top-10 ICC calculation,adr_top10_icc_calculation,data/derived/country_adr/202605/country_adr_icc_2026_05_29.csv
