date,country,ticker,company,icc,mktcap
2026-09-01,Argentina,YPF,YPF,0.073980926437751,20568258560.0
2026-09-01,Argentina,GGAL,Grupo Financiero Galicia,0.2498685569734807,7505093120.0
2026-09-01,Argentina,TEO,Telecom Argentina,0.0755160803513081,5642662912.0
2026-09-01,Argentina,BMA,Banco Macro,0.4,5013459968.0
2026-09-01,Argentina,PAM,Pampa Energia,0.116924484669897,4518795776.0
2026-09-01,Argentina,LOMA,Loma Negra,0.1121783672743031,1175135104.0
2026-09-01,Australia,BHP,BHP,0.0502325452120654,235899879424.0
2026-09-01,Australia,WDS,Woodside,0.0608733589248197,45436293120.0
2026-09-01,Brazil,PBR,Petrobras,0.139744169173234,131013967872.0
2026-09-01,Brazil,ITUB,Itau,0.1240149984069541,84647976960.0
2026-09-01,Brazil,VALE,Vale,0.1347583545679557,64347131904.0
2026-09-01,Brazil,ABEV,Ambev,0.0912360216308664,44563795968.0
2026-09-01,Brazil,BSBR,Santander Brasil,0.1848630576073677,42828656640.0
2026-09-01,Brazil,BBD,Bradesco,0.1415197262852902,35156066304.0
2026-09-01,Brazil,VIV,Telefonica Brasil,0.2684649261828146,18518538240.0
2026-09-01,Brazil,SUZ,Suzano,0.098823388722015,10911627264.0
2026-09-01,Brazil,GGB,Gerdau,0.2095622454777274,9202373632.0
2026-09-01,Brazil,SID,CSN,0.2186063486238189,1498486144.0
2026-09-01,Canada,RY,Royal Bank of Canada,0.0905418217428816,281703776256.0
2026-09-01,Canada,TD,Toronto-Dominion,0.0999963356120421,195802054656.0
2026-09-01,Canada,SHOP,Shopify,0.0458389290562194,179898564608.0
2026-09-01,Canada,BMO,Bank of Montreal,0.1075496211882364,117329739776.0
2026-09-01,Canada,BNS,Scotiabank,0.112794716402479,111169142784.0
2026-09-01,Canada,ENB,Enbridge,0.095004074120878,110776819712.0
2026-09-01,Canada,CNQ,Canadian Natural Resources,0.0811095844335038,106806321152.0
2026-09-01,Canada,CM,CIBC,0.0968233241543831,102070099968.0
2026-09-01,Canada,CP,Canadian Pacific Kansas City,0.0867458084086268,78211678208.0
2026-09-01,Canada,CNI,Canadian National Railway,0.0862621283692094,72842051584.0
2026-09-01,Chile,SQM,SQM,0.0639667769416982,22996701184.0
2026-09-01,Chile,BCH,Banco de Chile,0.1054523431286081,20935790592.0
2026-09-01,Chile,LTM,LATAM Airlines,0.1990686738717403,14429348864.0
2026-09-01,Chile,ENIC,Enel Chile,0.4,5962157568.0
2026-09-01,Chile,CCU,CCU,0.1204326828134989,2121696768.0
2026-09-01,China,BABA,Alibaba Group,0.3437207104177041,280502599680.0
2026-09-01,China,PDD,PDD Holdings,0.3502226102105886,118383886336.0
2026-09-01,China,NTES,NetEase,0.2768992743615516,76874842112.0
2026-09-01,China,JD,JD.com,0.3912700024535681,37678948352.0
2026-09-01,China,BIDU,Baidu,0.3198397172472559,32175235072.0
2026-09-01,China,TCOM,Trip.com,0.2811692538672027,27606276096.0
2026-09-01,China,BEKE,KE Holdings,0.2227127607035967,19569973248.0
2026-09-01,China,FUTU,Futu,0.333083801363789,16722399232.0
2026-09-01,China,ZTO,ZTO Express,0.2834407713340835,15979939840.0
2026-09-01,China,YUMC,Yum China,0.0984166644491738,15298942976.0
2026-09-01,Colombia,EC,Ecopetrol,0.0861556495440493,35874316288.0
2026-09-01,Colombia,CIB,Bancolombia,0.1008564957056042,22730928128.0
2026-09-01,France,TTE,TotalEnergies,0.0871684060479797,199914520576.0
2026-09-01,France,SNY,Sanofi,0.1210852974731171,106316619776.0
2026-09-01,Germany,SAP,SAP,0.0742355826797002,244737474560.0
2026-09-01,Germany,DB,Deutsche Bank,0.1574666554410101,74370826240.0
2026-09-01,India,HDB,HDFC Bank,0.0537830328525456,117894152192.0
2026-09-01,India,IBN,ICICI Bank,0.0758696379939437,108331163648.0
2026-09-01,India,INFY,Infosys,0.0786366853675562,48603594752.0
2026-09-01,India,WIT,Wipro,0.095044994708605,18103760896.0
2026-09-01,India,RDY,Dr Reddy's,0.4,10137466880.0
2026-09-01,India,MMYT,MakeMyTrip,0.0764558801582813,5279513088.0
2026-09-01,India,SIFY,Sify,0.0269890400815105,1029295872.0
2026-09-01,Israel,TEVA,Teva,0.1515236098342341,42172063744.0
2026-09-01,Israel,CHKP,Check Point,0.0778738908745931,13729472512.0
2026-09-01,Israel,ICL,ICL,0.0774424614697891,7447444992.0
2026-09-01,Israel,NICE,NICE,0.109846346992991,6229437952.0
2026-09-01,Israel,WIX,Wix,0.151277174482573,3698450688.0
2026-09-01,Israel,ZIM,ZIM,0.2102267127183837,3255236096.0
2026-09-01,Italy,E,Eni,0.0803343512301585,80001073152.0
2026-09-01,Italy,RACE,Ferrari,0.0413469237519241,72100487168.0
2026-09-01,Japan,MUFG,Mitsubishi UFJ,0.0759395793947882,256969113600.0
2026-09-01,Japan,TM,Toyota,0.1387677235286425,234527522816.0
2026-09-01,Japan,SMFG,Sumitomo Mitsui,0.093311958623942,164835426304.0
2026-09-01,Japan,SONY,Sony,0.0506259892321807,145232920576.0
2026-09-01,Japan,MFG,Mizuho,0.109353309703477,130474295296.0
2026-09-01,Japan,TAK,Takeda,0.4,58217558016.0
2026-09-01,Japan,IX,ORIX,0.0824724278284579,42771832832.0
2026-09-01,Japan,HMC,Honda,0.24035489588004,41559781376.0
2026-09-01,Japan,NMR,Nomura,0.0737894198951326,29722771456.0
2026-09-01,Luxembourg,SPOT,Spotify,0.0606441788620387,111888162816.0
2026-09-01,Luxembourg,GLOB,Globant,0.1033116162814412,1713364736.0
2026-09-01,Mexico,AMX,America Movil,0.1001957011151141,68838309888.0
2026-09-01,Mexico,FMX,FEMSA,0.0503603760430083,40868147200.0
2026-09-01,Mexico,KOF,Coca-Cola FEMSA,0.1035172337020299,23304531968.0
2026-09-01,Mexico,CX,Cemex,0.0911655347036338,15078852608.0
2026-09-01,Mexico,PAC,Pacific Airport Group,0.0900257847252349,12049118208.0
2026-09-01,Mexico,ASR,ASUR,0.1308768126636639,7508617728.0
2026-09-01,Mexico,OMAB,OMA,0.1420833614289794,4712232448.0
2026-09-01,Netherlands,ASML,ASML,0.080932557987304,639580307456.0
2026-09-01,Netherlands,ING,ING,0.1113055683590905,100624449536.0
2026-09-01,Netherlands,NXPI,NXP,0.1125733461166423,56081309696.0
2026-09-01,Netherlands,PHG,Philips,0.0845449847701435,25989795840.0
2026-09-01,Netherlands,AER,AerCap,0.0798140464581861,22659655680.0
2026-09-01,Netherlands,STLA,Stellantis,0.3022175360612747,20155183104.0
2026-09-01,Netherlands,CNH,CNH Industrial,0.1437980851042599,20101984256.0
2026-09-01,Netherlands,QGEN,Qiagen,0.0627287991316857,8959818752.0
2026-09-01,Peru,BAP,Credicorp,0.1181701291680624,29585285120.0
2026-09-01,Peru,BVN,Buenaventura,0.0849483442670368,8488240640.0
2026-09-01,Singapore,SE,Sea Limited,0.099705432302675,68996382720.0
2026-09-01,Singapore,GRAB,Grab,0.0389950747278081,14155905024.0
2026-09-01,South Africa,GFI,Gold Fields,0.1644563870311931,39787438080.0
2026-09-01,South Africa,SBSW,Sibanye Stillwater,0.4,8434497536.0
2026-09-01,South Africa,SSL,Sasol,0.102091596657854,7980919296.0
2026-09-01,South Korea,KB,KB Financial,0.4,43761864704.0
2026-09-01,South Korea,SHG,Shinhan,0.1099336071602773,37640896512.0
2026-09-01,South Korea,PKX,POSCO,0.1228432754843674,18484742144.0
2026-09-01,South Korea,SKM,SK Telecom,0.2810740878108303,14495614976.0
2026-09-01,South Korea,KT,KT,0.1080518727204856,9368104960.0
2026-09-01,South Korea,LPL,LG Display,0.0349937932699339,3269999872.0
2026-09-01,Spain,SAN,Santander,0.1042144661845961,208993239040.0
2026-09-01,Spain,BBVA,BBVA,0.0805246328306138,158044258304.0
2026-09-01,Spain,GRFS,Grifols,0.1833476079012307,5260878848.0
2026-09-01,Switzerland,NVS,Novartis,0.0818924046373424,306490277888.0
2026-09-01,Switzerland,UBS,UBS,0.1113356917394,165762711552.0
2026-09-01,Taiwan,TSM,Taiwan Semiconductor,0.100959603623978,2147200270336.0
2026-09-01,Taiwan,ASX,ASE Technology,0.1629660875400215,97455194112.0
2026-09-01,Taiwan,UMC,United Microelectronics,0.0394208094053243,51336888320.0
2026-09-01,Taiwan,HIMX,Himax,0.2112202969056714,2339051520.0
2026-09-01,United Kingdom,HSBC,HSBC,0.1029013844625542,354269790208.0
2026-09-01,United Kingdom,SHEL,Shell,0.0819175073905414,257282768896.0
2026-09-01,United Kingdom,AZN,AstraZeneca,0.0879854374508223,251972435968.0
2026-09-01,United Kingdom,ARM,Arm Holdings,0.0447784794139402,250787430400.0
2026-09-01,United Kingdom,RIO,Rio Tinto,0.0708893588459286,165660966912.0
2026-09-01,United Kingdom,UL,Unilever,0.0663883497614189,138627153920.0
2026-09-01,United Kingdom,BTI,British American Tobacco,0.1079635747477353,120462934016.0
2026-09-01,United Kingdom,BP,BP,0.0967400498704892,114525478912.0
2026-09-01,United Kingdom,GSK,GSK,0.0867621105089634,101462130688.0
2026-09-01,United Kingdom,BCS,Barclays,0.1497732872759786,87836917760.0
