ticker,month,month_end_date,label,category,icc,coverage_weight,n_holdings,n_matched,method,holding_source,status,source_file
DIA,2026-05,2026-05-29,SPDR Dow Jones Industrial Average ETF,Index,0.1104295777686052,1.0,25,25,ICC calculation,stockanalysis_full_holdings,icc_calculation,data/derived/etf/202605/etf_icc_2026_05_29.csv
DIA,2026-06,2026-06-30,SPDR Dow Jones Industrial Average ETF,Index,0.1442949332599786,0.9894539391413087,25,24,ICC calculation,stockanalysis_full_holdings,icc_calculation,data/derived/etf/202606/etf_icc_2026_06_30.csv
DIA,2026-07,2026-07-31,SPDR Dow Jones Industrial Average ETF,Index,0.0651105191490894,0.2327635795874764,25,17,Partial holdings estimate,stockanalysis_full_holdings,partial_holdings_estimate,data/derived/etf/202607/etf_icc_2026_07_31.csv
DIA,2026-08,2026-08-31,SPDR Dow Jones Industrial Average ETF,Index,0.0675542950626685,1.0,25,25,ICC calculation,stockanalysis_full_holdings,icc_calculation,data/derived/etf/202608/etf_icc_2026_08_31.csv
DIA,2026-09,2026-09-30,SPDR Dow Jones Industrial Average ETF,Index,0.0707540492315013,1.0,25,25,ICC calculation,stockanalysis_full_holdings,icc_calculation,data/derived/etf/202609/etf_icc_2026_09_30.csv
DIA,2026-10,2026-10-07,SPDR Dow Jones Industrial Average ETF,Index,0.0710706058891186,1.0,25,25,ICC calculation,stockanalysis_full_holdings,icc_calculation,data/derived/etf/202610/etf_icc_2026_10_07.csv
IJR,2026-05,2026-05-29,iShares Core S&P Small-Cap ETF,Small Cap,0.0651037664244233,0.8000000000000002,25,20,ICC calculation,stockanalysis_full_holdings,icc_calculation,data/derived/etf/202605/etf_icc_2026_05_29.csv
IJR,2026-06,2026-06-30,iShares Core S&P Small-Cap ETF,Small Cap,0.0607650122682942,0.96,25,24,ICC calculation,stockanalysis_full_holdings,icc_calculation,data/derived/etf/202606/etf_icc_2026_06_30.csv
IJR,2026-07,2026-07-31,iShares Core S&P Small-Cap ETF,Small Cap,0.0666098546488446,0.7600000000000001,25,19,Partial holdings estimate,stockanalysis_full_holdings,partial_holdings_estimate,data/derived/etf/202607/etf_icc_2026_07_31.csv
IJR,2026-08,2026-08-31,iShares Core S&P Small-Cap ETF,Small Cap,0.0772335575689833,0.96,25,24,ICC calculation,stockanalysis_full_holdings,icc_calculation,data/derived/etf/202608/etf_icc_2026_08_31.csv
IJR,2026-09,2026-09-30,iShares Core S&P Small-Cap ETF,Small Cap,0.0673376303173297,0.962775078593884,25,23,ICC calculation,stockanalysis_full_holdings,icc_calculation,data/derived/etf/202609/etf_icc_2026_09_30.csv
IJR,2026-10,2026-10-07,iShares Core S&P Small-Cap ETF,Small Cap,0.0714228523163237,0.9619436759074338,25,23,ICC calculation,stockanalysis_full_holdings,icc_calculation,data/derived/etf/202610/etf_icc_2026_10_07.csv
IVV,2026-05,2026-05-29,iShares Core S&P 500 ETF,Broad Market,0.0680043894731,1.0,25,25,ICC calculation,stockanalysis_full_holdings,icc_calculation,data/derived/etf/202605/etf_icc_2026_05_29.csv
IVV,2026-06,2026-06-30,iShares Core S&P 500 ETF,Broad Market,0.0640421636809912,1.0,25,25,ICC calculation,stockanalysis_full_holdings,icc_calculation,data/derived/etf/202606/etf_icc_2026_06_30.csv
IVV,2026-07,2026-07-31,iShares Core S&P 500 ETF,Broad Market,0.0535513288691433,0.5954995534251327,25,18,Partial holdings estimate,stockanalysis_full_holdings,partial_holdings_estimate,data/derived/etf/202607/etf_icc_2026_07_31.csv
IVV,2026-08,2026-08-31,iShares Core S&P 500 ETF,Broad Market,0.064567073231047,1.0,25,25,ICC calculation,stockanalysis_full_holdings,icc_calculation,data/derived/etf/202608/etf_icc_2026_08_31.csv
IVV,2026-09,2026-09-30,iShares Core S&P 500 ETF,Broad Market,0.0631156948983333,1.0,25,25,ICC calculation,stockanalysis_full_holdings,icc_calculation,data/derived/etf/202609/etf_icc_2026_09_30.csv
IVV,2026-10,2026-10-07,iShares Core S&P 500 ETF,Broad Market,0.0642495463283938,1.0,25,25,ICC calculation,stockanalysis_full_holdings,icc_calculation,data/derived/etf/202610/etf_icc_2026_10_07.csv
IWD,2026-05,2026-05-29,iShares Russell 1000 Value ETF,Style,0.0784637464226485,1.0,25,25,ICC calculation,stockanalysis_full_holdings,icc_calculation,data/derived/etf/202605/etf_icc_2026_05_29.csv
IWD,2026-06,2026-06-30,iShares Russell 1000 Value ETF,Style,0.0742761164456956,1.0,25,25,ICC calculation,stockanalysis_full_holdings,icc_calculation,data/derived/etf/202606/etf_icc_2026_06_30.csv
IWD,2026-07,2026-07-31,iShares Russell 1000 Value ETF,Style,0.0642090184106068,0.7706733932880019,25,19,Partial holdings estimate,stockanalysis_full_holdings,partial_holdings_estimate,data/derived/etf/202607/etf_icc_2026_07_31.csv
IWD,2026-08,2026-08-31,iShares Russell 1000 Value ETF,Style,0.0724221834850782,1.0,25,25,ICC calculation,stockanalysis_full_holdings,icc_calculation,data/derived/etf/202608/etf_icc_2026_08_31.csv
IWD,2026-09,2026-09-30,iShares Russell 1000 Value ETF,Style,0.0730207757975516,1.0,25,25,ICC calculation,stockanalysis_full_holdings,icc_calculation,data/derived/etf/202609/etf_icc_2026_09_30.csv
IWD,2026-10,2026-10-07,iShares Russell 1000 Value ETF,Style,0.072906447778615,1.0,25,25,ICC calculation,stockanalysis_full_holdings,icc_calculation,data/derived/etf/202610/etf_icc_2026_10_07.csv
IWF,2026-05,2026-05-29,iShares Russell 1000 Growth ETF,Style,0.0637186070784152,1.0,25,25,ICC calculation,stockanalysis_full_holdings,icc_calculation,data/derived/etf/202605/etf_icc_2026_05_29.csv
IWF,2026-06,2026-06-30,iShares Russell 1000 Growth ETF,Style,0.0707213879338715,0.998526094149496,25,24,ICC calculation,stockanalysis_full_holdings,icc_calculation,data/derived/etf/202606/etf_icc_2026_06_30.csv
IWF,2026-07,2026-07-31,iShares Russell 1000 Growth ETF,Style,0.0648862731732024,0.738005675935375,25,19,Partial holdings estimate,stockanalysis_full_holdings,partial_holdings_estimate,data/derived/etf/202607/etf_icc_2026_07_31.csv
IWF,2026-08,2026-08-31,iShares Russell 1000 Growth ETF,Style,0.066752973003281,1.0,25,25,ICC calculation,stockanalysis_full_holdings,icc_calculation,data/derived/etf/202608/etf_icc_2026_08_31.csv
IWF,2026-09,2026-09-30,iShares Russell 1000 Growth ETF,Style,0.065402520508979,1.0,25,25,ICC calculation,stockanalysis_full_holdings,icc_calculation,data/derived/etf/202609/etf_icc_2026_09_30.csv
IWF,2026-10,2026-10-07,iShares Russell 1000 Growth ETF,Style,0.061626274361046,1.0,25,25,ICC calculation,stockanalysis_full_holdings,icc_calculation,data/derived/etf/202610/etf_icc_2026_10_07.csv
IWM,2026-05,2026-05-29,iShares Russell 2000 ETF,Small Cap,0.0661419213848894,0.8641304347826086,25,21,ICC calculation,stockanalysis_full_holdings,icc_calculation,data/derived/etf/202605/etf_icc_2026_05_29.csv
IWM,2026-06,2026-06-30,iShares Russell 2000 ETF,Small Cap,0.0546547819013541,0.7939233817701452,25,20,Partial holdings estimate,stockanalysis_full_holdings,partial_holdings_estimate,data/derived/etf/202606/etf_icc_2026_06_30.csv
IWM,2026-07,2026-07-31,iShares Russell 2000 ETF,Small Cap,0.0618217895934957,0.803840877914952,25,20,ICC calculation,stockanalysis_full_holdings,icc_calculation,data/derived/etf/202607/etf_icc_2026_07_31.csv
IWM,2026-08,2026-08-31,iShares Russell 2000 ETF,Small Cap,0.0603456655145141,0.846685082872928,25,21,ICC calculation,stockanalysis_full_holdings,icc_calculation,data/derived/etf/202608/etf_icc_2026_08_31.csv
IWM,2026-09,2026-09-30,iShares Russell 2000 ETF,Small Cap,0.0660379090067759,0.7513227513227512,25,19,Partial holdings estimate,stockanalysis_full_holdings,partial_holdings_estimate,data/derived/etf/202609/etf_icc_2026_09_30.csv
IWM,2026-10,2026-10-07,iShares Russell 2000 ETF,Small Cap,0.0660312844565091,0.7976031957390145,25,20,Partial holdings estimate,stockanalysis_full_holdings,partial_holdings_estimate,data/derived/etf/202610/etf_icc_2026_10_07.csv
MDY,2026-05,2026-05-29,SPDR S&P MidCap 400 ETF Trust,Mid Cap,0.0601539656174331,0.954901911657856,25,24,ICC calculation,stockanalysis_full_holdings,icc_calculation,data/derived/etf/202605/etf_icc_2026_05_29.csv
MDY,2026-06,2026-06-30,SPDR S&P MidCap 400 ETF Trust,Mid Cap,0.0610543874453522,0.9542790152403284,25,24,ICC calculation,stockanalysis_full_holdings,icc_calculation,data/derived/etf/202606/etf_icc_2026_06_30.csv
MDY,2026-07,2026-07-31,SPDR S&P MidCap 400 ETF Trust,Mid Cap,0.0627892306330739,0.6511056511056511,25,17,Partial holdings estimate,stockanalysis_full_holdings,partial_holdings_estimate,data/derived/etf/202607/etf_icc_2026_07_31.csv
MDY,2026-08,2026-08-31,SPDR S&P MidCap 400 ETF Trust,Mid Cap,0.0646497987870336,0.9271844660194172,25,23,ICC calculation,stockanalysis_full_holdings,icc_calculation,data/derived/etf/202608/etf_icc_2026_08_31.csv
MDY,2026-09,2026-09-30,SPDR S&P MidCap 400 ETF Trust,Mid Cap,0.0660515546757847,0.8472816127061696,25,21,ICC calculation,stockanalysis_full_holdings,icc_calculation,data/derived/etf/202609/etf_icc_2026_09_30.csv
MDY,2026-10,2026-10-07,SPDR S&P MidCap 400 ETF Trust,Mid Cap,0.0688738477059381,0.9084724799010516,25,23,ICC calculation,stockanalysis_full_holdings,icc_calculation,data/derived/etf/202610/etf_icc_2026_10_07.csv
QQQ,2026-05,2026-05-29,Invesco QQQ Trust,Growth / Nasdaq,0.0799680643720664,1.0,25,25,ICC calculation,stockanalysis_full_holdings,icc_calculation,data/derived/etf/202605/etf_icc_2026_05_29.csv
QQQ,2026-06,2026-06-30,Invesco QQQ Trust,Growth / Nasdaq,0.0698626644355819,0.9999999999999998,25,25,ICC calculation,stockanalysis_full_holdings,icc_calculation,data/derived/etf/202606/etf_icc_2026_06_30.csv
QQQ,2026-07,2026-07-31,Invesco QQQ Trust,Growth / Nasdaq,0.0516453878886463,0.9915701583605968,25,23,ICC calculation,stockanalysis_full_holdings,icc_calculation,data/derived/etf/202607/etf_icc_2026_07_31.csv
QQQ,2026-08,2026-08-31,Invesco QQQ Trust,Growth / Nasdaq,0.0463949695097586,1.0,25,25,ICC calculation,stockanalysis_full_holdings,icc_calculation,data/derived/etf/202608/etf_icc_2026_08_31.csv
QQQ,2026-09,2026-09-30,Invesco QQQ Trust,Growth / Nasdaq,0.0619374971651668,1.0,25,25,ICC calculation,stockanalysis_full_holdings,icc_calculation,data/derived/etf/202609/etf_icc_2026_09_30.csv
QQQ,2026-10,2026-10-07,Invesco QQQ Trust,Growth / Nasdaq,0.0534159445948357,1.0,25,25,ICC calculation,stockanalysis_full_holdings,icc_calculation,data/derived/etf/202610/etf_icc_2026_10_07.csv
SMH,2026-05,2026-05-29,VanEck Semiconductor ETF,Theme,0.0809224476794611,0.91018786585237,25,24,ICC calculation,stockanalysis_full_holdings,icc_calculation,data/derived/etf/202605/etf_icc_2026_05_29.csv
SMH,2026-06,2026-06-30,VanEck Semiconductor ETF,Theme,0.0636756331105133,1.0,25,25,ICC calculation,stockanalysis_full_holdings,icc_calculation,data/derived/etf/202606/etf_icc_2026_06_30.csv
SMH,2026-07,2026-07-31,VanEck Semiconductor ETF,Theme,0.0959151550524544,0.8540360362191443,25,21,ICC calculation,stockanalysis_full_holdings,icc_calculation,data/derived/etf/202607/etf_icc_2026_07_31.csv
SMH,2026-08,2026-08-31,VanEck Semiconductor ETF,Theme,0.0980648869569674,1.0000000000000002,25,25,ICC calculation,stockanalysis_full_holdings,icc_calculation,data/derived/etf/202608/etf_icc_2026_08_31.csv
SMH,2026-09,2026-09-30,VanEck Semiconductor ETF,Theme,0.0909468839687085,1.0,25,25,ICC calculation,stockanalysis_full_holdings,icc_calculation,data/derived/etf/202609/etf_icc_2026_09_30.csv
SMH,2026-10,2026-10-07,VanEck Semiconductor ETF,Theme,0.0893962408866379,1.0,25,25,ICC calculation,stockanalysis_full_holdings,icc_calculation,data/derived/etf/202610/etf_icc_2026_10_07.csv
SPY,2026-05,2026-05-29,SPDR S&P 500 ETF Trust,Broad Market,0.0680043894731,1.0,25,25,ICC calculation,stockanalysis_full_holdings,icc_calculation,data/derived/etf/202605/etf_icc_2026_05_29.csv
SPY,2026-06,2026-06-30,SPDR S&P 500 ETF Trust,Broad Market,0.0640588845679657,0.9999999999999998,25,25,ICC calculation,stockanalysis_full_holdings,icc_calculation,data/derived/etf/202606/etf_icc_2026_06_30.csv
SPY,2026-07,2026-07-31,SPDR S&P 500 ETF Trust,Broad Market,0.0541083911758907,0.5844339172733921,25,18,Partial holdings estimate,stockanalysis_full_holdings,partial_holdings_estimate,data/derived/etf/202607/etf_icc_2026_07_31.csv
SPY,2026-08,2026-08-31,SPDR S&P 500 ETF Trust,Broad Market,0.061051314289147,1.0000000000000002,25,25,ICC calculation,stockanalysis_full_holdings,icc_calculation,data/derived/etf/202608/etf_icc_2026_08_31.csv
SPY,2026-09,2026-09-30,SPDR S&P 500 ETF Trust,Broad Market,0.0630967367211631,1.0,25,25,ICC calculation,stockanalysis_full_holdings,icc_calculation,data/derived/etf/202609/etf_icc_2026_09_30.csv
SPY,2026-10,2026-10-07,SPDR S&P 500 ETF Trust,Broad Market,0.0642693707658697,1.0,25,25,ICC calculation,stockanalysis_full_holdings,icc_calculation,data/derived/etf/202610/etf_icc_2026_10_07.csv
VOO,2026-05,2026-05-29,Vanguard S&P 500 ETF,Broad Market,0.0763065143971594,1.0,25,25,ICC calculation,stockanalysis_full_holdings,icc_calculation,data/derived/etf/202605/etf_icc_2026_05_29.csv
VOO,2026-06,2026-06-30,Vanguard S&P 500 ETF,Broad Market,0.0647564056924657,1.0,25,25,ICC calculation,stockanalysis_full_holdings,icc_calculation,data/derived/etf/202606/etf_icc_2026_06_30.csv
VOO,2026-07,2026-07-31,Vanguard S&P 500 ETF,Broad Market,0.0613088566701203,0.6098164501240562,25,19,Partial holdings estimate,stockanalysis_full_holdings,partial_holdings_estimate,data/derived/etf/202607/etf_icc_2026_07_31.csv
VOO,2026-08,2026-08-31,Vanguard S&P 500 ETF,Broad Market,0.0815219175207802,1.0,25,25,ICC calculation,stockanalysis_full_holdings,icc_calculation,data/derived/etf/202608/etf_icc_2026_08_31.csv
VOO,2026-09,2026-09-30,Vanguard S&P 500 ETF,Broad Market,0.0671195690953868,1.0000000000000002,25,25,ICC calculation,stockanalysis_full_holdings,icc_calculation,data/derived/etf/202609/etf_icc_2026_09_30.csv
VOO,2026-10,2026-10-07,Vanguard S&P 500 ETF,Broad Market,0.0667624976789387,1.0000000000000002,25,25,ICC calculation,stockanalysis_full_holdings,icc_calculation,data/derived/etf/202610/etf_icc_2026_10_07.csv
VTI,2026-05,2026-05-29,Vanguard Total Stock Market ETF,Broad Market,0.0766033905494412,1.0000000000000002,25,25,ICC calculation,stockanalysis_full_holdings,icc_calculation,data/derived/etf/202605/etf_icc_2026_05_29.csv
VTI,2026-06,2026-06-30,Vanguard Total Stock Market ETF,Broad Market,0.0855802481969781,1.0,25,25,ICC calculation,stockanalysis_full_holdings,icc_calculation,data/derived/etf/202606/etf_icc_2026_06_30.csv
VTI,2026-07,2026-07-31,Vanguard Total Stock Market ETF,Broad Market,0.0621095412243914,0.487065451041435,25,18,Partial holdings estimate,stockanalysis_full_holdings,partial_holdings_estimate,data/derived/etf/202607/etf_icc_2026_07_31.csv
VTI,2026-08,2026-08-31,Vanguard Total Stock Market ETF,Broad Market,0.0902859587813381,1.0,25,25,ICC calculation,stockanalysis_full_holdings,icc_calculation,data/derived/etf/202608/etf_icc_2026_08_31.csv
VTI,2026-09,2026-09-30,Vanguard Total Stock Market ETF,Broad Market,0.0696629981819876,1.0,25,25,ICC calculation,stockanalysis_full_holdings,icc_calculation,data/derived/etf/202609/etf_icc_2026_09_30.csv
VTI,2026-10,2026-10-07,Vanguard Total Stock Market ETF,Broad Market,0.071089955527396,1.0,25,25,ICC calculation,stockanalysis_full_holdings,icc_calculation,data/derived/etf/202610/etf_icc_2026_10_07.csv
VTV,2026-05,2026-05-29,Vanguard Value ETF,Style,0.076843220071676,1.0000000000000002,25,25,ICC calculation,stockanalysis_full_holdings,icc_calculation,data/derived/etf/202605/etf_icc_2026_05_29.csv
VTV,2026-06,2026-06-30,Vanguard Value ETF,Style,0.0776500577445144,1.0,25,25,ICC calculation,stockanalysis_full_holdings,icc_calculation,data/derived/etf/202606/etf_icc_2026_06_30.csv
VTV,2026-07,2026-07-31,Vanguard Value ETF,Style,0.0699868421234918,0.6429737543223172,25,16,Partial holdings estimate,stockanalysis_full_holdings,partial_holdings_estimate,data/derived/etf/202607/etf_icc_2026_07_31.csv
VTV,2026-08,2026-08-31,Vanguard Value ETF,Style,0.0767991729920677,1.0,25,25,ICC calculation,stockanalysis_full_holdings,icc_calculation,data/derived/etf/202608/etf_icc_2026_08_31.csv
VTV,2026-09,2026-09-30,Vanguard Value ETF,Style,0.0794400144522223,1.0000000000000002,25,25,ICC calculation,stockanalysis_full_holdings,icc_calculation,data/derived/etf/202609/etf_icc_2026_09_30.csv
VTV,2026-10,2026-10-07,Vanguard Value ETF,Style,0.0797114772766676,1.0000000000000002,25,25,ICC calculation,stockanalysis_full_holdings,icc_calculation,data/derived/etf/202610/etf_icc_2026_10_07.csv
VUG,2026-05,2026-05-29,Vanguard Growth ETF,Style,0.0532735677225783,1.0,25,25,ICC calculation,stockanalysis_full_holdings,icc_calculation,data/derived/etf/202605/etf_icc_2026_05_29.csv
VUG,2026-06,2026-06-30,Vanguard Growth ETF,Style,0.0711919793272486,1.0,25,25,ICC calculation,stockanalysis_full_holdings,icc_calculation,data/derived/etf/202606/etf_icc_2026_06_30.csv
VUG,2026-07,2026-07-31,Vanguard Growth ETF,Style,0.0765645956503929,0.900829145728643,25,22,ICC calculation,stockanalysis_full_holdings,icc_calculation,data/derived/etf/202607/etf_icc_2026_07_31.csv
VUG,2026-08,2026-08-31,Vanguard Growth ETF,Style,0.0705372805777845,0.9999999999999998,25,25,ICC calculation,stockanalysis_full_holdings,icc_calculation,data/derived/etf/202608/etf_icc_2026_08_31.csv
VUG,2026-09,2026-09-30,Vanguard Growth ETF,Style,0.0656016819927494,1.0,25,25,ICC calculation,stockanalysis_full_holdings,icc_calculation,data/derived/etf/202609/etf_icc_2026_09_30.csv
VUG,2026-10,2026-10-07,Vanguard Growth ETF,Style,0.0649593965033303,1.0,25,25,ICC calculation,stockanalysis_full_holdings,icc_calculation,data/derived/etf/202610/etf_icc_2026_10_07.csv
XBI,2026-05,2026-05-29,SPDR S&P Biotech ETF,Theme,0.063310449683608,0.4281720350881501,25,11,Partial holdings estimate,stockanalysis_full_holdings,partial_holdings_estimate,data/derived/etf/202605/etf_icc_2026_05_29.csv
XBI,2026-06,2026-06-30,SPDR S&P Biotech ETF,Theme,0.1122489395079482,0.1102439024390244,25,3,Partial holdings estimate,stockanalysis_full_holdings,partial_holdings_estimate,data/derived/etf/202606/etf_icc_2026_06_30.csv
XBI,2026-07,2026-07-31,SPDR S&P Biotech ETF,Theme,0.0955081854400637,0.200750920520436,25,5,Partial holdings estimate,stockanalysis_full_holdings,partial_holdings_estimate,data/derived/etf/202607/etf_icc_2026_07_31.csv
XBI,2026-08,2026-08-31,SPDR S&P Biotech ETF,Theme,0.0706866928777293,0.3552592508801945,25,8,Partial holdings estimate,stockanalysis_full_holdings,partial_holdings_estimate,data/derived/etf/202608/etf_icc_2026_08_31.csv
XBI,2026-09,2026-09-30,SPDR S&P Biotech ETF,Theme,0.0935077191586209,0.8279257244604459,25,18,ICC calculation,stockanalysis_full_holdings,icc_calculation,data/derived/etf/202609/etf_icc_2026_09_30.csv
XBI,2026-10,2026-10-07,SPDR S&P Biotech ETF,Theme,0.0770583129432655,0.6471888831703551,25,16,Partial holdings estimate,stockanalysis_full_holdings,partial_holdings_estimate,data/derived/etf/202610/etf_icc_2026_10_07.csv
XLB,2026-05,2026-05-29,Materials Select Sector SPDR Fund,Sector,0.078426981964433,0.9436291873292176,25,24,ICC calculation,stockanalysis_full_holdings,icc_calculation,data/derived/etf/202605/etf_icc_2026_05_29.csv
XLB,2026-06,2026-06-30,Materials Select Sector SPDR Fund,Sector,0.0829470195363136,1.0,25,25,ICC calculation,stockanalysis_full_holdings,icc_calculation,data/derived/etf/202606/etf_icc_2026_06_30.csv
XLB,2026-07,2026-07-31,Materials Select Sector SPDR Fund,Sector,0.0812168175898738,0.7380301649964571,25,17,Partial holdings estimate,stockanalysis_full_holdings,partial_holdings_estimate,data/derived/etf/202607/etf_icc_2026_07_31.csv
XLB,2026-08,2026-08-31,Materials Select Sector SPDR Fund,Sector,0.121564380175312,1.0,25,25,ICC calculation,stockanalysis_full_holdings,icc_calculation,data/derived/etf/202608/etf_icc_2026_08_31.csv
XLB,2026-09,2026-09-30,Materials Select Sector SPDR Fund,Sector,0.1331933699995731,1.0,25,25,ICC calculation,stockanalysis_full_holdings,icc_calculation,data/derived/etf/202609/etf_icc_2026_09_30.csv
XLB,2026-10,2026-10-07,Materials Select Sector SPDR Fund,Sector,0.1379669832554133,0.8231013548828047,25,24,ICC calculation,stockanalysis_full_holdings,icc_calculation,data/derived/etf/202610/etf_icc_2026_10_07.csv
XLC,2026-05,2026-05-29,Communication Services Select Sector SPDR Fund,Sector,0.1083196414500435,0.5793118927758361,24,21,Partial holdings estimate,stockanalysis_full_holdings,partial_holdings_estimate,data/derived/etf/202605/etf_icc_2026_05_29.csv
XLC,2026-06,2026-06-30,Communication Services Select Sector SPDR Fund,Sector,0.1114475768226907,0.9133401939013164,24,22,ICC calculation,stockanalysis_full_holdings,icc_calculation,data/derived/etf/202606/etf_icc_2026_06_30.csv
XLC,2026-07,2026-07-31,Communication Services Select Sector SPDR Fund,Sector,0.1014358706788925,0.8246054519368724,24,19,ICC calculation,stockanalysis_full_holdings,icc_calculation,data/derived/etf/202607/etf_icc_2026_07_31.csv
XLC,2026-08,2026-08-31,Communication Services Select Sector SPDR Fund,Sector,0.097618912569311,0.8222600027047391,25,23,ICC calculation,stockanalysis_full_holdings,icc_calculation,data/derived/etf/202608/etf_icc_2026_08_31.csv
XLC,2026-09,2026-09-30,Communication Services Select Sector SPDR Fund,Sector,0.0811652737598517,0.8887138748116695,24,22,ICC calculation,stockanalysis_full_holdings,icc_calculation,data/derived/etf/202609/etf_icc_2026_09_30.csv
XLC,2026-10,2026-10-07,Communication Services Select Sector SPDR Fund,Sector,0.0821017352914751,0.858679942187249,23,21,ICC calculation,stockanalysis_full_holdings,icc_calculation,data/derived/etf/202610/etf_icc_2026_10_07.csv
XLE,2026-05,2026-05-29,Energy Select Sector SPDR Fund,Sector,0.0743170132110451,0.957165544545597,22,20,ICC calculation,stockanalysis_full_holdings,icc_calculation,data/derived/etf/202605/etf_icc_2026_05_29.csv
XLE,2026-06,2026-06-30,Energy Select Sector SPDR Fund,Sector,0.0729479494506226,0.968218655649134,22,21,ICC calculation,stockanalysis_full_holdings,icc_calculation,data/derived/etf/202606/etf_icc_2026_06_30.csv
XLE,2026-07,2026-07-31,Energy Select Sector SPDR Fund,Sector,0.0701259521783116,0.6082426353214337,22,18,Partial holdings estimate,stockanalysis_full_holdings,partial_holdings_estimate,data/derived/etf/202607/etf_icc_2026_07_31.csv
XLE,2026-08,2026-08-31,Energy Select Sector SPDR Fund,Sector,0.0628999314812572,0.975682009108193,23,21,ICC calculation,stockanalysis_full_holdings,icc_calculation,data/derived/etf/202608/etf_icc_2026_08_31.csv
XLE,2026-09,2026-09-30,Energy Select Sector SPDR Fund,Sector,0.0851113498583552,0.9648506151142356,22,21,ICC calculation,stockanalysis_full_holdings,icc_calculation,data/derived/etf/202609/etf_icc_2026_09_30.csv
XLE,2026-10,2026-10-07,Energy Select Sector SPDR Fund,Sector,0.0832586736867815,0.9670015399281368,22,21,ICC calculation,stockanalysis_full_holdings,icc_calculation,data/derived/etf/202610/etf_icc_2026_10_07.csv
XLF,2026-05,2026-05-29,Financial Select Sector SPDR Fund,Sector,0.0854921400117995,1.0,25,25,ICC calculation,stockanalysis_full_holdings,icc_calculation,data/derived/etf/202605/etf_icc_2026_05_29.csv
XLF,2026-06,2026-06-30,Financial Select Sector SPDR Fund,Sector,0.0863400093255974,1.0,25,25,ICC calculation,stockanalysis_full_holdings,icc_calculation,data/derived/etf/202606/etf_icc_2026_06_30.csv
XLF,2026-07,2026-07-31,Financial Select Sector SPDR Fund,Sector,0.0836256884987663,0.8789902618207417,25,19,ICC calculation,stockanalysis_full_holdings,icc_calculation,data/derived/etf/202607/etf_icc_2026_07_31.csv
XLF,2026-08,2026-08-31,Financial Select Sector SPDR Fund,Sector,0.0792096442068527,1.0,25,25,ICC calculation,stockanalysis_full_holdings,icc_calculation,data/derived/etf/202608/etf_icc_2026_08_31.csv
XLF,2026-09,2026-09-30,Financial Select Sector SPDR Fund,Sector,0.0848290044152323,1.0,25,25,ICC calculation,stockanalysis_full_holdings,icc_calculation,data/derived/etf/202609/etf_icc_2026_09_30.csv
XLF,2026-10,2026-10-07,Financial Select Sector SPDR Fund,Sector,0.085119987673861,1.0,25,25,ICC calculation,stockanalysis_full_holdings,icc_calculation,data/derived/etf/202610/etf_icc_2026_10_07.csv
XLI,2026-05,2026-05-29,Industrial Select Sector SPDR Fund,Sector,0.0673145968838665,0.7123814813345499,25,24,Partial holdings estimate,stockanalysis_full_holdings,partial_holdings_estimate,data/derived/etf/202605/etf_icc_2026_05_29.csv
XLI,2026-06,2026-06-30,Industrial Select Sector SPDR Fund,Sector,0.0745140161334254,1.0,25,25,ICC calculation,stockanalysis_full_holdings,icc_calculation,data/derived/etf/202606/etf_icc_2026_06_30.csv
XLI,2026-07,2026-07-31,Industrial Select Sector SPDR Fund,Sector,0.0590853266465185,0.6923123905696487,25,22,Partial holdings estimate,stockanalysis_full_holdings,partial_holdings_estimate,data/derived/etf/202607/etf_icc_2026_07_31.csv
XLI,2026-08,2026-08-31,Industrial Select Sector SPDR Fund,Sector,0.0789803209951019,1.0,25,25,ICC calculation,stockanalysis_full_holdings,icc_calculation,data/derived/etf/202608/etf_icc_2026_08_31.csv
XLI,2026-09,2026-09-30,Industrial Select Sector SPDR Fund,Sector,0.0898848640722164,0.9999999999999998,25,25,ICC calculation,stockanalysis_full_holdings,icc_calculation,data/derived/etf/202609/etf_icc_2026_09_30.csv
XLI,2026-10,2026-10-07,Industrial Select Sector SPDR Fund,Sector,0.0719007384914543,1.0,25,25,ICC calculation,stockanalysis_full_holdings,icc_calculation,data/derived/etf/202610/etf_icc_2026_10_07.csv
XLK,2026-05,2026-05-29,Technology Select Sector SPDR Fund,Sector,0.0756524593201494,1.0,25,25,ICC calculation,stockanalysis_full_holdings,icc_calculation,data/derived/etf/202605/etf_icc_2026_05_29.csv
XLK,2026-06,2026-06-30,Technology Select Sector SPDR Fund,Sector,0.0747028801574015,1.0,25,25,ICC calculation,stockanalysis_full_holdings,icc_calculation,data/derived/etf/202606/etf_icc_2026_06_30.csv
XLK,2026-07,2026-07-31,Technology Select Sector SPDR Fund,Sector,0.0887973905674958,0.7091731587178625,25,20,Partial holdings estimate,stockanalysis_full_holdings,partial_holdings_estimate,data/derived/etf/202607/etf_icc_2026_07_31.csv
XLK,2026-08,2026-08-31,Technology Select Sector SPDR Fund,Sector,0.0839189799493222,1.0000000000000002,25,25,ICC calculation,stockanalysis_full_holdings,icc_calculation,data/derived/etf/202608/etf_icc_2026_08_31.csv
XLK,2026-09,2026-09-30,Technology Select Sector SPDR Fund,Sector,0.0908003387267111,1.0,25,25,ICC calculation,stockanalysis_full_holdings,icc_calculation,data/derived/etf/202609/etf_icc_2026_09_30.csv
XLK,2026-10,2026-10-07,Technology Select Sector SPDR Fund,Sector,0.0900283806377954,1.0,25,25,ICC calculation,stockanalysis_full_holdings,icc_calculation,data/derived/etf/202610/etf_icc_2026_10_07.csv
XLP,2026-05,2026-05-29,Consumer Staples Select Sector SPDR Fund,Sector,0.0804653757757524,1.0,25,25,ICC calculation,stockanalysis_full_holdings,icc_calculation,data/derived/etf/202605/etf_icc_2026_05_29.csv
XLP,2026-06,2026-06-30,Consumer Staples Select Sector SPDR Fund,Sector,0.075013499876644,1.0,25,25,ICC calculation,stockanalysis_full_holdings,icc_calculation,data/derived/etf/202606/etf_icc_2026_06_30.csv
XLP,2026-07,2026-07-31,Consumer Staples Select Sector SPDR Fund,Sector,0.0704975645501942,0.4592121687878827,25,17,Partial holdings estimate,stockanalysis_full_holdings,partial_holdings_estimate,data/derived/etf/202607/etf_icc_2026_07_31.csv
XLP,2026-08,2026-08-31,Consumer Staples Select Sector SPDR Fund,Sector,0.0688995539185595,1.0,25,25,ICC calculation,stockanalysis_full_holdings,icc_calculation,data/derived/etf/202608/etf_icc_2026_08_31.csv
XLP,2026-09,2026-09-30,Consumer Staples Select Sector SPDR Fund,Sector,0.0652033930059619,1.0,25,25,ICC calculation,stockanalysis_full_holdings,icc_calculation,data/derived/etf/202609/etf_icc_2026_09_30.csv
XLP,2026-10,2026-10-07,Consumer Staples Select Sector SPDR Fund,Sector,0.0665867371072008,0.9999999999999998,25,25,ICC calculation,stockanalysis_full_holdings,icc_calculation,data/derived/etf/202610/etf_icc_2026_10_07.csv
XLRE,2026-05,2026-05-29,Real Estate Select Sector SPDR Fund,Sector,0.0546405186585177,1.0000000000000002,25,25,ICC calculation,stockanalysis_full_holdings,icc_calculation,data/derived/etf/202605/etf_icc_2026_05_29.csv
XLRE,2026-06,2026-06-30,Real Estate Select Sector SPDR Fund,Sector,0.0306715936122586,1.0,25,25,ICC calculation,stockanalysis_full_holdings,icc_calculation,data/derived/etf/202606/etf_icc_2026_06_30.csv
XLRE,2026-07,2026-07-31,Real Estate Select Sector SPDR Fund,Sector,0.0448237262634348,0.3360535117056856,25,18,Partial holdings estimate,stockanalysis_full_holdings,partial_holdings_estimate,data/derived/etf/202607/etf_icc_2026_07_31.csv
XLRE,2026-08,2026-08-31,Real Estate Select Sector SPDR Fund,Sector,0.05405496016298,0.9906071463154834,25,23,ICC calculation,stockanalysis_full_holdings,icc_calculation,data/derived/etf/202608/etf_icc_2026_08_31.csv
XLRE,2026-09,2026-09-30,Real Estate Select Sector SPDR Fund,Sector,0.0659067667500779,1.0,25,25,ICC calculation,stockanalysis_full_holdings,icc_calculation,data/derived/etf/202609/etf_icc_2026_09_30.csv
XLRE,2026-10,2026-10-07,Real Estate Select Sector SPDR Fund,Sector,0.0661292732208897,1.0,25,25,ICC calculation,stockanalysis_full_holdings,icc_calculation,data/derived/etf/202610/etf_icc_2026_10_07.csv
XLU,2026-05,2026-05-29,Utilities Select Sector SPDR Fund,Sector,0.0757881467708487,1.0,25,25,ICC calculation,stockanalysis_full_holdings,icc_calculation,data/derived/etf/202605/etf_icc_2026_05_29.csv
XLU,2026-06,2026-06-30,Utilities Select Sector SPDR Fund,Sector,0.0724479886489014,1.0,25,25,ICC calculation,stockanalysis_full_holdings,icc_calculation,data/derived/etf/202606/etf_icc_2026_06_30.csv
XLU,2026-07,2026-07-31,Utilities Select Sector SPDR Fund,Sector,0.0711351776205525,0.7982809269937983,25,18,Partial holdings estimate,stockanalysis_full_holdings,partial_holdings_estimate,data/derived/etf/202607/etf_icc_2026_07_31.csv
XLU,2026-08,2026-08-31,Utilities Select Sector SPDR Fund,Sector,0.0752396474671502,1.0,25,25,ICC calculation,stockanalysis_full_holdings,icc_calculation,data/derived/etf/202608/etf_icc_2026_08_31.csv
XLU,2026-09,2026-09-30,Utilities Select Sector SPDR Fund,Sector,0.0783074229540764,1.0,25,25,ICC calculation,stockanalysis_full_holdings,icc_calculation,data/derived/etf/202609/etf_icc_2026_09_30.csv
XLU,2026-10,2026-10-07,Utilities Select Sector SPDR Fund,Sector,0.075765483064067,1.0,25,25,ICC calculation,stockanalysis_full_holdings,icc_calculation,data/derived/etf/202610/etf_icc_2026_10_07.csv
XLV,2026-05,2026-05-29,Health Care Select Sector SPDR Fund,Sector,0.0825673170638245,1.0000000000000002,25,25,ICC calculation,stockanalysis_full_holdings,icc_calculation,data/derived/etf/202605/etf_icc_2026_05_29.csv
XLV,2026-06,2026-06-30,Health Care Select Sector SPDR Fund,Sector,0.0830650570041214,1.0,25,25,ICC calculation,stockanalysis_full_holdings,icc_calculation,data/derived/etf/202606/etf_icc_2026_06_30.csv
XLV,2026-07,2026-07-31,Health Care Select Sector SPDR Fund,Sector,0.0772785714138541,0.9647337926000272,25,19,ICC calculation,stockanalysis_full_holdings,icc_calculation,data/derived/etf/202607/etf_icc_2026_07_31.csv
XLV,2026-08,2026-08-31,Health Care Select Sector SPDR Fund,Sector,0.0805723120864028,1.0,25,25,ICC calculation,stockanalysis_full_holdings,icc_calculation,data/derived/etf/202608/etf_icc_2026_08_31.csv
XLV,2026-09,2026-09-30,Health Care Select Sector SPDR Fund,Sector,0.0773958963207943,0.8598329484483967,25,24,ICC calculation,stockanalysis_full_holdings,icc_calculation,data/derived/etf/202609/etf_icc_2026_09_30.csv
XLV,2026-10,2026-10-07,Health Care Select Sector SPDR Fund,Sector,0.0766816736530154,0.8688771321718507,25,24,ICC calculation,stockanalysis_full_holdings,icc_calculation,data/derived/etf/202610/etf_icc_2026_10_07.csv
XLY,2026-05,2026-05-29,Consumer Discretionary Select Sector SPDR Fund,Sector,0.0819565739949937,1.0000000000000002,25,25,ICC calculation,stockanalysis_full_holdings,icc_calculation,data/derived/etf/202605/etf_icc_2026_05_29.csv
XLY,2026-06,2026-06-30,Consumer Discretionary Select Sector SPDR Fund,Sector,0.0872775073179894,0.9999999999999998,25,25,ICC calculation,stockanalysis_full_holdings,icc_calculation,data/derived/etf/202606/etf_icc_2026_06_30.csv
XLY,2026-07,2026-07-31,Consumer Discretionary Select Sector SPDR Fund,Sector,0.0810923440747177,0.8748290543155723,25,20,ICC calculation,stockanalysis_full_holdings,icc_calculation,data/derived/etf/202607/etf_icc_2026_07_31.csv
XLY,2026-08,2026-08-31,Consumer Discretionary Select Sector SPDR Fund,Sector,0.0809783925694213,1.0,25,25,ICC calculation,stockanalysis_full_holdings,icc_calculation,data/derived/etf/202608/etf_icc_2026_08_31.csv
XLY,2026-09,2026-09-30,Consumer Discretionary Select Sector SPDR Fund,Sector,0.0842383680264533,1.0,25,25,ICC calculation,stockanalysis_full_holdings,icc_calculation,data/derived/etf/202609/etf_icc_2026_09_30.csv
XLY,2026-10,2026-10-07,Consumer Discretionary Select Sector SPDR Fund,Sector,0.0828104330800089,1.0000000000000002,25,25,ICC calculation,stockanalysis_full_holdings,icc_calculation,data/derived/etf/202610/etf_icc_2026_10_07.csv
