ticker,price,dividend,mktcap,shares,bvps,sector,name,FE1,g2,icc_method,ICC,bm,date
AA,49.39,0.4,13034486784.0,263909445.0,27.926,Basic Materials,Alcoa Corporation,6.49824,0.01,forecast_icc,0.07956140156893068,0.565418131392537,2026-08-24
AAL,13.63,0.0,9022650368.0,661969951.0,-6.001,Industrials,"American Airlines Group, Inc.",0.05095,0.75,forecast_icc,0.05281059648648656,,2026-08-24
AAON,76.1,0.4,6274721792.0,82453639.0,12.255,Industrials,"AAON, Inc.",2.368,0.4898648648648649,forecast_icc,0.12470640665668664,0.16103811124077325,2026-08-24
ACI,12.61,0.68,6119956992.0,485325683.0,3.3,Consumer Defensive,"Albertsons Companies, Inc.",1.79259,0.03179756664937328,forecast_icc,0.11323813336419153,0.26169706028875306,2026-08-24
ACM,64.99,1.19,8363980288.0,128696425.0,17.042,Industrials,AECOM,3.97906,0.6135494312727128,forecast_icc,0.21950100981924103,0.2622249693721421,2026-08-24
ADC,74.58,3.2,9302134784.0,124379310.0,51.09,Real Estate,Agree Realty Corporation,1.91571,0.01,forecast_icc,0.028264891767802003,0.6831269483248116,2026-08-24
AEIS,274.67,0.4,11000654848.0,40050442.0,36.403,Industrials,"Advanced Energy Industries, Inc",11.2445,0.35085864200275685,forecast_icc,0.1085299103209574,0.13253358643381735,2026-08-24
AFG,144.44,3.52,11977176064.0,82921466.0,58.143,Financial Services,"American Financial Group, Inc.",12.20143,0.01,forecast_icc,0.06353374609475326,0.4025408637123964,2026-08-24
AGCO,110.13,1.2,7712593920.0,70031729.0,58.292,Industrials,AGCO Corporation,5.62441,0.2992278301190703,forecast_icc,0.11674771859807886,0.5293017614063622,2026-08-24
AHR,56.19,1.0,12249350144.0,217998775.0,18.977,Real Estate,"American Healthcare REIT, Inc.",0.60433,0.6381778167557459,forecast_icc,0.10088013805403728,0.33772916150995774,2026-08-24
AIT,338.75,2.04,12431737856.0,36698856.0,49.249,Industrials,Applied Industrial Technologies,12.0325,0.0992844379804696,forecast_icc,0.050652016349105655,0.14538449733089354,2026-08-24
ALGM,35.63,0.0,6641505280.0,186402046.0,5.175,Technology,"Allegro MicroSystems, Inc.",1.02772,0.4596971937881913,forecast_icc,0.10873055131925569,0.14524276461163935,2026-08-24
ALK,41.56,0.0,4638225920.0,111603120.0,32.895,Industrials,"Alaska Air Group, Inc.",5.87121,0.04,forecast_icc,0.09554326190044549,0.791506212875461,2026-08-24
ALLY,42.45,1.2,12913276928.0,304199693.0,44.378,Financial Services,Ally Financial Inc.,5.24651,0.22501434286792565,forecast_icc,0.16692308459302463,1.0454181422131739,2026-08-24
ALSN,131.38,1.16,10849102848.0,82578038.0,23.94,Consumer Cyclical,"Allison Transmission Holdings, ",9.97304,0.13281908024032818,forecast_icc,0.09466620556694677,0.18221951228754726,2026-08-24
ALV,123.18,3.48,9021360128.0,73237217.0,33.999,Consumer Cyclical,"Autoliv, Inc.",10.231,0.1537679601212003,forecast_icc,0.1160360722864634,0.2760107240431185,2026-08-24
AM,22.14,0.9,10509281280.0,474674000.0,4.098,Energy,Antero Midstream Corporation,1.38526,0.1635938379798738,forecast_icc,0.11004315193936332,0.1850948699700233,2026-08-24
AMG,358.94,0.04,9282163712.0,25859933.0,116.846,Financial Services,"Affiliated Managers Group, Inc.",36.98459,0.01,forecast_icc,0.06526285956077771,0.3255307517806038,2026-08-24
AMH,34.81,1.32,,,18.919,Real Estate,American Homes 4 Rent,0.74605,0.01,forecast_icc,0.02420410483586006,,2026-08-24
AMKR,47.9,0.33,11900873728.0,248452472.0,18.753,Technology,"Amkor Technology, Inc.",2.57368,0.09653880824344907,forecast_icc,0.06681014392434415,0.3915031210232836,2026-08-24
AN,195.13,0.0,6451155456.0,33060806.0,68.193,Consumer Cyclical,"AutoNation, Inc.",21.85162,0.13418730510598298,forecast_icc,0.11448889840720622,0.3494746885166365,2026-08-24
ANF,112.36,0.0,4992347136.0,44431710.0,30.161,Consumer Cyclical,Abercrombie & Fitch Company,10.72598,0.10398397162776729,forecast_icc,0.09528144591728649,0.268431815497455,2026-08-24
APG,40.72,0.0,17597566976.0,432160297.0,8.454,Industrials,APi Group Corporation,0.96961,0.75,forecast_icc,0.1515236970735342,0.2076129703509986,2026-08-24
APPF,225.1,0.0,7972365312.0,24087367.0,14.856,Technology,"AppFolio, Inc.",6.89775,0.22231162335544208,forecast_icc,0.06651175815305133,0.04488528939001033,2026-08-24
AR,37.9,0.0,11651939328.0,307439000.0,26.958,Energy,Antero Resources Corporation,4.30576,0.01,forecast_icc,0.06979483263965214,0.7112928010261605,2026-08-24
ARMK,59.28,0.48,15627692032.0,263625044.0,12.878,Industrials,Aramark,2.27543,0.23172323472925993,forecast_icc,0.08326163214047211,0.21724022393583856,2026-08-24
ARW,201.84,0.0,10274750464.0,50905423.0,137.424,Technology,"Arrow Electronics, Inc.",21.635,0.10584700716431694,forecast_icc,0.10271463207776066,0.6808561312377192,2026-08-24
ASB,30.9,0.96,5835454464.0,188849659.0,29.215,Financial Services,Associated Banc-Corp,2.95,0.12906779661016943,forecast_icc,0.11780290915777566,0.9454692555176111,2026-08-24
ASH,73.71,1.68,3375429120.0,45793370.0,40.836,Basic Materials,Ashland Inc.,3.52781,0.21905091260583753,forecast_icc,0.10047215535080711,0.5540089839954927,2026-08-24
ATI,209.81,0.0,28569907200.0,136170383.0,13.782,Industrials,ATI Inc.,5.13032,0.21320697344415152,forecast_icc,0.05566092836220615,0.06568800540262168,2026-08-24
ATR,134.75,1.92,8567557120.0,63581129.0,41.325,Healthcare,"AptarGroup, Inc.",5.51714,0.14500266442395882,forecast_icc,0.06970123966981301,0.30667903570685506,2026-08-24
AVAV,148.2,0.0,7531911680.0,50822615.0,87.271,Industrials,"AeroVironment, Inc.",3.24154,0.3587214718929892,forecast_icc,0.07557478038104992,0.5888731336882856,2026-08-24
AVNT,44.42,1.1,4074182400.0,91719550.0,26.569,Basic Materials,Avient Corporation,3.19982,0.0922520641786102,forecast_icc,0.08678114135459677,0.5981314739246824,2026-08-24
AVT,86.26,1.48,7079614976.0,82072979.0,61.189,Technology,"Avnet, Inc.",10.5725,0.04484937337432027,forecast_icc,0.0954838675610975,0.7093554563426868,2026-08-24
AVTR,14.26,0.0,9644877824.0,676358840.0,8.323,Healthcare,"Avantor, Inc.",0.81252,0.0852779008516713,forecast_icc,0.06406413432351107,0.5836605427299605,2026-08-24
AXTA,36.06,0.0,7717561344.0,214019997.0,11.785,Basic Materials,Axalta Coating Systems Ltd.,2.65038,0.07721911574943952,forecast_icc,0.07351388998975772,0.3268164064035459,2026-08-24
AYI,336.59,0.77,10076006400.0,29935547.0,95.368,Industrials,Acuity Inc.,19.83232,0.09379840583451671,forecast_icc,0.06853650089565788,0.2833357912809583,2026-08-24
BAH,75.22,2.36,9047835648.0,120284973.0,9.993,Industrials,Booz Allen Hamilton Holding Cor,6.40944,0.049093212511545525,forecast_icc,0.08319092976196896,0.13285030607896825,2026-08-24
BBWI,19.17,0.8,3863939840.0,201561812.0,-5.637,Consumer Cyclical,"Bath & Body Works, Inc.",2.6512,0.08203077851538931,forecast_icc,0.1289251450149993,,2026-08-24
BC,81.25,1.76,5264791040.0,64797428.0,25.889,Consumer Cyclical,Brunswick Corporation,4.55848,0.1879508081641248,forecast_icc,0.10000731693583942,0.31863384524602134,2026-08-24
BCO,112.78,1.02,4644396032.0,41181028.0,7.536,Industrials,Brinks Company (The),9.19667,0.12576943611111413,forecast_icc,0.09672195867769912,0.06682036261975688,2026-08-24
BDC,116.76,0.2,4562769920.0,39078191.0,35.523,Technology,Belden Inc,8.64398,0.16221347110937323,forecast_icc,0.09814430144112618,0.3042394429769977,2026-08-24
BHF,51.9,0.0,2984850176.0,57511563.0,113.897,Financial Services,"Brighthouse Financial, Inc.",18.4075,0.09411924487301371,forecast_icc,0.19058373204130474,2.1945471647723336,2026-08-24
BILL,48.16,0.0,4796578304.0,99596727.0,38.35,Technology,"BILL Holdings, Inc.",3.73206,0.16938098530034362,forecast_icc,0.10194593077668113,0.7963039980531089,2026-08-24
BIO,381.76,0.0,10207565824.0,21677137.0,268.303,Healthcare,"Bio-Rad Laboratories, Inc.",9.48306,0.05746035562360685,forecast_icc,0.03175201673984007,0.5697774561332086,2026-08-24
BJ,98.49,0.0,12576580608.0,127693987.0,17.274,Consumer Defensive,"BJ's Wholesale Club Holdings, I",4.6487,0.06813517757652687,forecast_icc,0.052249770490204184,0.17538836669443308,2026-08-24
BKH,72.03,2.81,5492513792.0,76253141.0,51.712,Utilities,Black Hills Corporation,4.338,0.06316274781005071,forecast_icc,0.07488902543608378,0.7179230816198194,2026-08-24
BMRN,65.07,0.0,12595844096.0,193573759.0,32.664,Healthcare,BioMarin Pharmaceutical Inc.,5.0248,0.2880074828848911,forecast_icc,0.13351887168834076,0.5019824964318136,2026-08-24
BRKR,56.98,0.2,8681433088.0,152359316.0,15.631,Healthcare,Bruker Corporation,2.1215,0.1342964883337261,forecast_icc,0.058836113092144246,0.27432434763425084,2026-08-24
BROS,51.95,0.0,9111844864.0,137940798.0,5.785,Consumer Cyclical,Dutch Bros Inc.,0.97708,0.3448028820567406,forecast_icc,0.06649106356638812,0.08757694279703664,2026-08-24
BRX,29.58,1.23,9077282816.0,306872316.0,9.847,Real Estate,Brixmor Property Group Inc.,0.97811,0.030742963470366425,forecast_icc,0.04051931294151982,0.33289385787624665,2026-08-24
BSY,37.68,0.28,11382860800.0,290577762.0,3.878,Technology,"Bentley Systems, Incorporated",1.39088,0.12931381571379275,forecast_icc,0.05896198285067655,0.09899625242153537,2026-08-24
BTSG,59.49,0.0,11770943488.0,197864241.0,9.943,Healthcare,"BrightSpring Health Services, I",1.8194,0.2521875343519844,forecast_icc,0.07205516157815361,0.1671373369746145,2026-08-24
BURL,330.64,0.0,20811212800.0,62942206.0,29.526,Consumer Cyclical,"Burlington Stores, Inc.",11.83929,0.16976271381138552,forecast_icc,0.06303413827701021,0.08929953252681169,2026-08-24
BWA,64.36,0.68,13107966976.0,203666354.0,27.599,Consumer Cyclical,BorgWarner Inc.,5.21906,0.1381723911968824,forecast_icc,0.10077956012293054,0.42882223569358496,2026-08-24
BWXT,149.52,1.06,13699319808.0,91621980.0,14.565,Industrials,"BWX Technologies, Inc.",4.73851,0.10880213400414895,forecast_icc,0.048924485199987766,0.09741170783681584,2026-08-24
BYD,81.0,0.8,5885088768.0,72655414.0,34.2,Consumer Cyclical,Boyd Gaming Corporation,7.08416,0.09461531077784802,forecast_icc,0.09147315967045658,0.4222222054340303,2026-08-24
CACI,636.5,0.0,14066357248.0,22099539.0,201.941,Technology,"CACI International, Inc.",33.63744,0.12019226195572563,forecast_icc,0.06930353703400882,0.31726785595705925,2026-08-24
CAR,146.88,0.0,5188646400.0,35325754.0,-95.977,Industrials,"Avis Budget Group, Inc.",0.52,0.75,forecast_icc,0.050888991268428385,,2026-08-24
CART,51.78,0.0,11987073024.0,231500067.0,9.964,Consumer Cyclical,Maplebear Inc.,2.3272,0.26623410106565837,forecast_icc,0.09439919458882218,0.1924295166109101,2026-08-24
CAVA,71.93,0.0,8401869824.0,116806198.0,7.202,Consumer Cyclical,"CAVA Group, Inc.",0.54599,0.35489660982801885,forecast_icc,0.03663151602881187,0.10012512162387914,2026-08-24
CBSH,58.63,1.1,8409428480.0,143432178.0,30.23,Financial Services,"Commerce Bancshares, Inc.",4.29875,0.06852689735388195,forecast_icc,0.07763691352974214,0.5156063519955164,2026-08-24
CBT,83.88,1.85,4330808832.0,51631007.0,31.086,Basic Materials,Cabot Corporation,6.34036,0.10060312032755236,forecast_icc,0.0907181564879248,0.37060086137784987,2026-08-24
CCK,119.76,1.31,13025159168.0,108760511.0,26.667,Consumer Cyclical,"Crown Holdings, Inc.",8.40305,0.07657576713217207,forecast_icc,0.07504878371283852,0.2226703343451227,2026-08-24
CDE,20.88,0.04,21463281664.0,1027934998.0,10.121,Basic Materials,"Coeur Mining, Inc.",1.2425,0.6581971830985915,forecast_icc,0.20808801980065506,0.48472224693430743,2026-08-24
CDP,37.46,1.28,4339533312.0,113410458.0,13.538,Real Estate,COPT Defense Properties,1.44545,0.010066069390155308,forecast_icc,0.03879035332072403,0.35380550626454094,2026-08-24
CELH,35.03,0.0,8863816704.0,253035047.0,4.735,Consumer Defensive,"Celsius Holdings, Inc.",1.44121,0.2083457650168954,forecast_icc,0.07727236559886574,0.13516986954438268,2026-08-24
CFR,164.39,4.12,10216638464.0,62148785.0,72.04,Financial Services,"Cullen/Frost Bankers, Inc.",10.99076,0.06432676175259955,forecast_icc,0.07436105421682829,0.4382261824352641,2026-08-24
CG,49.14,1.4,17510193152.0,356332798.0,14.834,Financial Services,The Carlyle Group Inc.,3.66224,0.3948921971252566,forecast_icc,0.18338340528171682,0.3018722112113455,2026-08-24
CGNX,58.54,0.34,9847823360.0,168223842.0,9.687,Technology,Cognex Corporation,1.69166,0.19657614414244007,forecast_icc,0.06197596772684666,0.16547660309110174,2026-08-24
CHDN,90.71,0.44,6322508800.0,69700243.0,19.157,Consumer Cyclical,"Churchill Downs, Incorporated",6.88917,0.06534604313727188,forecast_icc,0.07324759633034017,0.2111895131171664,2026-08-24
CHE,541.34,2.8,7075293184.0,13069961.0,63.811,Healthcare,Chemed Corp,25.5225,0.07846018219218331,forecast_icc,0.05629016809362242,0.11787600311136451,2026-08-24
CHH,111.12,1.15,5055459328.0,45495493.0,3.175,Consumer Cyclical,"Choice Hotels International, In",7.0229,0.06943997493912768,forecast_icc,0.06790891932466436,0.028572713358599094,2026-08-24
CHRD,144.67,5.2,7913141248.0,54697872.0,151.408,Energy,Chord Energy Corporation,19.17443,0.01,forecast_icc,0.0893588333271339,1.0465749497229244,2026-08-24
CHWY,24.5,0.0,10030893056.0,232945978.0,1.035,Consumer Cyclical,"Chewy, Inc.",1.52941,0.19963253803754388,forecast_icc,0.09724777132921159,0.024035655238671502,2026-08-24
CLF,11.3,0.0,6447102464.0,570540047.0,9.822,Basic Materials,Cleveland-Cliffs Inc.,0.56516,0.04,forecast_icc,0.04731028751471522,0.8692035488694848,2026-08-24
CLH,313.74,0.0,16561470464.0,52787248.0,55.472,Industrials,"Clean Harbors, Inc.",9.79275,0.014809935921983097,forecast_icc,0.029158848743605303,0.1768088303161919,2026-08-24
CMC,64.87,0.8,,,40.94,Industrials,Commercial Metals Company,6.36408,0.15971357996756796,forecast_icc,0.11987525250656622,,2026-08-24
CNH,11.76,0.1,18911946752.0,1237725958.0,6.266,Industrials,CNH Industrial N.V.,0.45185,0.5189332743166981,forecast_icc,0.1485264580913127,0.41008950345145306,2026-08-24
CNM,44.39,0.0,8591242240.0,187192831.0,10.859,Industrials,"Core & Main, Inc.",2.91,0.10898281786941566,forecast_icc,0.07668793317649814,0.23660454391156827,2026-08-24
CNO,54.24,0.72,5018359296.0,92521371.0,27.958,Financial Services,"CNO Financial Group, Inc.",4.67,0.07665952890792282,forecast_icc,0.08624197292756774,0.5154498388506775,2026-08-24
CNX,36.48,0.0,5396983808.0,147943637.0,32.501,Energy,CNX Resources Corporation,3.20112,0.21130104463437793,forecast_icc,0.1213532571330983,0.8909265466036025,2026-08-24
COKE,192.6,1.0,12820283392.0,56517334.0,47.819,Consumer Defensive,"Coca-Cola Consolidated, Inc.",38.94,0.75,forecast_icc,0.3731363008611165,0.21080675925092687,2026-08-24
COLB,30.64,1.48,8668125184.0,282902268.0,26.703,Financial Services,"Columbia Banking System, Inc.",3.02916,0.0830263175269712,forecast_icc,0.11187400225608435,0.8715078638167485,2026-08-24
COLM,60.08,1.2,3075687168.0,51193194.0,31.286,Consumer Cyclical,Columbia Sportswear Company,4.67302,0.01,forecast_icc,0.05875633145355348,0.5207390023756798,2026-08-24
CPRI,13.68,0.0,1570410752.0,114796106.0,1.215,Consumer Cyclical,Capri Holdings Limited,2.126,0.1896801505174035,forecast_icc,0.15641182831005873,0.08881578823398174,2026-08-24
CR,206.33,1.02,11925947392.0,57800356.0,37.676,Industrials,Crane Company,6.98602,0.11707238169945122,forecast_icc,0.052197351214744336,0.18260068915923658,2026-08-24
CRBG,31.96,1.0,14246764544.0,445768608.0,22.788,Financial Services,Corebridge Financial Inc.,4.53377,0.2712510780211612,forecast_icc,0.1961615700595324,0.7130162787299028,2026-08-24
CROX,125.84,0.0,6033408000.0,47945075.0,28.766,Consumer Cyclical,"Crocs, Inc.",13.95039,0.07165892853174705,forecast_icc,0.09338701951836492,0.2285918717000408,2026-08-24
CRS,477.1,0.8,23644393472.0,49558566.0,44.905,Industrials,Carpenter Technology Corporatio,13.37656,0.18717816837811818,forecast_icc,0.05714150583272805,0.09412072290479265,2026-08-24
CRUS,111.64,0.0,5595124224.0,50117561.0,43.396,Technology,"Cirrus Logic, Inc.",8.4312,0.05562671980263767,forecast_icc,0.06839267748273448,0.3887137425522869,2026-08-24
CSL,362.52,5.0,14397166592.0,39714133.0,40.728,Industrials,Carlisle Companies Incorporated,21.22771,0.13411715159101023,forecast_icc,0.08356864374516315,0.11234691204606713,2026-08-24
CTRE,39.65,1.56,9369025536.0,236293199.0,19.027,Real Estate,"CareTrust REIT, Inc.",1.815,0.01,forecast_icc,0.045137617657028936,0.4798738865741736,2026-08-24
CUBE,40.91,2.12,9260263424.0,225162253.0,11.437,Real Estate,CubeSmart,1.47959,0.044221710068329756,forecast_icc,0.04809939188909362,0.278089355523824,2026-08-24
CUZ,30.01,1.28,4940457984.0,164602058.0,27.239,Real Estate,Cousins Properties Incorporated,0.17883,0.75,forecast_icc,0.08247078706646327,0.9075262804344093,2026-08-24
CVLT,131.13,0.0,5434626048.0,41444564.0,1.256,Technology,"Commvault Systems, Inc.",5.45222,0.13735505904017087,forecast_icc,0.06266108677967275,0.009578280441789839,2026-08-24
CW,614.97,1.04,22713573376.0,36934444.0,75.001,Industrials,Curtiss-Wright Corporation,15.29155,0.12021475913167712,forecast_icc,0.04130417144193198,0.1219588036011547,2026-08-24
CXT,49.8,0.72,2866552832.0,57561304.0,22.001,Industrials,"Crane NXT, Co.",4.30136,0.092538173972883,forecast_icc,0.09203279582343005,0.44178716511581817,2026-08-24
DAR,62.32,0.0,9834277888.0,157802916.0,33.242,Consumer Defensive,Darling Ingredients Inc.,6.41998,0.01,forecast_icc,0.06522243139450615,0.5334082068265428,2026-08-24
DBX,34.88,0.0,7584398848.0,142295014.0,-9.96,Technology,"Dropbox, Inc.",3.04535,0.07717339550462188,forecast_icc,0.08212378326128766,,2026-08-24
DCI,92.43,1.24,,,14.627,Industrials,"Donaldson Company, Inc.",3.95667,0.11330992981471799,forecast_icc,0.06373645627036417,,2026-08-24
DINO,95.18,2.1,16921467904.0,177783849.0,57.851,Energy,HF Sinclair Corporation,13.48029,0.01,forecast_icc,0.08808434685236655,0.6078062202906035,2026-08-24
DKS,179.33,5.0,16050490368.0,65931904.0,63.266,Consumer Cyclical,Dick's Sporting Goods Inc,14.29319,0.14358586151866737,forecast_icc,0.11012681181721906,0.25988289097884837,2026-08-24
DLB,66.05,1.44,6186824192.0,59416894.0,27.589,Industrials,Dolby Laboratories,4.32667,0.062403649920146353,forecast_icc,0.0715618315687978,0.2649586666266789,2026-08-24
DOCN,111.54,0.0,13114823680.0,117579550.0,8.864,Technology,"DigitalOcean Holdings, Inc.",1.45301,0.2744165559769032,forecast_icc,0.042782088594016554,0.07946924462197574,2026-08-24
DOCS,25.3,0.0,4509623296.0,127349369.0,5.094,Healthcare,"Doximity, Inc.",1.35204,0.14594242773882438,forecast_icc,0.07596263106351075,0.14385185704123168,2026-08-24
DOCU,62.56,0.0,11945494528.0,190944608.0,9.426,Technology,"DocuSign, Inc.",4.52359,0.1268859467812069,forecast_icc,0.0865018973550826,0.1506713573715347,2026-08-24
DT,49.05,0.0,14235725824.0,290228871.0,8.441,Technology,"Dynatrace, Inc.",1.97582,0.16227692806024852,forecast_icc,0.06657021616703018,0.1720897079923278,2026-08-24
DTM,125.74,3.52,12827403264.0,102015296.0,46.846,Energy,"DT Midstream, Inc.",4.69888,0.042876174748025075,forecast_icc,0.046151075818514076,0.37256243201055717,2026-08-24
DUOL,146.84,0.0,6841733120.0,40237065.0,30.172,Technology,"Duolingo, Inc.",6.62956,0.15785964679405584,forecast_icc,0.07074098453676336,0.17744520341360526,2026-08-24
DY,380.95,0.0,,,63.138,Industrials,"Dycom Industries, Inc.",16.56067,0.20494460670975267,forecast_icc,0.07923897209064357,,2026-08-24
EEFT,70.2,0.0,2625732352.0,37403595.0,32.886,Technology,"Euronet Worldwide, Inc.",10.7275,0.11768818457236097,forecast_icc,0.13016144616461756,0.46846154149453845,2026-08-24
EGP,202.36,6.2,10881568768.0,53773317.0,67.12,Real Estate,"EastGroup Properties, Inc.",5.60168,0.01,forecast_icc,0.030115429333532742,0.3316860936130786,2026-08-24
EHC,120.92,0.84,11929166848.0,98653384.0,26.293,Healthcare,Encompass Health Corporation,6.11315,0.09239917227615879,forecast_icc,0.06316134897668813,0.21744128978687918,2026-08-24
ELAN,24.42,0.0,12196558848.0,499449583.0,13.188,Healthcare,Elanco Animal Health Incorporat,1.12848,0.12806607117538626,forecast_icc,0.06515353740163199,0.5400491386702978,2026-08-24
ELF,105.95,0.0,6251896832.0,59007996.0,4.452,Consumer Defensive,"e.l.f. Beauty, Inc.",3.60846,0.06017802608314904,forecast_icc,0.039586309261368094,0.04201982298354088,2026-08-24
ELS,65.74,2.17,13181586432.0,194064619.0,9.064,Real Estate,"Equity Lifestyle Properties, In",2.05007,0.06530020926114743,forecast_icc,0.04709716422324528,0.13344385485693866,2026-08-24
ENS,187.49,1.15,6761868800.0,36065224.0,52.254,Industrials,EnerSys,13.362,0.0630893578805567,forecast_icc,0.07002030918790558,0.2787028661212711,2026-08-24
ENSG,179.37,0.26,10454119424.0,58282434.0,42.257,Healthcare,"The Ensign Group, Inc.",7.7943,0.09728647858050121,forecast_icc,0.05624624761068919,0.23558567810923833,2026-08-24
ENTG,138.25,0.4,21124599808.0,152800000.0,26.587,Technology,"Entegris, Inc.",3.92154,0.27900263671924797,forecast_icc,0.07531890444552969,0.19231103248931192,2026-08-24
EPR,60.56,3.72,4639436288.0,76608922.0,30.167,Real Estate,EPR Properties,3.1,0.01,forecast_icc,0.052634049781490444,0.4981340849429507,2026-08-24
EQH,49.03,1.14,13373706240.0,272765787.0,-6.785,Financial Services,"Equitable Holdings, Inc.",7.16448,0.25831323417749785,forecast_icc,0.18865208677067236,,2026-08-24
ESAB,79.25,0.42,4924275712.0,62135967.0,38.084,Industrials,ESAB Corporation,5.45727,0.1962538045579565,forecast_icc,0.10485747513417809,0.48055517311131424,2026-08-24
ESNT,68.47,1.4,6153843712.0,89876493.0,63.013,Financial Services,Essent Group Ltd.,7.55899,0.039173222877659564,forecast_icc,0.08854313431761185,0.9203008263543303,2026-08-24
EVR,290.11,3.56,11156984832.0,38457778.0,48.331,Financial Services,Evercore Inc.,19.53975,0.15576248416689054,forecast_icc,0.09614889471511467,0.16659544639578122,2026-08-24
EWBC,128.91,3.2,17662199808.0,137011856.0,67.483,Financial Services,"East West Bancorp, Inc.",10.64038,0.0684674795449034,forecast_icc,0.08593008403869754,0.523489213062808,2026-08-24
EXEL,54.55,0.0,13516491776.0,247781692.0,7.408,Healthcare,"Exelixis, Inc.",3.57833,0.16162287994679092,forecast_icc,0.09039769559801536,0.13580201170212292,2026-08-24
EXLS,37.66,0.0,5709726720.0,151612499.0,5.709,Technology,"ExlService Holdings, Inc.",2.28879,0.1346694104745303,forecast_icc,0.07954425289041855,0.1515932021333238,2026-08-24
EXP,204.25,1.0,6265435136.0,30675325.0,48.27,Basic Materials,Eagle Materials Inc,12.69539,0.11660295587610947,forecast_icc,0.07802127752891364,0.23632802919659818,2026-08-24
EXPO,70.78,1.23,3365311744.0,47546084.0,6.072,Industrials,"Exponent, Inc.",2.5121,0.12967636638668845,forecast_icc,0.0615500746473826,0.0857869475428901,2026-08-24
FAF,72.26,2.2,7377746432.0,102100000.0,55.106,Financial Services,First American Corporation (New,7.14233,0.03444394196291678,forecast_icc,0.08447086279150809,0.7626072069374151,2026-08-24
FBIN,44.96,1.04,5363431936.0,119293417.0,19.338,Industrials,"Fortune Brands Innovations, Inc",3.3356,0.0373545988727666,forecast_icc,0.06919001931168756,0.4301156657665097,2026-08-24
FCFS,236.43,1.68,10254394368.0,43371800.0,53.4,Financial Services,"FirstCash Holdings, Inc.",11.322,0.15986574810104237,forecast_icc,0.0771264285796408,0.22585966921922854,2026-08-24
FCN,155.52,0.0,4294152448.0,27611575.0,49.156,Industrials,"FTI Consulting, Inc.",9.3,0.17562688172043006,forecast_icc,0.08890436878039229,0.31607508050445443,2026-08-24
FFIN,33.96,0.88,4867401728.0,143327507.0,14.025,Financial Services,"First Financial Bankshares, Inc",2.046,0.055718475073313956,forecast_icc,0.06727096818834466,0.4129859004880149,2026-08-24
FHI,64.72,1.44,4832013312.0,74651281.0,17.536,Financial Services,"Federated Hermes, Inc.",5.56923,0.05982694196504723,forecast_icc,0.0840198418589787,0.27091913434198756,2026-08-24
FHN,24.53,0.68,11621753856.0,473777158.0,17.906,Financial Services,First Horizon Corporation,2.13912,0.07787781891618972,forecast_icc,0.09330805473473236,0.729963299538324,2026-08-24
FIVE,262.72,0.0,14527195136.0,55295351.0,41.819,Consumer Cyclical,"Five Below, Inc.",9.2032,0.07927242698191916,forecast_icc,0.0442352239246816,0.15917706493379621,2026-08-24
FLG,13.42,0.04,5570545664.0,415092836.0,18.313,Financial Services,"Flagstar Bank, N.A.",0.35343,0.75,forecast_icc,0.1637325049421982,1.3646051148622267,2026-08-24
FLR,51.28,0.0,6858241536.0,133741067.0,19.813,Industrials,Fluor Corporation,2.70598,0.24394119690463367,forecast_icc,0.09835565517610523,0.3863689761525191,2026-08-24
FLS,80.46,0.88,10227494912.0,127112780.0,17.756,Industrials,Flowserve Corporation,4.11295,0.13298970325435522,forecast_icc,0.0753879203091431,0.22068107010562546,2026-08-24
FN,421.14,0.0,15091494912.0,35834864.0,68.488,Technology,Fabrinet,18.19723,0.19730970043242846,forecast_icc,0.07728681291018258,0.1626252521664038,2026-08-24
FNB,18.48,0.52,6578213376.0,355963949.0,19.343,Financial Services,F.N.B. Corporation,1.6875,0.11037037037037045,forecast_icc,0.1072698741111805,1.0466991980873988,2026-08-24
FND,54.87,0.0,5843104256.0,106489965.0,23.351,Consumer Cyclical,"Floor & Decor Holdings, Inc.",1.9757,0.11560965733664008,forecast_icc,0.052462217033779054,0.4255695369737041,2026-08-24
FNF,47.43,2.08,12720386048.0,268192827.0,27.81,Financial Services,"Fidelity National Financial, In",5.15731,0.1224184700939055,forecast_icc,0.13039990600330392,0.5863377487700285,2026-08-24
FOUR,48.0,0.0,3790085632.0,78960120.0,7.763,Technology,"Shift4 Payments, Inc.",5.19435,0.200329203846487,forecast_icc,0.13255097839314856,0.16172917212863647,2026-08-24
FR,63.43,2.0,8691113984.0,132572946.0,20.936,Real Estate,"First Industrial Realty Trust, ",2.51,0.01,forecast_icc,0.038807306530629956,0.31935459626529733,2026-08-24
FTI,75.85,0.2,29745668096.0,392164388.0,8.329,Energy,TechnipFMC plc,3.11659,0.15473642667145815,forecast_icc,0.06695227049745645,0.10980883593235667,2026-08-24
G,37.59,0.75,6316412928.0,168034407.0,15.502,Technology,Genpact Limited,4.12028,0.09557117477452981,forecast_icc,0.10920862730158384,0.4123969422212544,2026-08-24
GAP,20.36,0.7,,,10.125,Consumer Cyclical,"Gap, Inc. (The)",2.71904,0.01,forecast_icc,0.08920199030479256,,2026-08-24
GATX,178.51,2.64,6302305280.0,35305058.0,78.867,Industrials,GATX Corporation,10.22798,0.10193899479662649,forecast_icc,0.07422882930829161,0.4418072253849944,2026-08-24
GBCI,46.77,1.32,6090013184.0,130211953.0,33.126,Financial Services,"Glacier Bancorp, Inc.",3.12167,0.15483058747401235,forecast_icc,0.10369867603319649,0.7082745184214695,2026-08-24
GEF,85.99,2.3,4888373248.0,24808643.0,52.831,Consumer Cyclical,Greif Inc.,4.31167,0.10591255824309354,forecast_icc,0.07434405541320699,0.2681189327900111,2026-08-24
GGG,80.16,1.18,12982218752.0,161953824.0,15.577,Industrials,Graco Inc.,3.29667,0.06744078115188956,forecast_icc,0.05156986729339941,0.1943238489999525,2026-08-24
GHC,1175.29,7.52,4977268736.0,3270927.0,1124.359,Industrials,Graham Holdings Company,69.0,0.01,forecast_icc,0.04471767120323855,0.738898461357462,2026-08-24
GLPI,43.93,3.28,13157088256.0,290920043.0,17.13,Real Estate,"Gaming and Leisure Properties, ",3.10952,0.06209640073065947,forecast_icc,0.09734244938182346,0.3787662011248882,2026-08-24
GME,18.04,0.0,8094390784.0,448691257.0,13.02,Consumer Cyclical,GameStop Corporation,1.3,0.05384615384615388,forecast_icc,0.06572952577629498,0.7217294447517496,2026-08-24
GMED,84.08,0.0,11288742912.0,111831817.0,34.882,Healthcare,"Globus Medical, Inc.",4.98106,0.07685914243153058,forecast_icc,0.06357809505310164,0.34555817870981026,2026-08-24
GNTX,23.59,0.48,4970019840.0,210683331.0,12.046,Consumer Cyclical,Gentex Corporation,2.10061,0.05693584244576555,forecast_icc,0.08400877547735364,0.5106400953976875,2026-08-24
GPK,11.45,0.44,3390019584.0,296071573.0,10.93,Consumer Cyclical,Graphic Packaging Holding Compa,0.71307,0.5675319393607923,forecast_icc,0.23286530817684337,0.9545851322403451,2026-08-24
GWRE,191.89,0.0,15976064000.0,83256364.0,15.82,Technology,"Guidewire Software, Inc.",3.46523,0.18066333259264167,forecast_icc,0.04026599208241721,0.08244306472983584,2026-08-24
GXO,46.98,0.0,5387881472.0,114684579.0,26.026,Industrials,"GXO Logistics, Inc.",3.03306,0.1671612167250236,forecast_icc,0.09094269755044293,0.5539804222801581,2026-08-24
H,180.09,0.6,16971092992.0,41600929.0,35.065,Consumer Cyclical,Hyatt Hotels Corporation,3.58755,0.35370935596716424,forecast_icc,0.07283138460715743,0.0859541914049162,2026-08-24
HAE,108.4,0.0,4931880448.0,45497051.0,18.409,Healthcare,Haemonetics Corporation,5.29736,0.08351140945678592,forecast_icc,0.057242008820626356,0.16982471912891753,2026-08-24
HALO,108.64,0.0,12330422272.0,113498000.0,1.259,Healthcare,"Halozyme Therapeutics, Inc.",8.57694,0.21174451494355795,forecast_icc,0.11459035990249056,0.01158873385256923,2026-08-24
HGV,45.36,0.0,3525567232.0,77724145.0,14.125,Consumer Cyclical,Hilton Grand Vacations Inc.,4.77092,0.17157068238411033,forecast_icc,0.12190121036181256,0.31139770592382227,2026-08-24
HIMS,31.08,0.0,7251380736.0,224935790.0,1.389,Healthcare,"Hims & Hers Health, Inc.",1.11427,0.04,forecast_icc,0.037285217793654346,0.04308638915605272,2026-08-24
HL,20.4,0.02,13704076288.0,671768431.0,3.986,Basic Materials,Hecla Mining Company,0.82147,0.29505642324126247,forecast_icc,0.09520191805590505,0.19539215264809245,2026-08-24
HLI,128.95,2.8,9011863552.0,54197538.0,32.26,Financial Services,"Houlihan Lokey, Inc.",6.99053,0.24714435100056797,forecast_icc,0.1142666652616996,0.1940123222895419,2026-08-24
HLNE,105.2,2.4,5805526528.0,43349167.0,21.929,Financial Services,Hamilton Lane Incorporated,7.60268,0.01,forecast_icc,0.05663238165811432,0.16374120048513194,2026-08-24
HOG,28.29,0.74,2944211200.0,104072507.0,29.779,Consumer Cyclical,"Harley-Davidson, Inc.",0.67616,0.75,forecast_icc,0.19415794296946676,1.0526334476117067,2026-08-24
HOMB,30.06,0.86,6013491712.0,200049630.0,22.685,Financial Services,"Home BancShares, Inc.",2.51265,0.033944242134797964,forecast_icc,0.07532025803746958,0.7546573727696526,2026-08-24
HQY,105.4,0.0,8811667456.0,83602157.0,24.395,Healthcare,"HealthEquity, Inc.",4.71907,0.15426980316036842,forecast_icc,0.06956863299614724,0.2314516100611911,2026-08-24
HR,19.32,0.96,6703997440.0,342719760.0,12.305,Real Estate,Healthcare Realty Trust Incorpo,0.02,0.04,forecast_icc,0.010000000000000002,0.6290525443279406,2026-08-24
HRB,53.68,1.84,6616914432.0,123265922.0,0.946,Consumer Cyclical,"H&R Block, Inc.",6.146,0.07468272046859759,forecast_icc,0.1105440490816435,0.017622951514691735,2026-08-24
HWC,74.86,2.0,6005497856.0,80223058.0,55.227,Financial Services,Hancock Whitney Corporation,6.49204,0.1222142808731923,forecast_icc,0.10752605536683812,0.7377371419323007,2026-08-24
HXL,92.57,0.72,7000463360.0,75623452.0,17.195,Industrials,Hexcel Corporation,2.3994,0.29844961240310086,forecast_icc,0.07796393296332813,0.18575131248740656,2026-08-24
IBOC,71.54,1.46,4449180672.0,62191514.0,54.276,Financial Services,International Bancshares Corpor,6.39,0.05633802816901423,forecast_icc,0.08397572358069441,0.7586804993348673,2026-08-24
IDA,138.23,3.52,7995505664.0,57842043.0,67.266,Utilities,"IDACORP, Inc.",6.37675,0.09085505939546001,forecast_icc,0.06602913254080789,0.486623739378543,2026-08-24
IDCC,341.09,2.8,8802170880.0,25806007.0,46.585,Technology,"InterDigital, Inc.",11.555,0.01,forecast_icc,0.030954379704960275,0.13657685728716507,2026-08-24
IESC,324.12,0.0,12915764224.0,39848712.0,61.695,Industrials,"IES Holdings, Inc.",11.57,0.16335350043215224,forecast_icc,0.06162926585587891,0.19034617264626835,2026-08-24
ILMN,223.22,0.0,33706219520.0,151000000.0,18.795,Healthcare,"Illumina, Inc.",5.35631,0.13816227962907313,forecast_icc,0.04260486993007573,0.08419944569327958,2026-08-24
INGR,106.13,3.28,6692980224.0,63063979.0,71.696,Consumer Defensive,Ingredion Incorporated,10.56652,0.07403383516995188,forecast_icc,0.10063189087910007,0.6755488417806507,2026-08-24
IPGP,70.74,0.0,3008893184.0,42534539.0,50.012,Technology,IPG Photonics Corporation,1.82286,0.25391417881790157,forecast_icc,0.06479264949153143,0.7069833438354454,2026-08-24
IRT,16.88,0.69,4079663104.0,235744567.0,14.275,Real Estate,"Independence Realty Trust, Inc.",0.245,0.01,forecast_icc,0.017199569636193762,0.8248851947175392,2026-08-24
ITT,204.96,1.54,,,53.697,Industrials,ITT Inc.,8.25401,0.1636513646094444,forecast_icc,0.07016180871210262,,2026-08-24
JAZZ,254.47,0.0,16518812672.0,64914577.0,74.1,Healthcare,Jazz Pharmaceuticals plc,25.04914,0.028719548854771126,forecast_icc,0.07158068315162641,0.29119345628596033,2026-08-24
JEF,51.91,1.6,10558078976.0,194145000.0,51.953,Financial Services,Jefferies Financial Group Inc.,3.55713,0.27672027730220705,forecast_icc,0.1437737045845029,0.9553267415339326,2026-08-24
JLL,387.21,0.0,17814642688.0,46007703.0,162.185,Real Estate,Jones Lang LaSalle Incorporated,25.18589,0.12172093183921628,forecast_icc,0.07963969859458198,0.418855401241433,2026-08-24
KBH,55.64,1.0,,,61.928,Consumer Cyclical,KB Home,3.33491,0.38162948925158413,forecast_icc,0.1543696200813386,,2026-08-24
KBR,37.69,0.66,4751493632.0,126067755.0,12.977,Industrials,"KBR, Inc.",3.99462,0.017586153376291103,forecast_icc,0.07576875709952008,0.3443088391442045,2026-08-24
KD,12.75,0.0,2777182720.0,217818263.0,4.877,Technology,"Kyndryl Holdings, Inc.",1.85452,0.3432208873455125,forecast_icc,0.20072055585830817,0.3825098222744955,2026-08-24
KEX,138.72,0.0,7324416000.0,52800000.0,64.827,Industrials,Kirby Corporation,7.08929,0.1759626140276389,forecast_icc,0.08080321116525885,0.4673226643598616,2026-08-24
KNF,63.66,0.0,3613559296.0,56763420.0,28.291,Basic Materials,Knife Riv Holding Co.,2.855,0.39170928196147115,forecast_icc,0.12206063210755569,0.44440779399901675,2026-08-24
KNSL,395.51,1.0,9009094656.0,22778425.0,89.344,Financial Services,"Kinsale Capital Group, Inc.",21.13393,0.02426335281701042,forecast_icc,0.045727508568844805,0.22589568440649313,2026-08-24
KNX,69.12,0.8,11249694720.0,162756000.0,42.899,Industrials,Knight-Swift Transportation Hol,2.31441,0.7287213587912251,forecast_icc,0.19103115821253092,0.6206452546296296,2026-08-24
KRC,36.88,2.16,4331281408.0,116308988.0,44.934,Real Estate,Kilroy Realty Corporation,0.7,0.01,forecast_icc,0.021784362079845576,1.2066239928763363,2026-08-24
KRG,26.26,1.16,5388461056.0,200346933.0,14.321,Real Estate,Kite Realty Group Trust,1.00811,0.01,forecast_icc,0.03957482677361768,0.5324652804715381,2026-08-24
KRYS,341.72,0.0,10114513920.0,29598836.0,43.372,Healthcare,"Krystal Biotech, Inc.",7.86507,0.1948628556389198,forecast_icc,0.05038720132756877,0.12692263070136742,2026-08-24
KTOS,53.07,0.0,9962371072.0,187721327.0,18.271,Industrials,Kratos Defense & Security Solut,0.81746,0.36690480268147696,forecast_icc,0.06152434915053784,0.34428112954524165,2026-08-24
LAD,368.55,2.8,8101877248.0,21983116.0,291.005,Consumer Cyclical,"Lithia Motors, Inc.",36.28828,0.16308598809312524,forecast_icc,0.1187508583078144,0.7895943712500938,2026-08-24
LAMR,152.68,6.4,15504604160.0,87129599.0,9.671,Real Estate,Lamar Advertising Company,6.056,0.07001321003963024,forecast_icc,0.06005442951600348,0.054347105107196744,2026-08-24
LEA,122.9,3.08,8182038528.0,66574764.0,104.59,Consumer Cyclical,Lear Corporation,15.02472,0.1340584050817586,forecast_icc,0.13239009159378912,0.8510170836927157,2026-08-24
LECO,282.24,3.16,15383703552.0,54505757.0,27.584,Industrials,"Lincoln Electric Holdings, Inc.",11.20702,0.11675360622181463,forecast_icc,0.0605822662132568,0.09773243458611339,2026-08-24
LFUS,403.37,3.2,10245092352.0,25398747.0,103.099,Technology,"Littelfuse, Inc.",17.015,0.18086982074640034,forecast_icc,0.07636145640499589,0.25559412516587143,2026-08-24
LIVN,78.26,0.0,4299098624.0,54933538.0,24.074,Healthcare,LivaNova PLC,4.35556,0.07372415946514344,forecast_icc,0.06012278028696727,0.3076156444584045,2026-08-24
LNTH,100.8,0.0,6579454976.0,65272369.0,20.099,Healthcare,"Lantheus Holdings, Inc.",5.6,0.12927321428571426,forecast_icc,0.07381997633665571,0.19939483579057474,2026-08-24
LOPE,147.66,0.0,3848763392.0,26065037.0,25.847,Consumer Defensive,"Grand Canyon Education, Inc.",10.22667,0.10723529751131111,forecast_icc,0.078950793428921,0.17504401874621656,2026-08-24
LPX,72.62,1.2,5077838336.0,69923410.0,24.914,Industrials,Louisiana-Pacific Corporation,1.08176,0.75,forecast_icc,0.14780953489848442,0.3430735130713701,2026-08-24
LSCC,114.15,0.0,16212755456.0,142030272.0,5.741,Technology,Lattice Semiconductor Corporati,2.12926,0.5070587903778778,forecast_icc,0.09268950179808633,0.0502934737876552,2026-08-24
LSTR,179.92,1.76,6105931264.0,33936925.0,24.655,Industrials,"Landstar System, Inc.",5.91918,0.2911771562952976,forecast_icc,0.08949556160804517,0.13703313216252413,2026-08-24
M,23.18,0.77,6097219584.0,263037954.0,18.389,Consumer Cyclical,Macy's Inc,2.23877,0.0468962868003413,forecast_icc,0.08950153525399676,0.7933132257199678,2026-08-24
MANH,213.18,0.0,12429453312.0,58304972.0,2.702,Technology,"Manhattan Associates, Inc.",5.4795,0.11608723423670031,forecast_icc,0.041119041590226835,0.012674735596931136,2026-08-24
MAT,14.82,0.0,4234073856.0,285700000.0,6.994,Consumer Cyclical,"Mattel, Inc.",1.30798,0.21590544197923522,forecast_icc,0.12303006829681806,0.4719298406116419,2026-08-24
MEDP,620.03,0.0,17306064896.0,27911655.0,15.545,Healthcare,"Medpace Holdings, Inc.",17.70463,0.09068305861235171,forecast_icc,0.03996015264886876,0.025071365419141903,2026-08-24
MIDD,115.22,0.0,5210519040.0,45222349.0,48.869,Industrials,The Middleby Corporation,6.87336,0.13031617724082545,forecast_icc,0.0775256057681396,0.42413643560565517,2026-08-24
MKSI,269.06,1.0,18193180672.0,67617558.0,44.201,Technology,MKS Inc.,13.13414,0.3326788050074081,forecast_icc,0.11685491298190132,0.16427933823346358,2026-08-24
MLI,63.45,0.7,14033959936.0,221181388.0,16.04,Industrials,"Mueller Industries, Inc.",4.2,0.042857142857142705,forecast_icc,0.06210809372940085,0.25279746270468473,2026-08-24
MMS,58.24,1.32,3049316352.0,52357763.0,33.243,Industrials,"Maximus, Inc.",8.01,0.043695380774032344,forecast_icc,0.10388450892330281,0.5707932252642183,2026-08-24
MOG-A,379.8,1.2,12028708864.0,28443048.0,70.193,Industrials,Moog Inc.,11.41239,0.03414096433788183,forecast_icc,0.032697982381315716,0.16597815200592422,2026-08-24
MOH,198.5,0.0,10361700352.0,52200000.0,80.212,Healthcare,Molina Healthcare Inc,5.24194,0.6312605638370528,forecast_icc,0.13620399981025166,0.4040906663732868,2026-08-24
MORN,217.5,2.0,8159201792.0,37513571.0,27.291,Financial Services,"Morningstar, Inc.",12.31584,0.1317116818666042,forecast_icc,0.07920919489504696,0.12547586053880994,2026-08-24
MP,57.42,0.0,10226592768.0,178101588.0,10.993,Basic Materials,MP Materials Corp.,0.00081,0.75,forecast_icc,0.010000000000000002,0.1914489802517968,2026-08-24
MSA,188.9,2.16,7287438336.0,38578289.0,36.216,Industrials,MSA Safety Incorporated,9.16282,0.09492055939110444,forecast_icc,0.06369328969244947,0.19172049902941368,2026-08-24
MSM,119.26,3.48,,,25.417,Industrials,"MSC Industrial Direct Company, ",4.60354,0.18295702872137531,forecast_icc,0.08416396934576864,,2026-08-24
MTDR,57.5,1.5,7115867648.0,123754216.0,47.812,Energy,Matador Resources Company,7.40753,0.165410062463466,forecast_icc,0.1478002174295906,0.8315130168356947,2026-08-24
MTG,31.1,0.68,6379382272.0,205124840.0,24.266,Financial Services,MGIC Investment Corporation,3.2525,0.05395849346656423,forecast_icc,0.09203209273953783,0.7802572655486101,2026-08-24
MTN,150.0,8.88,5345029120.0,35633526.0,15.484,Consumer Cyclical,"Vail Resorts, Inc.",4.33582,0.4378295224432749,forecast_icc,0.13432495127353594,0.10322666241788407,2026-08-24
MTSI,257.43,0.0,19660167168.0,76370931.0,20.176,Technology,MACOM Technology Solutions Hold,5.51229,0.5379633509847994,forecast_icc,0.10571589080890587,0.07837471017865966,2026-08-24
MTZ,255.36,0.0,20506671104.0,80304948.0,44.541,Industrials,"MasTec, Inc.",9.31259,0.34083643755389215,forecast_icc,0.09861694450751024,0.17442434565453688,2026-08-24
MUR,36.0,1.4,5160584192.0,143349576.0,36.685,Energy,Murphy Oil Corporation,2.89218,0.024638853736627553,forecast_icc,0.07331982772923556,1.0190278851980021,2026-08-24
MUSA,567.9,2.6,10438200320.0,18380347.0,42.584,Consumer Cyclical,Murphy USA Inc.,34.94429,0.01,forecast_icc,0.04588715022791855,0.07498502353401855,2026-08-24
MZTI,115.76,4.0,3174414848.0,27422381.0,38.1,Consumer Defensive,The Marzetti Company,6.745,0.07012601927353601,forecast_icc,0.07380849716245586,0.32912923046534337,2026-08-24
NBIX,153.04,0.0,15556390912.0,101649181.0,36.354,Healthcare,"Neurocrine Biosciences, Inc.",10.18869,0.1732342430675584,forecast_icc,0.0942015093402736,0.23754573583153218,2026-08-24
NEU,936.62,12.0,8613537792.0,9196406.0,199.898,Basic Materials,NewMarket Corp,25.82,0.229,forecast_icc,0.07005478868502168,0.21342486803684765,2026-08-24
NFG,82.46,2.22,7837418496.0,95045099.0,41.286,Energy,National Fuel Gas Company,7.37553,0.019967378615502795,forecast_icc,0.07191717620741137,0.5006791406273273,2026-08-24
NJR,53.74,1.9,5452887552.0,101467946.0,26.259,Utilities,NewJersey Resources Corporation,3.56,0.01,forecast_icc,0.05701703802432323,0.4886304308690061,2026-08-24
NLY,23.25,3.0,17523861504.0,753714442.0,20.148,Real Estate,Annaly Capital Management Inc.,3.08308,0.01,forecast_icc,0.1337980461454592,0.8665806091853486,2026-08-24
NNN,46.34,2.48,8816100352.0,190248177.0,23.241,Real Estate,"NNN REIT, Inc.",2.06991,0.016305056741597435,forecast_icc,0.04866417333241137,0.5015321633281925,2026-08-24
NOV,19.76,0.36,7044007424.0,356478125.0,17.366,Energy,NOV Inc.,0.88418,0.42539980546947453,forecast_icc,0.14631147218711116,0.8788461945195701,2026-08-24
NOVT,139.48,0.0,5274822144.0,37817770.0,42.745,Technology,Novanta Inc.,3.69333,0.18231243891014337,forecast_icc,0.0533914042046921,0.3064597316307164,2026-08-24
NTNX,66.68,0.0,18024972288.0,270320509.0,-2.722,Technology,"Nutanix, Inc.",1.92896,0.13993032514930315,forecast_icc,0.04914558326202623,,2026-08-24
NVST,27.34,0.0,4391288320.0,160617709.0,19.155,Healthcare,Envista Holdings Corporation,1.53256,0.08799655478415191,forecast_icc,0.06404366035523534,0.7006217746811487,2026-08-24
NVT,153.35,0.84,24820916224.0,161857939.0,24.632,Industrials,nVent Electric plc,5.13238,0.2569860376667352,forecast_icc,0.08039593020659586,0.16062601063827678,2026-08-24
NWE,69.66,2.68,4285333504.0,61517850.0,47.068,Utilities,"NorthWestern Energy Group, Inc.",3.75125,0.05732489170276556,forecast_icc,0.06787141685967318,0.6756818719236839,2026-08-24
NXST,186.24,7.44,5737737728.0,30808301.0,73.524,Communication Services,"Nexstar Media Group, Inc.",33.50086,0.01,forecast_icc,0.10875150686731894,0.3947809450526352,2026-08-24
NXT,84.72,0.0,13016241152.0,151729520.0,16.861,Technology,Nextpower Inc.,4.65947,0.23999939907328516,forecast_icc,0.09980246215064315,0.19654763666751096,2026-08-24
NYT,67.49,0.92,10885028864.0,160502862.0,12.675,Communication Services,New York Times Company (The),2.85992,0.09214593415200434,forecast_icc,0.05832759533439036,0.18689649804956182,2026-08-24
OC,146.97,3.06,11617784832.0,79048683.0,47.747,Industrials,Owens Corning Inc,10.04519,0.20025803394460429,forecast_icc,0.1142610722296652,0.3248758280326361,2026-08-24
OGE,45.96,1.7,9494475776.0,206581287.0,24.113,Utilities,OGE Energy Corp,2.42833,0.07162535569712514,forecast_icc,0.07101514974592271,0.5246518808360799,2026-08-24
OGS,80.35,2.72,5050501120.0,62856270.0,56.338,Utilities,"ONE Gas, Inc.",4.91333,0.03007736097514324,forecast_icc,0.061963780155485204,0.701157460442262,2026-08-24
OHI,46.59,2.72,14876060672.0,303013000.0,18.022,Real Estate,"Omega Healthcare Investors, Inc",1.97894,0.0328610266102054,forecast_icc,0.052225693386099004,0.36709317112954565,2026-08-24
OKTA,130.97,0.0,22763550720.0,166119894.0,39.345,Technology,"Okta, Inc.",3.84412,0.11486894269689807,forecast_icc,0.045147833986256214,0.2871251198824398,2026-08-24
OLED,84.71,2.0,3893850624.0,45966835.0,36.425,Technology,Universal Display Corporation,4.19516,0.12764233068583808,forecast_icc,0.07829236987697791,0.42999645506560646,2026-08-24
OLLI,76.35,0.0,4615608832.0,60453292.0,31.165,Consumer Defensive,Ollie's Bargain Outlet Holdings,4.43824,0.13405764447168234,forecast_icc,0.07718330464489964,0.40818598667158457,2026-08-24
OLN,17.57,0.8,,,15.015,Basic Materials,Olin Corporation,0.79051,0.04,forecast_icc,0.0576029164084112,,2026-08-24
ONB,25.77,0.58,9858828288.0,382570000.0,21.837,Financial Services,Old National Bancorp,2.60633,0.10858179892799469,forecast_icc,0.11003485469923369,0.8473807278060181,2026-08-24
ONTO,282.91,0.0,17292431360.0,61123436.0,42.863,Technology,Onto Innovation Inc.,8.10318,0.43829829770534534,forecast_icc,0.10418687861484732,0.1515075458577966,2026-08-24
OPCH,23.67,0.0,3545416704.0,149785243.0,8.412,Healthcare,"Option Care Health, Inc.",1.88225,0.10609642714835976,forecast_icc,0.08578550377540373,0.355386565052975,2026-08-24
ORA,105.4,0.48,6481777664.0,61496941.0,42.239,Utilities,"Ormat Technologies, Inc.",2.62415,0.01046815159194403,forecast_icc,0.024495314496587484,0.40074952050977963,2026-08-24
ORI,41.97,1.26,10132939776.0,241432922.0,25.321,Financial Services,Old Republic International Corp,2.94333,0.12117907268298156,forecast_icc,0.09697024381699615,0.6033118870834983,2026-08-24
OSK,156.33,2.28,9651774464.0,61739749.0,73.207,Industrials,Oshkosh Corporation (Holding Co,10.74299,0.3017223324232825,forecast_icc,0.13917731365825425,0.4682850621822196,2026-08-24
OVV,65.92,1.2,18233470976.0,276600000.0,41.573,Energy,Ovintiv Inc. (DE),7.41999,0.01,forecast_icc,0.07481721769625904,0.630658409204468,2026-08-24
OZK,49.34,1.86,5379915776.0,109037618.0,54.467,Financial Services,Bank OZK,5.79042,0.053042784461230674,forecast_icc,0.10471601399350258,1.1039116943242644,2026-08-24
P,100.44,0.0,,,4.376,Technology,"Everpure, Inc.",2.44781,0.26381541050980273,forecast_icc,0.064150188936411,,2026-08-24
PAG,218.07,5.76,14319102976.0,65662873.0,88.563,Consumer Cyclical,"Penske Automotive Group, Inc.",13.58782,0.04358167829718074,forecast_icc,0.0649213010927604,0.4061218800679013,2026-08-24
PATH,16.57,0.0,8585252352.0,453429560.0,3.656,Technology,"UiPath, Inc.",0.78277,0.15813074083063983,forecast_icc,0.0729037499807649,0.19309140877773,2026-08-24
PB,72.75,2.4,8742859776.0,120176771.0,82.52,Financial Services,"Prosperity Bancshares, Inc.",6.3965,0.1445118424138201,forecast_icc,0.11904998182136095,1.134295573416732,2026-08-24
PBF,69.51,1.1,8239496704.0,118536838.0,54.06,Energy,PBF Energy Inc.,17.79564,0.01,forecast_icc,0.12341499418682089,0.7777297197253664,2026-08-24
PCTY,152.45,0.0,8440546304.0,55366000.0,22.061,Technology,Paylocity Holding Corporation,8.72032,0.11073676195368987,forecast_icc,0.07063377193890691,0.14470974768791459,2026-08-24
PEGA,34.28,0.12,5635801088.0,164404945.0,3.41,Technology,Pegasystems Inc.,2.45118,0.07852136522001651,forecast_icc,0.07380688619120948,0.09947492001513308,2026-08-24
PEN,323.75,0.0,12752325632.0,39389422.0,38.862,Healthcare,"Penumbra, Inc.",4.78747,0.28083100259636096,forecast_icc,0.04776620593922937,0.12003706319440387,2026-08-24
PFGC,105.78,0.0,16615124992.0,157072459.0,31.386,Consumer Defensive,Performance Food Group Company,5.70954,0.17074755584512946,forecast_icc,0.08234953479295495,0.2967101481660644,2026-08-24
PII,64.34,2.72,3661172480.0,56903524.0,14.701,Consumer Cyclical,Polaris Inc.,3.13694,0.08277812135393092,forecast_icc,0.07337679445277534,0.22848929158453632,2026-08-24
PINS,23.47,0.0,13291366400.0,492198008.0,5.117,Communication Services,"Pinterest, Inc.",2.02941,0.18375291340833044,forecast_icc,0.11265648508106374,0.18948971318223534,2026-08-24
PK,15.86,1.0,3193225984.0,201338330.0,15.346,Real Estate,Park Hotels & Resorts Inc.,0.535,0.05607476635513997,forecast_icc,0.04820744256089571,0.9675914036969079,2026-08-24
PLNT,53.86,0.0,4085239296.0,75216965.0,-6.094,Consumer Cyclical,"Planet Fitness, Inc.",3.26486,0.12086888871192025,forecast_icc,0.07593120460075797,,2026-08-24
PNFP,101.34,2.0,15313754112.0,151112640.0,93.347,Financial Services,"Pinnacle Financial Partners, In",10.18295,0.12429305849483696,forecast_icc,0.11363095422300781,0.9211269492061699,2026-08-24
POR,49.7,2.15,5845105152.0,117607740.0,35.617,Utilities,Portland General Electric Co,3.39777,0.055671808274250445,forecast_icc,0.0798912426544765,0.7166397809193766,2026-08-24
POST,82.38,0.0,3733674240.0,45322586.0,70.023,Consumer Defensive,"Post Holdings, Inc.",7.65274,0.01,forecast_icc,0.06064432611370377,0.8500000898519737,2026-08-24
PPC,31.79,0.0,7569470464.0,238108524.0,15.748,Consumer Defensive,Pilgrim's Pride Corporation,2.48714,0.16197721077221217,forecast_icc,0.10048695416295203,0.4953758725640758,2026-08-24
PR,23.69,0.63,19841726464.0,837557029.0,14.335,Energy,Permian Resources Corporation,2.18088,0.01,forecast_icc,0.06802058147287127,0.6051076267228497,2026-08-24
PRI,299.98,4.8,9232589824.0,30777350.0,81.654,Financial Services,"Primerica, Inc.",25.15625,0.07796273291925471,forecast_icc,0.0863678883774136,0.27219813560516304,2026-08-24
PSN,48.81,0.0,5213171200.0,106805394.0,24.639,Technology,Parsons Corporation,2.43519,0.4041122047971617,forecast_icc,0.13195259689431832,0.504794107426589,2026-08-24
PVH,77.03,0.15,,,106.229,Consumer Cyclical,PVH Corp.,12.08065,0.043950449686068094,forecast_icc,0.1042909392241379,,2026-08-24
QLYS,178.46,0.0,6173824000.0,34595001.0,16.225,Technology,"Qualys, Inc.",7.78229,0.08131282694425424,forecast_icc,0.052340056419791184,0.09091673025097574,2026-08-24
R,244.93,4.04,9392297984.0,38346868.0,75.078,Industrials,"Ryder System, Inc.",14.67291,0.20759822012129825,forecast_icc,0.10603290776200158,0.3065284087673171,2026-08-24
RBA,84.07,1.32,15569764352.0,185200000.0,30.08,Industrials,"RB Global, Inc.",4.35058,0.11280335035788336,forecast_icc,0.07282602748359068,0.35779706577796766,2026-08-24
RBC,495.9,0.0,15699818496.0,31659245.0,109.663,Industrials,RBC Bearings Incorporated,14.64337,0.13806657893640595,forecast_icc,0.04953578110496605,0.22113935809637272,2026-08-24
REXR,37.67,1.74,8612660224.0,222988124.0,33.216,Real Estate,"Rexford Industrial Realty, Inc.",0.98361,0.01,forecast_icc,0.028661402376991135,0.8599867328034513,2026-08-24
RGA,245.57,3.92,16036129792.0,65301665.0,209.735,Financial Services,"Reinsurance Group of America, I",28.70026,0.032446744384894144,forecast_icc,0.08714361292071438,0.8540741991005583,2026-08-24
RGEN,181.62,0.0,10249836544.0,56435621.0,37.429,Healthcare,Repligen Corporation,2.06415,0.27851658067485396,forecast_icc,0.0392786800717998,0.2060841506438954,2026-08-24
RGLD,263.75,1.9,22346971136.0,84727857.0,87.456,Basic Materials,"Royal Gold, Inc.",10.50933,0.22876244251536493,forecast_icc,0.08395887389811685,0.33158674688825623,2026-08-24
RH,143.34,0.0,2712884224.0,18926221.0,3.012,Consumer Cyclical,RH,4.76157,0.75,forecast_icc,0.17684853644485987,0.02101297841894192,2026-08-24
RLI,66.62,0.72,6113915392.0,91772970.0,,Financial Services,RLI Corp.,2.84375,0.01,forecast_icc,0.036583160288747085,,2026-08-24
RMBS,87.07,0.0,9443751936.0,108461603.0,13.522,Technology,"Rambus, Inc.",3.0325,0.2190173124484749,forecast_icc,0.07159946340332668,0.15530033038830554,2026-08-24
RNR,329.42,1.64,13688025088.0,41551893.0,264.766,Financial Services,RenaissanceRe Holdings Ltd.,43.39141,0.01,forecast_icc,0.07866090507517665,0.8037338061049293,2026-08-24
ROKU,158.18,0.0,23476912128.0,132050905.0,19.027,Communication Services,"Roku, Inc.",2.99,0.3120401337792642,forecast_icc,0.06152401937257179,0.1070214241011023,2026-08-24
RPM,106.36,2.16,13576109056.0,127643000.0,25.944,Basic Materials,RPM International Inc.,6.00512,0.1251815117766173,forecast_icc,0.08233422429641005,0.24392629569636834,2026-08-24
RRC,41.25,0.4,9639280640.0,233679515.0,20.152,Energy,Range Resources Corporation,4.12059,0.01,forecast_icc,0.06656622080618868,0.4885333005804052,2026-08-24
RRX,162.72,1.4,10832200704.0,66569573.0,103.836,Industrials,Regal Rexnord Corporation,10.63694,0.22875657848967856,forecast_icc,0.1122251141448406,0.6381268562975844,2026-08-24
RS,382.49,5.0,19527856128.0,51054555.0,144.977,Basic Materials,"Reliance, Inc.",23.05479,0.01,forecast_icc,0.047245246492998993,0.3790347579231715,2026-08-24
RYAN,44.34,0.52,17292869632.0,122077702.0,4.195,Financial Services,"Ryan Specialty Holdings, Inc.",2.16968,0.11689742266140613,forecast_icc,0.06969194230080658,0.029614284429828983,2026-08-24
RYN,21.22,1.04,6350074880.0,297567291.0,17.455,Real Estate,Rayonier Inc. REIT,0.41717,0.47421914327492387,forecast_icc,0.11133492674687673,0.8179489474626478,2026-08-24
SAIA,349.54,0.0,9323856896.0,26674650.0,102.489,Industrials,"Saia, Inc.",11.33156,0.24590788911676786,forecast_icc,0.07354992543445427,0.29321108574959404,2026-08-24
SAIC,126.85,1.48,5362814464.0,42276819.0,33.093,Technology,Science Applications Internatio,10.17841,0.08081517643718428,forecast_icc,0.08327763305346447,0.26088293386966593,2026-08-24
SAM,189.44,0.0,1949656064.0,8223681.0,70.883,Consumer Defensive,"Boston Beer Company, Inc. (The)",9.01426,0.16646291542511515,forecast_icc,0.07512467131400608,0.29898564730799615,2026-08-24
SANM,185.41,0.0,9937485824.0,53597356.0,47.758,Technology,Sanmina Corporation,12.09831,0.15035488427722554,forecast_icc,0.08721633381254545,0.2575804960311056,2026-08-24
SARO,24.57,0.0,8130690048.0,330919431.0,8.095,Industrials,"StandardAero, Inc.",1.20256,0.24547631718999452,forecast_icc,0.09447345372743057,0.329466844527413,2026-08-24
SBRA,20.47,1.2,5229322240.0,255462756.0,10.768,Real Estate,"Sabra Health Care REIT, Inc.",0.67,0.15920895522388046,forecast_icc,0.0728115006167337,0.5260381422981499,2026-08-24
SCI,84.23,1.44,11479840768.0,136291587.0,11.469,Consumer Cyclical,Service Corporation Internation,4.19034,0.09731429907835643,forecast_icc,0.06757644636158389,0.13616288264731094,2026-08-24
SEIC,110.75,1.04,13292124160.0,120019182.0,20.835,Financial Services,SEI Investments Company,6.23911,0.10859721979577208,forecast_icc,0.07303344565576808,0.1881264143239842,2026-08-24
SF,80.8,1.36,12200940544.0,151001734.0,35.149,Financial Services,Stifel Financial Corporation,6.52336,0.12343638860955086,forecast_icc,0.09902728765695057,0.43501236066395504,2026-08-24
SFM,86.13,0.0,8031417344.0,93247625.0,15.646,Consumer Defensive,"Sprouts Farmers Market, Inc.",5.55091,0.0721611411462264,forecast_icc,0.06601178654053866,0.18165565033672842,2026-08-24
SGI,64.31,0.68,13528603648.0,210365491.0,14.966,Consumer Cyclical,Somnigroup International Inc.,3.01734,0.19025698131466795,forecast_icc,0.08510186427203081,0.23271654785831744,2026-08-24
SHC,19.17,0.0,5470634496.0,285374795.0,2.333,Healthcare,Sotera Health Company,0.98463,0.09164863959050606,forecast_icc,0.061219839216654415,0.12170058102434048,2026-08-24
SIGI,92.65,1.72,5519078912.0,59569119.0,58.134,Financial Services,"Selective Insurance Group, Inc.",8.15125,0.07652200582732727,forecast_icc,0.08946156703802666,0.6274581717642236,2026-08-24
SIRI,28.45,1.08,9589553152.0,337066891.0,34.914,Communication Services,SiriusXM Holdings Inc.,2.99399,0.08972641859191244,forecast_icc,0.11301727166852371,1.2272056107139455,2026-08-24
SITM,580.97,0.0,17403256832.0,29955519.0,38.664,Technology,SiTime Corporation,11.14301,0.3393795751776225,forecast_icc,0.06646793508365179,0.0665507725247366,2026-08-24
SLAB,218.08,0.0,7276622848.0,33366761.0,32.812,Technology,"Silicon Laboratories, Inc.",2.92237,0.4923469649633687,forecast_icc,0.0739786612568002,0.15045855540429953,2026-08-24
SLGN,42.5,0.84,4491485696.0,105682020.0,22.514,Consumer Cyclical,Silgan Holdings Inc.,3.82112,0.0713508081400216,forecast_icc,0.08934313436074726,0.5297411946338746,2026-08-24
SLM,26.34,0.52,4951920128.0,188000000.0,,Financial Services,SLM Corporation,3.11846,0.07830788273699207,forecast_icc,0.10753876642547525,,2026-08-24
SMG,60.69,2.64,3533388288.0,58220274.0,-4.923,Basic Materials,Scotts Miracle-Gro Company (The,4.4161,0.07159258168972626,forecast_icc,0.08877368292289523,,2026-08-24
SMTC,120.91,0.0,11262908416.0,93151168.0,6.156,Technology,Semtech Corporation,2.64853,0.4706157755434146,forecast_icc,0.0950732710560114,0.05091389976974132,2026-08-24
SN,182.99,0.0,25896816640.0,141520379.0,20.178,Consumer Cyclical,"SharkNinja, Inc.",6.59275,0.16207348981836112,forecast_icc,0.06175806443166987,0.11026831008454017,2026-08-24
SNX,243.65,1.92,,,112.812,Technology,TD SYNNEX Corporation,18.97409,0.12856901174180146,forecast_icc,0.09443318470994078,,2026-08-24
SOLS,55.36,0.3,8793790464.0,158847369.0,9.985,Basic Materials,Solstice Advanced Materials Inc,2.87917,0.1613069044203712,forecast_icc,0.08072155808333437,0.18036488201056594,2026-08-24
SON,57.49,2.16,5684323840.0,98875003.0,36.22,Consumer Cyclical,Sonoco Products Company,5.8198,0.09008728822296286,forecast_icc,0.11066152351505212,0.630022621768854,2026-08-24
SPXC,200.9,0.0,10062248960.0,50085860.0,46.893,Industrials,"SPX Technologies, Inc.",8.47755,0.1541093830174991,forecast_icc,0.06688270913591665,0.2334146414302196,2026-08-24
SR,82.37,3.3,4869122048.0,59112807.0,60.618,Utilities,Spire Inc.,4.017,0.3686830968384365,forecast_icc,0.15772484768820905,0.7359232525703164,2026-08-24
SSB,106.91,2.64,10367548416.0,96974534.0,94.167,Financial Services,SouthState Bank Corporation,9.47672,0.09481972665648031,forecast_icc,0.09868189344307232,0.8808062018871404,2026-08-24
SSD,187.53,1.2,7685856768.0,40984682.0,50.044,Basic Materials,"Simpson Manufacturing Company, ",9.0575,0.07203974606679564,forecast_icc,0.05605119313124851,0.2668586584318715,2026-08-24
ST,41.96,0.48,6106684416.0,145535862.0,20.33,Technology,Sensata Technologies Holding pl,3.75888,0.0895958370578469,forecast_icc,0.09183446643160936,0.4845090842925916,2026-08-24
STAG,37.05,1.55,7291724288.0,192808329.0,18.753,Real Estate,"Stag Industrial, Inc.",1.09737,0.01,forecast_icc,0.03188254762917722,0.49586825432873527,2026-08-24
STRL,496.66,0.0,15192093696.0,30588518.0,44.357,Industrials,"Sterling Infrastructure, Inc.",20.03,0.26791063404892657,forecast_icc,0.0888911441093102,0.08931059273832956,2026-08-24
STWD,16.29,1.92,6186436608.0,370168950.0,17.979,Real Estate,"STARWOOD PROPERTY TRUST, INC. S",1.52686,0.2400874998362652,forecast_icc,0.20229929181957595,1.07578368190886,2026-08-24
SUI,123.43,4.48,15595713536.0,121800957.0,45.054,Real Estate,"Sun Communities, Inc.",2.33399,0.3392945128299607,forecast_icc,0.08013755354948582,0.3518672168484488,2026-08-24
SWX,89.57,2.58,6488975360.0,72445853.0,56.945,Utilities,"Southwest Gas Holdings, Inc.",4.25269,0.16116622655307578,forecast_icc,0.08806104476654872,0.6357597109268419,2026-08-24
SYNA,93.68,0.0,3663542272.0,39106986.0,23.795,Technology,Synaptics Incorporated,5.17718,0.2704425961623895,forecast_icc,0.10731934097760976,0.2540030011341985,2026-08-24
TCBI,98.0,0.8,4260488192.0,43474369.0,75.707,Financial Services,"Texas Capital Bancshares, Inc.",7.40114,0.11170846653353395,forecast_icc,0.0879925013205366,0.7725204027236041,2026-08-24
TEX,65.88,0.68,7530083840.0,114300000.0,43.354,Industrials,Terex Corporation,5.0234,0.18775729585539702,forecast_icc,0.11134780183491066,0.658075302386009,2026-08-24
THC,278.59,0.0,22431787008.0,80519000.0,57.858,Healthcare,Tenet Healthcare Corporation,21.20792,0.01,forecast_icc,0.052532375184764155,0.20768155030798693,2026-08-24
THG,227.47,3.8,7920555520.0,34820221.0,105.229,Financial Services,Hanover Insurance Group Inc,20.38375,0.01,forecast_icc,0.06377618610582439,0.4626060667533835,2026-08-24
THO,79.42,2.08,4134396416.0,52057373.0,82.877,Consumer Cyclical,"Thor Industries, Inc.",3.50677,0.3061791905371609,forecast_icc,0.12152840901489914,1.043528115839243,2026-08-24
TKR,122.72,1.44,8504108544.0,69296839.0,46.032,Industrials,Timken Company (The),6.26691,0.16088151896229563,forecast_icc,0.08271023518019993,0.3750977631980704,2026-08-24
TLN,305.535,0.0,14639483904.0,47914259.0,33.737,Utilities,Talen Energy Corporation,22.11295,0.3894876079401437,forecast_icc,0.1552560458781197,0.11041942232958926,2026-08-24
TNL,73.12,2.4,4480946176.0,61282085.0,-16.628,Consumer Cyclical,Travel   Leisure Co.,7.60702,0.17791723960236716,forecast_icc,0.14110876884301937,,2026-08-24
TOL,147.45,1.04,,,92.356,Consumer Cyclical,"Toll Brothers, Inc.",12.76123,0.10002484086565322,forecast_icc,0.09141875272190891,,2026-08-24
TOST,36.71,0.0,21218379776.0,514000000.0,3.431,Technology,"Toast, Inc.",1.38658,0.24828715256241973,forecast_icc,0.08141049410950385,0.08311350907173055,2026-08-24
TREX,47.27,0.0,4815167488.0,101865190.0,9.584,Industrials,"Trex Company, Inc.",1.76848,0.14032954853885804,forecast_icc,0.05892507703716175,0.202750160486214,2026-08-24
TRU,84.87,0.5,16261092352.0,191600000.0,24.656,Financial Services,TransUnion,4.84925,0.15634788884879125,forecast_icc,0.08446704151651069,0.29051489886034443,2026-08-24
TTC,99.48,1.56,,,14.343,Industrials,Toro Company (The),4.606,0.09986973512809372,forecast_icc,0.06461146645279958,,2026-08-24
TTEK,36.86,0.29,9437798400.0,256044428.0,7.233,Industrials,"Tetra Tech, Inc.",1.57707,0.10191684579631843,forecast_icc,0.05892218550182571,0.19622895819897995,2026-08-24
TTMI,107.12,0.0,11284970496.0,105348864.0,17.697,Technology,"TTM Technologies, Inc.",4.85,0.42113402061855676,forecast_icc,0.1292410001229013,0.16520724151373092,2026-08-24
TWLO,222.59,0.0,34184306688.0,153575220.0,51.175,Technology,Twilio Inc.,5.92927,0.14244080637245404,forecast_icc,0.04673556401421167,0.22990701421067242,2026-08-24
TXNM,57.08,4.58,5881872384.0,103046111.0,32.009,Utilities,"TXNM Energy, Inc.",2.86066,0.13949927639076298,forecast_icc,0.09667893160899058,0.5607743166906153,2026-08-24
TXRH,205.29,3.0,13475425280.0,65640926.0,23.411,Consumer Cyclical,"Texas Roadhouse, Inc.",6.58845,0.18066313017477564,forecast_icc,0.06740211826732515,0.1140386805355059,2026-08-24
UBSI,47.8,1.52,6510961152.0,136212571.0,40.334,Financial Services,"United Bankshares, Inc.",3.68833,0.04609132046210607,forecast_icc,0.07739565709056737,0.8438074979185501,2026-08-24
UFPI,89.23,1.44,4922060288.0,55161491.0,54.525,Basic Materials,"UFP Industries, Inc.",4.5325,0.2200772200772203,forecast_icc,0.09985618673276175,0.6110612468741464,2026-08-24
UGI,38.19,1.5,8191562240.0,214494967.0,25.276,Utilities,UGI Corporation,2.79667,0.16448132958125194,forecast_icc,0.11839497994867842,0.661848695895644,2026-08-24
ULS,74.16,0.58,14972769280.0,78143173.0,7.9,Industrials,UL Solutions Inc.,2.31791,0.12195037771095518,forecast_icc,0.051303923904470514,0.041230253078473944,2026-08-24
UMBF,143.96,2.0,10933767168.0,75950030.0,97.412,Financial Services,UMB Financial Corporation,13.20506,0.05500240059492345,forecast_icc,0.08242380702803714,0.6766601308296673,2026-08-24
UNM,89.49,2.02,14166875136.0,158306798.0,68.283,Financial Services,Unum Group,8.6756,0.09027271888975985,forecast_icc,0.10125251012043612,0.7630238132307062,2026-08-24
USFD,109.37,0.0,23660091392.0,216330723.0,19.783,Consumer Defensive,US Foods Holding Corp.,4.78925,0.15309495223678016,forecast_icc,0.06830955136303746,0.18088141005896755,2026-08-24
UTHR,512.88,0.0,21997778944.0,42890692.0,149.971,Healthcare,United Therapeutics Corporation,26.0418,0.10180018278306413,forecast_icc,0.06315899743011749,0.2924095194477103,2026-08-24
VAL,85.81,0.0,5958286336.0,69435807.0,45.803,Energy,Valaris Limited,3.21988,0.75,forecast_icc,0.18677113680400648,0.5337723111434234,2026-08-24
VC,101.86,1.5,2719196416.0,26695429.0,58.277,Consumer Cyclical,Visteon Corporation,8.53763,0.22682290050049003,forecast_icc,0.1312550128451041,0.5721284077453712,2026-08-24
VFC,14.31,0.36,5625755648.0,393134570.0,9.454,Consumer Cyclical,V.F. Corporation,1.08483,0.2353456301909056,forecast_icc,0.13383202118434923,0.660656889017445,2026-08-24
VIAV,36.95,0.0,9117406208.0,246749828.0,5.864,Technology,Viavi Solutions Inc.,1.64374,0.18675094601335984,forecast_icc,0.07639710114037174,0.1587009461224172,2026-08-24
VICR,189.99,0.0,8759818240.0,34389014.0,18.098,Technology,Vicor Corporation,3.49333,0.5896952191748275,forecast_icc,0.10588098879245889,0.07104854899044115,2026-08-24
VLY,14.1,0.44,7791734272.0,552605226.0,13.483,Financial Services,Valley National Bancorp,1.27953,0.205692715293897,forecast_icc,0.14025176764775726,0.956241062908517,2026-08-24
VMI,481.47,3.08,9294709760.0,19304858.0,89.155,Industrials,"Valmont Industries, Inc.",22.94621,0.13217389712723793,forecast_icc,0.07002233765525856,0.18517249698284285,2026-08-24
VNO,38.87,0.74,7698158080.0,186720531.0,,Real Estate,Vornado Realty Trust,0.31,0.01,forecast_icc,0.010000000000000002,,2026-08-24
VNOM,44.71,2.45,23427356672.0,194405049.0,26.309,Energy,"Viper Energy, Inc.",2.5107,0.01,forecast_icc,0.05724426581243877,0.21831752108226066,2026-08-24
VNT,33.24,0.1,4494048256.0,135200000.0,8.933,Technology,Vontier Corporation,3.49769,0.08587381957806439,forecast_icc,0.09632360924133299,0.2687424636323264,2026-08-24
VOYA,99.14,1.88,8981722112.0,90596349.0,51.719,Financial Services,"Voya Financial, Inc.",9.13841,0.23966423042958218,forecast_icc,0.14429981296625127,0.5216764129977794,2026-08-24
VVV,33.37,0.0,4255878912.0,127536079.0,2.769,Consumer Cyclical,Valvoline Inc.,1.76029,0.1337109226320663,forecast_icc,0.07243796577880401,0.08297872426662688,2026-08-24
WAL,78.39,1.68,8552416768.0,109100864.0,67.88,Financial Services,Western Alliance Bancorporation,8.91029,0.26663105241243557,forecast_icc,0.1699670472392486,0.8659267724217623,2026-08-24
WCC,337.01,2.0,16423459840.0,48732854.0,103.407,Industrials,"WESCO International, Inc.",16.87218,0.18773803977909198,forecast_icc,0.08540997887230939,0.3068365790565358,2026-08-24
WEX,203.25,0.0,6927087616.0,34081611.0,39.201,Technology,WEX Inc.,20.02723,0.05301931420371164,forecast_icc,0.0805367919580896,0.19287084368978769,2026-08-24
WFRD,88.73,1.1,6360649216.0,71685443.0,24.903,Energy,Weatherford International plc,5.44831,0.2955889073859601,forecast_icc,0.12847094494407008,0.2806604367583159,2026-08-24
WH,74.35,1.72,5517596672.0,74211122.0,6.4,Consumer Cyclical,"Wyndham Hotels & Resorts, Inc.",4.79209,0.11540476076200568,forecast_icc,0.08746025485087686,0.0860793582847804,2026-08-24
WHR,40.13,4.45,2616451072.0,65199378.0,58.185,Consumer Cyclical,Whirlpool Corporation,2.17644,0.7023074378342615,forecast_icc,0.28724872338775886,1.4499127652443258,2026-08-24
WING,116.84,1.32,3183019008.0,27242546.0,-28.377,Consumer Cyclical,Wingstop Inc.,4.44803,0.20562810952264243,forecast_icc,0.07883239847772805,,2026-08-24
WLK,76.49,2.13,9775157248.0,127796548.0,68.116,Basic Materials,Westlake Corporation,3.22463,0.04265915779484786,forecast_icc,0.050101477257204916,0.8905217013617908,2026-08-24
WMG,27.76,0.8,14521527296.0,147729456.0,1.239,Communication Services,Warner Music Group Corp.,1.78149,0.10613587502596133,forecast_icc,0.08710386726983643,0.012604514129475768,2026-08-24
WMS,140.46,0.8,10591434752.0,75405342.0,25.122,Industrials,"Advanced Drainage Systems, Inc.",6.43673,0.1699372196752078,forecast_icc,0.07672126676492941,0.17885518308709683,2026-08-24
WPC,71.58,3.76,16306443264.0,227807251.0,38.069,Real Estate,W. P. Carey Inc. REIT,3.28815,0.01,forecast_icc,0.04724028615916798,0.5318384946314556,2026-08-24
WSO,310.8,13.2,12821180416.0,35588756.0,77.598,Industrials,"Watsco, Inc.",12.18715,0.08537927243038768,forecast_icc,0.06380269039779748,0.21539485433351224,2026-08-24
WTFC,151.99,2.2,10252549120.0,67455414.0,105.256,Financial Services,Wintrust Financial Corporation,13.1059,0.0534385276860041,forecast_icc,0.07895968907918716,0.6925191942883372,2026-08-24
WTRG,41.34,1.44,11725387776.0,283632983.0,24.732,Utilities,"Essential Utilities, Inc.",2.21832,0.07286144469688782,forecast_icc,0.07115696834305568,0.5982583322245597,2026-08-24
WTS,372.8,2.3,12445200384.0,27466760.0,62.773,Industrials,"Watts Water Technologies, Inc.",12.85812,0.09121706750286984,forecast_icc,0.04798791083470191,0.13854103367404647,2026-08-24
WWD,333.15,1.28,19671113728.0,59045820.0,42.378,Industrials,"Woodward, Inc.",9.45756,0.13456642093732407,forecast_icc,0.04887791434251912,0.12720396997137426,2026-08-24
XPO,191.99,0.0,22479431680.0,117086465.0,16.757,Industrials,"XPO, Inc.",5.45056,0.1807117066870192,forecast_icc,0.055747749774288535,0.08728058262036098,2026-08-24
XRAY,10.89,0.64,2170963712.0,199353876.0,6.58,Healthcare,DENTSPLY SIRONA Inc.,1.50262,0.010148939851725602,forecast_icc,0.1006588724172175,0.6042240581126765,2026-08-24
YETI,43.08,0.0,3144357632.0,72988796.0,8.671,Consumer Cyclical,"YETI Holdings, Inc.",2.971,0.13306294177044764,forecast_icc,0.08564270998341061,0.20127667529772897,2026-08-24
ZION,67.87,1.92,9905854464.0,145953355.0,52.179,Financial Services,Zions Bancorporation N.A.,7.72756,0.01,forecast_icc,0.07870452085054802,0.7688079951327862,2026-08-24
