date,etf,symbol,weight,matched,constituent_icc,holding_source
2026-09-08,SPY,AAPL,0.004956655777579795,True,0.0393755235652454,stockanalysis_full_holdings
2026-09-08,SPY,ABBV,0.05020293298261989,True,0.0963943163797352,stockanalysis_full_holdings
2026-09-08,SPY,AMD,0.08131460976058151,True,0.1203284762537987,stockanalysis_full_holdings
2026-09-08,SPY,AMZN,0.002771767567491126,True,0.0379798466760485,stockanalysis_full_holdings
2026-09-08,SPY,AVGO,0.001824275592889568,True,0.1653721883173112,stockanalysis_full_holdings
2026-09-08,SPY,BAC,0.04383918091440047,True,0.098886085536009,stockanalysis_full_holdings
2026-09-08,SPY,BRK-B,0.09757753171269781,True,0.0354400571386391,stockanalysis_full_holdings
2026-09-08,SPY,COST,0.04525334804067145,True,0.0373315870374623,stockanalysis_full_holdings
2026-09-08,SPY,CSCO,0.04666751516694244,True,0.0624596630779298,stockanalysis_full_holdings
2026-09-08,SPY,GOOG,0.0017182130584192444,True,0.0453633430532495,stockanalysis_full_holdings
2026-09-08,SPY,GOOGL,0.002149534031931894,True,0.0450660835175066,stockanalysis_full_holdings
2026-09-08,SPY,INTC,0.048788765856348906,True,0.0564627346140569,stockanalysis_full_holdings
2026-09-08,SPY,JNJ,0.07000127275041365,True,0.064746754134734,stockanalysis_full_holdings
2026-09-08,SPY,JPM,0.10182003309151076,True,0.0620567309022125,stockanalysis_full_holdings
2026-09-08,SPY,LLY,0.001081837851597302,True,0.085867544550286,stockanalysis_full_holdings
2026-09-08,SPY,MA,0.0494958494194844,True,0.0616775799512497,stockanalysis_full_holdings
2026-09-08,SPY,META,0.0012798212492752396,True,0.0598386869194136,stockanalysis_full_holdings
2026-09-08,SPY,MSFT,0.003825322076563009,True,0.0763729233769704,stockanalysis_full_holdings
2026-09-08,SPY,MU,0.0011242628653854315,True,0.2489544803032229,stockanalysis_full_holdings
2026-09-08,SPY,NVDA,0.005614243491295802,True,0.1826233459899949,stockanalysis_full_holdings
2026-09-08,SPY,PLTR,0.04313209735126498,True,0.0533233561883196,stockanalysis_full_holdings
2026-09-08,SPY,TSLA,0.10535545090718823,True,0.0177779067590796,stockanalysis_full_holdings
2026-09-08,SPY,V,0.06434460424532973,True,0.0588289740178743,stockanalysis_full_holdings
2026-09-08,SPY,WMT,0.053031267235161855,True,0.0465619318595275,stockanalysis_full_holdings
2026-09-08,SPY,XOM,0.07282960700295563,True,0.0577472964493254,stockanalysis_full_holdings
2026-09-08,IVV,AAPL,0.005171758326100524,True,0.0393755235652454,stockanalysis_full_holdings
2026-09-08,IVV,ABBV,0.0494939423718358,True,0.0963943163797352,stockanalysis_full_holdings
2026-09-08,IVV,AMD,0.07962068990251847,True,0.1203284762537987,stockanalysis_full_holdings
2026-09-08,IVV,AMZN,0.002718580312887793,True,0.0379798466760485,stockanalysis_full_holdings
2026-09-08,IVV,AVGO,0.0018147778869673126,True,0.1653721883173112,stockanalysis_full_holdings
2026-09-08,IVV,BAC,0.04447281778338869,True,0.098886085536009,stockanalysis_full_holdings
2026-09-08,IVV,BRK-B,0.09970518825630689,True,0.0354400571386391,stockanalysis_full_holdings
2026-09-08,IVV,COST,0.04375551427075339,True,0.0373315870374623,stockanalysis_full_holdings
2026-09-08,IVV,CSCO,0.045907424808659295,True,0.0624596630779298,stockanalysis_full_holdings
2026-09-08,IVV,GOOG,0.0017215284303247235,True,0.0453633430532495,stockanalysis_full_holdings
2026-09-08,IVV,GOOGL,0.002159083573032257,True,0.0450660835175066,stockanalysis_full_holdings
2026-09-08,IVV,INTC,0.0487766388592005,True,0.0564627346140569,stockanalysis_full_holdings
2026-09-08,IVV,JNJ,0.07173035126353014,True,0.064746754134734,stockanalysis_full_holdings
2026-09-08,IVV,JPM,0.10400900933211871,True,0.0620567309022125,stockanalysis_full_holdings
2026-09-08,IVV,LLY,0.09827058123103631,True,0.085867544550286,stockanalysis_full_holdings
2026-09-08,IVV,MA,0.0509285493971064,True,0.0616775799512497,stockanalysis_full_holdings
2026-09-08,IVV,META,0.0014417800603969556,True,0.0598386869194136,stockanalysis_full_holdings
2026-09-08,IVV,MSFT,0.004067110916642159,True,0.0763729233769704,stockanalysis_full_holdings
2026-09-08,IVV,MU,0.0011620316904691886,True,0.2489544803032229,stockanalysis_full_holdings
2026-09-08,IVV,NVDA,0.005939273084620296,True,0.1826233459899949,stockanalysis_full_holdings
2026-09-08,IVV,PLTR,0.04519012129602399,True,0.0533233561883196,stockanalysis_full_holdings
2026-09-08,IVV,TSLA,0.0011405125850901293,True,0.0177779067590796,stockanalysis_full_holdings
2026-09-08,IVV,V,0.06742653018771833,True,0.0588289740178743,stockanalysis_full_holdings
2026-09-08,IVV,WMT,0.0509285493971064,True,0.0465619318595275,stockanalysis_full_holdings
2026-09-08,IVV,XOM,0.07244765477616545,True,0.0577472964493254,stockanalysis_full_holdings
2026-09-08,VOO,AAPL,0.004134609737475775,True,0.0393755235652454,stockanalysis_full_holdings
2026-09-08,VOO,ABBV,0.04052387384741881,True,0.0963943163797352,stockanalysis_full_holdings
2026-09-08,VOO,AMAT,0.03700005873025196,True,0.1060974338961785,stockanalysis_full_holdings
2026-09-08,VOO,AMD,0.07106360486286487,True,0.1203284762537987,stockanalysis_full_holdings
2026-09-08,VOO,AMZN,0.0024255594056498504,True,0.0379798466760485,stockanalysis_full_holdings
2026-09-08,VOO,AVGO,0.0016796852058495334,True,0.1653721883173112,stockanalysis_full_holdings
2026-09-08,VOO,BAC,0.03700005873025196,True,0.098886085536009,stockanalysis_full_holdings
2026-09-08,VOO,BRK-B,0.0857461678510601,True,0.0354400571386391,stockanalysis_full_holdings
2026-09-08,VOO,COST,0.03876196628883539,True,0.0373315870374623,stockanalysis_full_holdings
2026-09-08,VOO,CSCO,0.041698478886474426,True,0.0624596630779298,stockanalysis_full_holdings
2026-09-08,VOO,GOOG,0.0015387326011628592,True,0.0453633430532495,stockanalysis_full_holdings
2026-09-08,VOO,GOOGL,0.001902860163270101,True,0.0450660835175066,stockanalysis_full_holdings
2026-09-08,VOO,INTC,0.03876196628883539,True,0.0564627346140569,stockanalysis_full_holdings
2026-09-08,VOO,JNJ,0.05638104187466965,True,0.064746754134734,stockanalysis_full_holdings
2026-09-08,VOO,JPM,0.0857461678510601,True,0.0620567309022125,stockanalysis_full_holdings
2026-09-08,VOO,LLY,0.08280965525342104,True,0.085867544550286,stockanalysis_full_holdings
2026-09-08,VOO,MA,0.04228578140600223,True,0.0616775799512497,stockanalysis_full_holdings
2026-09-08,VOO,META,0.0011158747871028369,True,0.0598386869194136,stockanalysis_full_holdings
2026-09-08,VOO,MSFT,0.0031479415046690557,True,0.0763729233769704,stockanalysis_full_holdings
2026-09-08,VOO,MU,0.08457156281200447,True,0.2489544803032229,stockanalysis_full_holdings
2026-09-08,VOO,NVDA,0.004434134022434957,True,0.1826233459899949,stockanalysis_full_holdings
2026-09-08,VOO,TSLA,0.079873142655782,True,0.0177779067590796,stockanalysis_full_holdings
2026-09-08,VOO,V,0.05403183179655842,True,0.0588289740178743,stockanalysis_full_holdings
2026-09-08,VOO,WMT,0.04463499148411348,True,0.0465619318595275,stockanalysis_full_holdings
2026-09-08,VOO,XOM,0.058730251952780886,True,0.0577472964493254,stockanalysis_full_holdings
2026-09-08,VTI,AAPL,0.0046623675042621006,True,0.0393755235652454,stockanalysis_full_holdings
2026-09-08,VTI,AMD,0.08598324809132013,True,0.1203284762537987,stockanalysis_full_holdings
2026-09-08,VTI,AMZN,0.0026610332814468907,True,0.0379798466760485,stockanalysis_full_holdings
2026-09-08,VTI,AVGO,0.0021569935512563932,True,0.1653721883173112,stockanalysis_full_holdings
2026-09-08,VTI,BRK-B,0.0867244829886591,True,0.0354400571386391,stockanalysis_full_holdings
2026-09-08,VTI,CAT,0.041509154250982144,True,0.067518539863162,stockanalysis_full_holdings
2026-09-08,VTI,COST,0.042991624045660065,True,0.0373315870374623,stockanalysis_full_holdings
2026-09-08,VTI,CSCO,0.04373285894299903,True,0.0624596630779298,stockanalysis_full_holdings
2026-09-08,VTI,GOOG,0.0017715514046401305,True,0.0453633430532495,stockanalysis_full_holdings
2026-09-08,VTI,GOOGL,0.002253354087910459,True,0.0450660835175066,stockanalysis_full_holdings
2026-09-08,VTI,INTC,0.0466977985323549,True,0.0564627346140569,stockanalysis_full_holdings
2026-09-08,VTI,JNJ,0.0555926173004225,True,0.064746754134734,stockanalysis_full_holdings
2026-09-08,VTI,JPM,0.07708842932325255,True,0.0620567309022125,stockanalysis_full_holdings
2026-09-08,VTI,LLY,0.09561930175672671,True,0.085867544550286,stockanalysis_full_holdings
2026-09-08,VTI,LRCX,0.04076791935364318,True,0.0671189813792504,stockanalysis_full_holdings
2026-09-08,VTI,MA,0.04002668445630421,True,0.0616775799512497,stockanalysis_full_holdings
2026-09-08,VTI,META,0.0014083463049440368,True,0.0598386869194136,stockanalysis_full_holdings
2026-09-08,VTI,MSFT,0.003402268178785857,True,0.0763729233769704,stockanalysis_full_holdings
2026-09-08,VTI,MU,0.111185234600845,True,0.2489544803032229,stockanalysis_full_holdings
2026-09-08,VTI,NVDA,0.004966273812171077,True,0.1826233459899949,stockanalysis_full_holdings
2026-09-08,VTI,ORCL,0.03928544955896524,True,0.1312607088346812,stockanalysis_full_holdings
2026-09-08,VTI,TSLA,0.0012526869765028537,True,0.0177779067590796,stockanalysis_full_holdings
2026-09-08,VTI,V,0.054851382403083536,True,0.0588289740178743,stockanalysis_full_holdings
2026-09-08,VTI,WMT,0.051886442813727666,True,0.0465619318595275,stockanalysis_full_holdings
2026-09-08,VTI,XOM,0.061522496479134235,True,0.0577472964493254,stockanalysis_full_holdings
2026-09-08,QQQ,AAPL,0.008326688688916733,True,0.0393755235652454,stockanalysis_full_holdings
2026-09-08,QQQ,AMAT,0.0019022667729809773,True,0.1060974338961785,stockanalysis_full_holdings
2026-09-08,QQQ,AMD,0.0038728784599612715,True,0.1203284762537987,stockanalysis_full_holdings
2026-09-08,QQQ,AMGN,0.11732543569882675,True,0.0671020324135511,stockanalysis_full_holdings
2026-09-08,QQQ,AMZN,0.004966397083950336,True,0.0379798466760485,stockanalysis_full_holdings
2026-09-08,QQQ,AVGO,0.00317803850096822,True,0.1653721883173112,stockanalysis_full_holdings
2026-09-08,QQQ,COST,0.0020617382389793827,True,0.0373315870374623,stockanalysis_full_holdings
2026-09-08,QQQ,CRWD,0.11504727189884953,True,0.0251643425162017,stockanalysis_full_holdings
2026-09-08,QQQ,CSCO,0.0021984280669780157,True,0.0624596630779298,stockanalysis_full_holdings
2026-09-08,QQQ,GOOG,0.003326119147966739,True,0.0453633430532495,stockanalysis_full_holdings
2026-09-08,QQQ,GOOGL,0.0035767171659642333,True,0.0450660835175066,stockanalysis_full_holdings
2026-09-08,QQQ,INTC,0.0023009454379769906,True,0.0564627346140569,stockanalysis_full_holdings
2026-09-08,QQQ,KLAC,0.11960359949880398,True,0.067238226379049,stockanalysis_full_holdings
2026-09-08,QQQ,LRCX,0.0019820025059801797,True,0.0671189813792504,stockanalysis_full_holdings
2026-09-08,QQQ,META,0.0030527394919694726,True,0.0598386869194136,stockanalysis_full_holdings
2026-09-08,QQQ,MSFT,0.006766146485932338,True,0.0763729233769704,stockanalysis_full_holdings
2026-09-08,QQQ,MU,0.005251167558947488,True,0.2489544803032229,stockanalysis_full_holdings
2026-09-08,QQQ,NFLX,0.16744503929832555,True,0.0510280642732696,stockanalysis_full_holdings
2026-09-08,QQQ,NVDA,0.009944184986900558,True,0.1826233459899949,stockanalysis_full_holdings
2026-09-08,QQQ,PANW,0.15491513839845086,True,0.0126273468871713,stockanalysis_full_holdings
2026-09-08,QQQ,PLTR,0.0021186923339788135,True,0.0533233561883196,stockanalysis_full_holdings
2026-09-08,QQQ,SPCX,0.13441166419865588,True,0.017698828225114,stockanalysis_full_holdings
2026-09-08,QQQ,TSLA,0.0031894293199681055,True,0.0177779067590796,stockanalysis_full_holdings
2026-09-08,QQQ,TXN,0.12074268139879259,True,0.073803851174886,stockanalysis_full_holdings
2026-09-08,QQQ,WMT,0.002494589360975054,True,0.0465619318595275,stockanalysis_full_holdings
2026-09-08,DIA,AAPL,0.03731421945820597,True,0.0393755235652454,stockanalysis_full_holdings
2026-09-08,DIA,AMGN,0.05049014440813745,True,0.0671020324135511,stockanalysis_full_holdings
2026-09-08,DIA,AMZN,0.031095182881838306,True,0.0379798466760485,stockanalysis_full_holdings
2026-09-08,DIA,AXP,0.03889533045219775,True,0.0802751954005102,stockanalysis_full_holdings
2026-09-08,DIA,BA,0.02455992410667229,True,0.0244964273953791,stockanalysis_full_holdings
2026-09-08,DIA,CAT,0.0934963634447138,True,0.067518539863162,stockanalysis_full_holdings
2026-09-08,DIA,CRM,0.02993570148624433,True,0.0494145589206261,stockanalysis_full_holdings
2026-09-08,DIA,CVX,0.023611257510277227,True,0.0625742326857753,stockanalysis_full_holdings
2026-09-08,DIA,GOOGL,0.04047644144618952,True,0.0450660835175066,stockanalysis_full_holdings
2026-09-08,DIA,GS,0.12079687994097187,True,0.0678851984985654,stockanalysis_full_holdings
2026-09-08,DIA,HD,0.03857910825339939,True,0.0627442475963571,stockanalysis_full_holdings
2026-09-08,DIA,HON,0.025403183303467903,True,0.0803729428648919,stockanalysis_full_holdings
2026-09-08,DIA,IBM,0.02751133129545694,True,0.0669801477047015,stockanalysis_full_holdings
2026-09-08,DIA,JNJ,0.03130599768103721,True,0.064746754134734,stockanalysis_full_holdings
2026-09-08,DIA,JPM,0.04174133024138294,True,0.0620567309022125,stockanalysis_full_holdings
2026-09-08,DIA,MCD,0.030989775482238854,True,0.0686701979718856,stockanalysis_full_holdings
2026-09-08,DIA,MMM,0.02034362812269421,True,0.0702565261723345,stockanalysis_full_holdings
2026-09-08,DIA,MRK,0.017286813534310108,True,0.1678637464542755,stockanalysis_full_holdings
2026-09-08,DIA,MSFT,0.05997681037208813,True,0.0763729233769704,stockanalysis_full_holdings
2026-09-08,DIA,NVDA,0.025403183303467903,True,0.1826233459899949,stockanalysis_full_holdings
2026-09-08,DIA,PG,0.01675977653631285,True,0.0606829459459387,stockanalysis_full_holdings
2026-09-08,DIA,SHW,0.04026562664699062,True,0.0591836305136971,stockanalysis_full_holdings
2026-09-08,DIA,TRV,0.04321703383577526,True,0.064577712255878,stockanalysis_full_holdings
2026-09-08,DIA,UNH,0.04595762622536102,True,0.0792626909453248,stockanalysis_full_holdings
2026-09-08,DIA,V,0.044587330030568154,True,0.0588289740178743,stockanalysis_full_holdings
2026-09-08,IWM,ALKS,0.03591160220994475,True,0.1021263880531556,stockanalysis_full_holdings
2026-09-08,IWM,BTSG,0.04143646408839779,True,0.0697707867495797,stockanalysis_full_holdings
2026-09-08,IWM,CMC,0.034530386740331494,False,,stockanalysis_full_holdings
2026-09-08,IWM,COMP,0.04143646408839779,True,0.0550524367979936,stockanalysis_full_holdings
2026-09-08,IWM,CRNX,0.03729281767955801,False,,stockanalysis_full_holdings
2026-09-08,IWM,CTRE,0.03729281767955801,True,0.0483013659077543,stockanalysis_full_holdings
2026-09-08,IWM,CYTK,0.04143646408839779,False,,stockanalysis_full_holdings
2026-09-08,IWM,EAT,0.04419889502762431,True,0.0685462946160694,stockanalysis_full_holdings
2026-09-08,IWM,ESE,0.034530386740331494,True,0.0450176643373821,stockanalysis_full_holdings
2026-09-08,IWM,FCFS,0.03729281767955801,True,0.0794858760104032,stockanalysis_full_holdings
2026-09-08,IWM,FROG,0.04419889502762431,True,0.0282293955829452,stockanalysis_full_holdings
2026-09-08,IWM,GKOS,0.046961325966850834,True,0.01,stockanalysis_full_holdings
2026-09-08,IWM,HQY,0.038674033149171276,True,0.0773264684091432,stockanalysis_full_holdings
2026-09-08,IWM,HUT,0.03729281767955801,True,0.01,stockanalysis_full_holdings
2026-09-08,IWM,IDCC,0.038674033149171276,True,0.0309642870655168,stockanalysis_full_holdings
2026-09-08,IWM,JXN,0.034530386740331494,True,0.1734845779064616,stockanalysis_full_holdings
2026-09-08,IWM,KRYS,0.03591160220994475,True,0.0494129956944565,stockanalysis_full_holdings
2026-09-08,IWM,MOG-A,0.052486187845303865,True,0.0333184511824108,stockanalysis_full_holdings
2026-09-08,IWM,ONB,0.04143646408839779,True,0.1104781489929881,stockanalysis_full_holdings
2026-09-08,IWM,PRAX,0.040055248618784525,False,,stockanalysis_full_holdings
2026-09-08,IWM,PTGX,0.040055248618784525,True,0.0290362269417029,stockanalysis_full_holdings
2026-09-08,IWM,RHP,0.03591160220994475,True,0.0645290036304518,stockanalysis_full_holdings
2026-09-08,IWM,TWST,0.034530386740331494,False,,stockanalysis_full_holdings
2026-09-08,IWM,UMBF,0.04834254143646408,True,0.0825326163119141,stockanalysis_full_holdings
2026-09-08,IWM,VSAT,0.04558011049723757,True,0.024162138088408,stockanalysis_full_holdings
2026-09-08,IJR,ACA,0.04,True,0.0600271534145316,stockanalysis_full_holdings
2026-09-08,IJR,ALKS,0.04,True,0.1021263880531556,stockanalysis_full_holdings
2026-09-08,IJR,AWI,0.04,True,0.073325668280142,stockanalysis_full_holdings
2026-09-08,IJR,CAG,0.04,True,0.1226703608095124,stockanalysis_full_holdings
2026-09-08,IJR,CORT,0.04,True,0.1352890682397182,stockanalysis_full_holdings
2026-09-08,IJR,EAT,0.04,True,0.0685462946160694,stockanalysis_full_holdings
2026-09-08,IJR,EMN,0.04,True,0.1074961300985642,stockanalysis_full_holdings
2026-09-08,IJR,ESE,0.04,True,0.0450176643373821,stockanalysis_full_holdings
2026-09-08,IJR,ESI,0.04,True,0.0805087268687394,stockanalysis_full_holdings
2026-09-08,IJR,ETSY,0.04,True,0.1122354672546653,stockanalysis_full_holdings
2026-09-08,IJR,FORM,0.04,True,0.047224699758601,stockanalysis_full_holdings
2026-09-08,IJR,FSS,0.04,True,0.0599123464827296,stockanalysis_full_holdings
2026-09-08,IJR,GKOS,0.04,True,0.01,stockanalysis_full_holdings
2026-09-08,IJR,KMX,0.04,True,0.0683848279437748,stockanalysis_full_holdings
2026-09-08,IJR,LW,0.04,True,0.0879031078796043,stockanalysis_full_holdings
2026-09-08,IJR,MTCH,0.04,True,0.1215569538127548,stockanalysis_full_holdings
2026-09-08,IJR,PAYC,0.04,True,0.082423821505165,stockanalysis_full_holdings
2026-09-08,IJR,PTGX,0.04,True,0.0290362269417029,stockanalysis_full_holdings
2026-09-08,IJR,QRVO,0.04,True,0.0632504482434735,stockanalysis_full_holdings
2026-09-08,IJR,RHP,0.04,True,0.0645290036304518,stockanalysis_full_holdings
2026-09-08,IJR,SM,0.04,True,0.1234758251708475,stockanalysis_full_holdings
2026-09-08,IJR,SNEX,0.04,True,0.0523811840816546,stockanalysis_full_holdings
2026-09-08,IJR,TGTX,0.04,True,0.1285879924753884,stockanalysis_full_holdings
2026-09-08,IJR,VSAT,0.04,True,0.024162138088408,stockanalysis_full_holdings
2026-09-08,IJR,ZWS,0.04,False,,stockanalysis_full_holdings
2026-09-08,MDY,ATI,0.0470948012232416,True,0.0615205008320455,stockanalysis_full_holdings
2026-09-08,MDY,CASHUSD,0.04770642201834863,False,,stockanalysis_full_holdings
2026-09-08,MDY,CDE-NE,0.036085626911314984,False,,stockanalysis_full_holdings
2026-09-08,MDY,CRS,0.04036697247706423,True,0.0587317122276465,stockanalysis_full_holdings
2026-09-08,MDY,CW,0.03669724770642202,True,0.0437350696559067,stockanalysis_full_holdings
2026-09-08,MDY,ENTG,0.03425076452599389,True,0.074337737085837,stockanalysis_full_holdings
2026-09-08,MDY,FTI,0.053822629969418966,True,0.065612714993377,stockanalysis_full_holdings
2026-09-08,MDY,ILMN,0.053822629969418966,True,0.0445031056105637,stockanalysis_full_holdings
2026-09-08,MDY,ITT,0.029969418960244652,False,,stockanalysis_full_holdings
2026-09-08,MDY,NTNX,0.030581039755351685,True,0.0572336211289422,stockanalysis_full_holdings
2026-09-08,MDY,NVT,0.04097859327217126,True,0.0777532516296745,stockanalysis_full_holdings
2026-09-08,MDY,OKTA,0.04831804281345567,True,0.0383856750870752,stockanalysis_full_holdings
2026-09-08,MDY,OVV,0.03180428134556575,True,0.0757667377320108,stockanalysis_full_holdings
2026-09-08,MDY,P,0.0507645259938838,True,0.0713241823010629,stockanalysis_full_holdings
2026-09-08,MDY,PR,0.03241590214067279,True,0.0688091934274922,stockanalysis_full_holdings
2026-09-08,MDY,RGLD,0.035474006116207955,True,0.084450815729368,stockanalysis_full_holdings
2026-09-08,MDY,ROKU,0.03486238532110092,True,0.0622664459353462,stockanalysis_full_holdings
2026-09-08,MDY,RS,0.03425076452599389,True,0.0458595589878289,stockanalysis_full_holdings
2026-09-08,MDY,SNX,0.03241590214067279,False,,stockanalysis_full_holdings
2026-09-08,MDY,THC,0.03914373088685016,True,0.0554215015082242,stockanalysis_full_holdings
2026-09-08,MDY,TWLO,0.059938837920489305,True,0.0466253556376922,stockanalysis_full_holdings
2026-09-08,MDY,USFD,0.04036697247706423,True,0.070996474161561,stockanalysis_full_holdings
2026-09-08,MDY,UTHR,0.037308868501529056,True,0.0644289420117093,stockanalysis_full_holdings
2026-09-08,MDY,WWD,0.03425076452599389,True,0.0482228776554619,stockanalysis_full_holdings
2026-09-08,MDY,XPO,0.037308868501529056,True,0.05626179714326,stockanalysis_full_holdings
2026-09-08,VUG,AAPL,0.009748743718592964,True,0.0393755235652454,stockanalysis_full_holdings
2026-09-08,VUG,AMAT,0.0013316582914572864,True,0.1060974338961785,stockanalysis_full_holdings
2026-09-08,VUG,AMD,0.0021859296482412056,True,0.1203284762537987,stockanalysis_full_holdings
2026-09-08,VUG,AMZN,0.0037353433835845893,True,0.0379798466760485,stockanalysis_full_holdings
2026-09-08,VUG,AVGO,0.0035762144053601333,True,0.1653721883173112,stockanalysis_full_holdings
2026-09-08,VUG,COST,0.0963149078726968,True,0.0373315870374623,stockanalysis_full_holdings
2026-09-08,VUG,GEV,0.07370184254606364,True,0.0285923969067556,stockanalysis_full_holdings
2026-09-08,VUG,GOOG,0.003785594639865996,True,0.0453633430532495,stockanalysis_full_holdings
2026-09-08,VUG,GOOGL,0.0048073701842546055,True,0.0450660835175066,stockanalysis_full_holdings
2026-09-08,VUG,INTC,0.0661641541038526,True,0.0564627346140569,stockanalysis_full_holdings
2026-09-08,VUG,KLAC,0.09212730318257956,True,0.067238226379049,stockanalysis_full_holdings
2026-09-08,VUG,LLY,0.002345058626465661,True,0.085867544550286,stockanalysis_full_holdings
2026-09-08,VUG,LRCX,0.12562814070351758,True,0.0671189813792504,stockanalysis_full_holdings
2026-09-08,VUG,MA,0.09463986599664989,True,0.0616775799512497,stockanalysis_full_holdings
2026-09-08,VUG,META,0.0028475711892797318,True,0.0598386869194136,stockanalysis_full_holdings
2026-09-08,VUG,MRVL,0.06281407035175879,True,0.1097592300597853,stockanalysis_full_holdings
2026-09-08,VUG,MSFT,0.006356783919597989,True,0.0763729233769704,stockanalysis_full_holdings
2026-09-08,VUG,NFLX,0.07035175879396983,True,0.0510280642732696,stockanalysis_full_holdings
2026-09-08,VUG,NVDA,0.010544388609715244,True,0.1826233459899949,stockanalysis_full_holdings
2026-09-08,VUG,ORCL,0.05946398659966498,True,0.1312607088346812,stockanalysis_full_holdings
2026-09-08,VUG,PANW,0.06532663316582914,True,0.0126273468871713,stockanalysis_full_holdings
2026-09-08,VUG,PLTR,0.05946398659966498,True,0.0533233561883196,stockanalysis_full_holdings
2026-09-08,VUG,SNDK,0.07872696817420434,True,0.1532236350954151,stockanalysis_full_holdings
2026-09-08,VUG,TSLA,0.0027303182579564485,True,0.0177779067590796,stockanalysis_full_holdings
2026-09-08,VUG,V,0.0012814070351758794,True,0.0588289740178743,stockanalysis_full_holdings
2026-09-08,VTV,ABBV,0.0008651751188296922,True,0.0963943163797352,stockanalysis_full_holdings
2026-09-08,VTV,BAC,0.07754923321217365,True,0.098886085536009,stockanalysis_full_holdings
2026-09-08,VTV,BRK-B,0.0015720864964100508,True,0.0354400571386391,stockanalysis_full_holdings
2026-09-08,VTV,C,0.042731210137320175,True,0.1106910980239733,stockanalysis_full_holdings
2026-09-08,VTV,CAT,0.07332886677885807,True,0.067518539863162,stockanalysis_full_holdings
2026-09-08,VTV,CSCO,0.0008071450803716034,True,0.0624596630779298,stockanalysis_full_holdings
2026-09-08,VTV,CVX,0.07280132097469362,True,0.0625742326857753,stockanalysis_full_holdings
2026-09-08,VTV,GS,0.05591985524143134,True,0.0678851984985654,stockanalysis_full_holdings
2026-09-08,VTV,HD,0.06488813391222693,True,0.0627442475963571,stockanalysis_full_holdings
2026-09-08,VTV,IBM,0.04114857272482683,True,0.0669801477047015,stockanalysis_full_holdings
2026-09-08,VTV,JNJ,0.0012080798915365828,True,0.064746754134734,stockanalysis_full_holdings
2026-09-08,VTV,JPM,0.0018411348565339186,True,0.0620567309022125,stockanalysis_full_holdings
2026-09-08,VTV,KO,0.05908513006641802,True,0.0514163764274832,stockanalysis_full_holdings
2026-09-08,VTV,LIN,0.043258755941484615,True,0.0627287353638389,stockanalysis_full_holdings
2026-09-08,VTV,MRK,0.06277795069556914,True,0.1678637464542755,stockanalysis_full_holdings
2026-09-08,VTV,MS,0.048534213983129085,True,0.0641721741956561,stockanalysis_full_holdings
2026-09-08,VTV,MU,0.0018147575663256961,True,0.2489544803032229,stockanalysis_full_holdings
2026-09-08,VTV,PG,0.06594322552055581,True,0.0606829459459387,stockanalysis_full_holdings
2026-09-08,VTV,PM,0.05803003845808913,True,0.0689053952050905,stockanalysis_full_holdings
2026-09-08,VTV,RTX,0.056447401045595785,True,0.0512794123151584,stockanalysis_full_holdings
2026-09-08,VTV,TMO,0.04167611852899128,True,0.054798945922971,stockanalysis_full_holdings
2026-09-08,VTV,UNH,0.07385641258302252,True,0.0792626909453248,stockanalysis_full_holdings
2026-09-08,VTV,WFC,0.051699488808115764,True,0.0927409678732494,stockanalysis_full_holdings
2026-09-08,VTV,WMT,0.0009548579055376484,True,0.0465619318595275,stockanalysis_full_holdings
2026-09-08,VTV,XOM,0.0012608344719530274,True,0.0577472964493254,stockanalysis_full_holdings
2026-09-08,IWF,AAPL,0.005496816051904361,True,0.0393755235652454,stockanalysis_full_holdings
2026-09-08,IWF,AMAT,0.08560615162801873,True,0.1060974338961785,stockanalysis_full_holdings
2026-09-08,IWF,AMD,0.0017271416556530097,True,0.1203284762537987,stockanalysis_full_holdings
2026-09-08,IWF,AVGO,0.003852276823260843,True,0.1653721883173112,stockanalysis_full_holdings
2026-09-08,IWF,CAT,0.08260242700949177,True,0.067518539863162,stockanalysis_full_holdings
2026-09-08,IWF,GE,0.07884777123633305,True,0.0595848505038562,stockanalysis_full_holdings
2026-09-08,IWF,GEV,0.057070767752012495,True,0.0285923969067556,stockanalysis_full_holdings
2026-09-08,IWF,GOOG,0.003581941607593415,True,0.0453633430532495,stockanalysis_full_holdings
2026-09-08,IWF,GOOGL,0.0044229845007809675,True,0.0450660835175066,stockanalysis_full_holdings
2026-09-08,IWF,HD,0.054067043133485516,True,0.0627442475963571,stockanalysis_full_holdings
2026-09-08,IWF,KLAC,0.053316111978853775,True,0.067238226379049,stockanalysis_full_holdings
2026-09-08,IWF,LLY,0.002095097921422564,True,0.085867544550286,stockanalysis_full_holdings
2026-09-08,IWF,LRCX,0.0886098762465457,True,0.0671189813792504,stockanalysis_full_holdings
2026-09-08,IWF,MA,0.10663222395770755,True,0.0616775799512497,stockanalysis_full_holdings
2026-09-08,IWF,META,0.002290340021626817,True,0.0598386869194136,stockanalysis_full_holdings
2026-09-08,IWF,MSFT,0.00418268653129881,True,0.0763729233769704,stockanalysis_full_holdings
2026-09-08,IWF,MU,0.0023504145139973567,True,0.2489544803032229,stockanalysis_full_holdings
2026-09-08,IWF,NFLX,0.07434218430854259,True,0.0510280642732696,stockanalysis_full_holdings
2026-09-08,IWF,NVDA,0.011857202931635226,True,0.1826233459899949,stockanalysis_full_holdings
2026-09-08,IWF,ORCL,0.05782169890664424,True,0.1312607088346812,stockanalysis_full_holdings
2026-09-08,IWF,PANW,0.06908566622612039,True,0.0126273468871713,stockanalysis_full_holdings
2026-09-08,IWF,PLTR,0.09236453201970443,True,0.0533233561883196,stockanalysis_full_holdings
2026-09-08,IWF,TSLA,0.0023128679562657694,True,0.0177779067590796,stockanalysis_full_holdings
2026-09-08,IWF,TXN,0.054067043133485516,True,0.073803851174886,stockanalysis_full_holdings
2026-09-08,IWF,V,0.0013967319476150427,True,0.0588289740178743,stockanalysis_full_holdings
2026-09-08,IWD,AAPL,0.0033191144876545133,True,0.0393755235652454,stockanalysis_full_holdings
2026-09-08,IWD,ABBV,0.06725410218887194,True,0.0963943163797352,stockanalysis_full_holdings
2026-09-08,IWD,AMZN,0.003867110875860137,True,0.0379798466760485,stockanalysis_full_holdings
2026-09-08,IWD,BAC,0.06476320951521002,True,0.098886085536009,stockanalysis_full_holdings
2026-09-08,IWD,BRK-B,0.0015505806893545476,True,0.0354400571386391,stockanalysis_full_holdings
2026-09-08,IWD,COST,0.0392315596101753,True,0.0373315870374623,stockanalysis_full_holdings
2026-09-08,IWD,CSCO,0.07348133387302674,True,0.0624596630779298,stockanalysis_full_holdings
2026-09-08,IWD,CVX,0.06040414733630165,True,0.0625742326857753,stockanalysis_full_holdings
2026-09-08,IWD,GS,0.049195130304823,True,0.0678851984985654,stockanalysis_full_holdings
2026-09-08,IWD,IBM,0.03674066693651337,True,0.0669801477047015,stockanalysis_full_holdings
2026-09-08,IWD,INTC,0.0784631192203506,True,0.0564627346140569,stockanalysis_full_holdings
2026-09-08,IWD,JNJ,0.0010337204595696984,True,0.064746754134734,stockanalysis_full_holdings
2026-09-08,IWD,JPM,0.0015941713111436314,True,0.0620567309022125,stockanalysis_full_holdings
2026-09-08,IWD,KO,0.049195130304823,True,0.0514163764274832,stockanalysis_full_holdings
2026-09-08,IWD,META,0.0392315596101753,True,0.0598386869194136,stockanalysis_full_holdings
2026-09-08,IWD,MRK,0.054799638820562324,True,0.1678637464542755,stockanalysis_full_holdings
2026-09-08,IWD,MS,0.03985428277859078,True,0.0641721741956561,stockanalysis_full_holdings
2026-09-08,IWD,MSFT,0.0030264345984992377,True,0.0763729233769704,stockanalysis_full_holdings
2026-09-08,IWD,PG,0.055422361988977806,True,0.0606829459459387,stockanalysis_full_holdings
2026-09-08,IWD,PM,0.048572407136407515,True,0.0689053952050905,stockanalysis_full_holdings
2026-09-08,IWD,RTX,0.048572407136407515,True,0.0512794123151584,stockanalysis_full_holdings
2026-09-08,IWD,UNH,0.05915870099947069,True,0.0792626909453248,stockanalysis_full_holdings
2026-09-08,IWD,WFC,0.044213344957499144,True,0.0927409678732494,stockanalysis_full_holdings
2026-09-08,IWD,WMT,0.07597222654668867,True,0.0465619318595275,stockanalysis_full_holdings
2026-09-08,IWD,XOM,0.0010835383130429368,True,0.0577472964493254,stockanalysis_full_holdings
2026-09-08,XLK,AAPL,0.009269059787703754,True,0.0393755235652454,stockanalysis_full_holdings
2026-09-08,XLK,ADI,0.09374905494904286,True,0.090529244074401,stockanalysis_full_holdings
2026-09-08,XLK,AMAT,0.0021017933286962835,True,0.1060974338961785,stockanalysis_full_holdings
2026-09-08,XLK,AMD,0.0030241630628723504,True,0.1203284762537987,stockanalysis_full_holdings
2026-09-08,XLK,ANET,0.09601717724619713,True,0.0568014399484276,stockanalysis_full_holdings
2026-09-08,XLK,APH,0.10206550337194183,True,0.0754314771168888,stockanalysis_full_holdings
2026-09-08,XLK,AVGO,0.004082620134877674,True,0.1653721883173112,stockanalysis_full_holdings
2026-09-08,XLK,CRM,0.07787219886896302,True,0.0494145589206261,stockanalysis_full_holdings
2026-09-08,XLK,CRWD,0.10735778873196843,True,0.0251643425162017,stockanalysis_full_holdings
2026-09-08,XLK,CSCO,0.0023588471890404333,True,0.0624596630779298,stockanalysis_full_holdings
2026-09-08,XLK,IBM,0.1096259110291227,True,0.0669801477047015,stockanalysis_full_holdings
2026-09-08,XLK,INTC,0.0023588471890404333,True,0.0564627346140569,stockanalysis_full_holdings
2026-09-08,XLK,KLAC,0.001270148486406387,True,0.067238226379049,stockanalysis_full_holdings
2026-09-08,XLK,LRCX,0.0019127831372667615,True,0.0671189813792504,stockanalysis_full_holdings
2026-09-08,XLK,MRVL,0.09450509571476094,True,0.1097592300597853,stockanalysis_full_holdings
2026-09-08,XLK,MSFT,0.007484803580609068,True,0.0763729233769704,stockanalysis_full_holdings
2026-09-08,XLK,MU,0.002744427979556658,True,0.2489544803032229,stockanalysis_full_holdings
2026-09-08,XLK,NVDA,0.010932349472283547,True,0.1826233459899949,stockanalysis_full_holdings
2026-09-08,XLK,ORCL,0.001224786040463302,True,0.1312607088346812,stockanalysis_full_holdings
2026-09-08,XLK,PANW,0.001451598270178728,True,0.0126273468871713,stockanalysis_full_holdings
2026-09-08,XLK,PLTR,0.0019430247678954848,True,0.0533233561883196,stockanalysis_full_holdings
2026-09-08,XLK,QCOM,0.08694468805758006,True,0.049449279965131,stockanalysis_full_holdings
2026-09-08,XLK,SNDK,0.08845676958901624,True,0.1532236350954151,stockanalysis_full_holdings
2026-09-08,XLK,STX,0.08996885112045241,True,0.1511697666990511,stockanalysis_full_holdings
2026-09-08,XLK,TXN,0.001277708894063568,True,0.073803851174886,stockanalysis_full_holdings
2026-09-08,XLF,AXP,0.0017654215938098913,True,0.0802751954005102,stockanalysis_full_holdings
2026-09-08,XLF,BAC,0.004071602955093082,True,0.098886085536009,stockanalysis_full_holdings
2026-09-08,XLF,BLK,0.0016381840014632323,True,0.0827608437068664,stockanalysis_full_holdings
2026-09-08,XLF,BNY,0.10815195349466,True,0.0748886558602327,stockanalysis_full_holdings
2026-09-08,XLF,BRK-B,0.008938440862352782,True,0.0354400571386391,stockanalysis_full_holdings
2026-09-08,XLF,BX,0.1033805437816603,True,0.1154401036619469,stockanalysis_full_holdings
2026-09-08,XLF,C,0.002298229011761525,True,0.1106910980239733,stockanalysis_full_holdings
2026-09-08,XLF,CB,0.0012008047777715928,True,0.0747161499283449,stockanalysis_full_holdings
2026-09-08,XLF,CME,0.0946329593078275,True,0.0518307467162199,stockanalysis_full_holdings
2026-09-08,XLF,COF,0.0013678041177265824,True,0.1248613390575156,stockanalysis_full_holdings
2026-09-08,XLF,GS,0.0029662263715814837,True,0.0678851984985654,stockanalysis_full_holdings
2026-09-08,XLF,ICE,0.08429490492966148,True,0.0632589894362095,stockanalysis_full_holdings
2026-09-08,XLF,JPM,0.009407629484131087,True,0.0620567309022125,stockanalysis_full_holdings
2026-09-08,XLF,KKR,0.0763425554079953,True,0.0915293681327863,stockanalysis_full_holdings
2026-09-08,XLF,MA,0.004445363382611392,True,0.0616775799512497,stockanalysis_full_holdings
2026-09-08,XLF,MRSH,0.08747584473832795,True,0.0747881140458054,stockanalysis_full_holdings
2026-09-08,XLF,MS,0.002520894798368178,True,0.0641721741956561,stockanalysis_full_holdings
2026-09-08,XLF,PGR,0.11849000787282603,True,0.0567201635462611,stockanalysis_full_holdings
2026-09-08,XLF,PNC,0.10019960397299382,True,0.109762602721939,stockanalysis_full_holdings
2026-09-08,XLF,SCHW,0.0017574692442882249,True,0.1029263296329353,stockanalysis_full_holdings
2026-09-08,XLF,SPGI,0.0012246618263365913,True,0.065012090030616,stockanalysis_full_holdings
2026-09-08,XLF,TRV,0.0763425554079953,True,0.064577712255878,stockanalysis_full_holdings
2026-09-08,XLF,USB,0.09860913406866059,True,0.1032481731097351,stockanalysis_full_holdings
2026-09-08,XLF,V,0.005844976898424639,True,0.0588289740178743,stockanalysis_full_holdings
2026-09-08,XLF,WFC,0.0026322276916715044,True,0.0927409678732494,stockanalysis_full_holdings
2026-09-08,XLV,ABBV,0.00839618127549044,True,0.0963943163797352,stockanalysis_full_holdings
2026-09-08,XLV,ABT,0.0035658137574335253,True,0.0730346496356476,stockanalysis_full_holdings
2026-09-08,XLV,AMGN,0.004294925835630795,True,0.0671020324135511,stockanalysis_full_holdings
2026-09-08,XLV,BMY,0.0025291075212467815,True,0.0795321530653315,stockanalysis_full_holdings
2026-09-08,XLV,BSX,0.13329080179543848,True,0.0619813326601167,stockanalysis_full_holdings
2026-09-08,XLV,CAH,0.1013921483743079,True,0.0721854570546728,stockanalysis_full_holdings
2026-09-08,XLV,CI,0.13556927703980495,True,0.1117661597786278,stockanalysis_full_holdings
2026-09-08,XLV,COR,0.11620223746268996,True,0.0706618313557171,stockanalysis_full_holdings
2026-09-08,XLV,CVS,0.002221513363257308,True,0.0871909249085173,stockanalysis_full_holdings
2026-09-08,XLV,DHR,0.002494930392581284,True,0.0554709858588181,stockanalysis_full_holdings
2026-09-08,XLV,ELV,0.15835402948346963,True,0.0796569118187794,stockanalysis_full_holdings
2026-09-08,XLV,GILD,0.003360750985440543,True,0.0656687130466112,stockanalysis_full_holdings
2026-09-08,XLV,HCA,0.11961995032923967,True,0.0791947621240424,stockanalysis_full_holdings
2026-09-08,XLV,ISRG,0.00247214564013762,True,0.0474127007600343,stockanalysis_full_holdings
2026-09-08,XLV,JNJ,0.011859463646927474,True,0.064746754134734,stockanalysis_full_holdings
2026-09-08,XLV,LLY,0.016951855818086538,True,0.085867544550286,stockanalysis_full_holdings
2026-09-08,XLV,MCK,0.001970881086376996,True,0.0711046075265199,stockanalysis_full_holdings
2026-09-08,XLV,MDT,0.0021531591059263137,True,0.0776032110981605,stockanalysis_full_holdings
2026-09-08,XLV,MRK,0.0067556790995465825,True,0.1678637464542755,stockanalysis_full_holdings
2026-09-08,XLV,PFE,0.00300758732256374,True,0.0882543947203014,stockanalysis_full_holdings
2026-09-08,XLV,REGN,0.14810089088382053,True,0.0484103845471159,stockanalysis_full_holdings
2026-09-08,XLV,SYK,0.0020734124723734877,True,0.0746013896562398,stockanalysis_full_holdings
2026-09-08,XLV,TMO,0.004249356330743466,True,0.054798945922971,stockanalysis_full_holdings
2026-09-08,XLV,UNH,0.006550616327553601,True,0.0792626909453248,stockanalysis_full_holdings
2026-09-08,XLV,VRTX,0.0025632846499122784,True,0.0839926444026265,stockanalysis_full_holdings
2026-09-08,XLY,ABNB,0.0016678224383564048,True,0.0560948855093409,stockanalysis_full_holdings
2026-09-08,XLY,AMZN,0.02133057118529507,True,0.0379798466760485,stockanalysis_full_holdings
2026-09-08,XLY,AZO,0.10796955785149356,False,,stockanalysis_full_holdings
2026-09-08,XLY,BKNG,0.003563873210382633,True,0.0941025592811556,stockanalysis_full_holdings
2026-09-08,XLY,CMG,0.09304693603462048,True,0.0613729489042059,stockanalysis_full_holdings
2026-09-08,XLY,CVNA,0.11762537196829381,True,0.0885499116934579,stockanalysis_full_holdings
2026-09-08,XLY,DASH,0.0017819366051913166,True,0.1059013567880343,stockanalysis_full_holdings
2026-09-08,XLY,DHI,0.08514672448451119,True,0.0924593197106057,stockanalysis_full_holdings
2026-09-08,XLY,EBAY,0.0991915450180388,True,0.0732589962477782,stockanalysis_full_holdings
2026-09-08,XLY,F,0.12201437838502117,True,0.1015953481924293,stockanalysis_full_holdings
2026-09-08,XLY,GM,0.0016941564768567687,True,0.1316960935080965,stockanalysis_full_holdings
2026-09-08,XLY,GRMN,0.11060296170153,True,0.0522533019015593,stockanalysis_full_holdings
2026-09-08,XLY,HD,0.004871797122567393,True,0.0627442475963571,stockanalysis_full_holdings
2026-09-08,XLY,HLT,0.0016151543613556762,True,0.0538125067264402,stockanalysis_full_holdings
2026-09-08,XLY,LOW,0.002650959875703338,True,0.0689444803414735,stockanalysis_full_holdings
2026-09-08,XLY,MAR,0.0016941564768567687,True,0.0566068059960168,stockanalysis_full_holdings
2026-09-08,XLY,MCD,0.0036516533387171805,True,0.0686701979718856,stockanalysis_full_holdings
2026-09-08,XLY,NKE,0.10621395528480261,True,0.1345798222445281,stockanalysis_full_holdings
2026-09-08,XLY,ORLY,0.001632710387022586,True,0.054090722999735,stockanalysis_full_holdings
2026-09-08,XLY,RCL,0.001650266412689495,True,0.0968105872101864,stockanalysis_full_holdings
2026-09-08,XLY,ROST,0.0017117125025236785,True,0.0386034601290792,stockanalysis_full_holdings
2026-09-08,XLY,SBUX,0.0026597378885367924,True,0.0681472385265743,stockanalysis_full_holdings
2026-09-08,XLY,TJX,0.0034322030178808123,True,0.0566401101465705,stockanalysis_full_holdings
2026-09-08,XLY,TSLA,0.013921928353859251,True,0.0177779067590796,stockanalysis_full_holdings
2026-09-08,XLY,YUM,0.0886579296178931,True,0.071062017473689,stockanalysis_full_holdings
2026-09-08,XLP,ADM,0.004829418724180066,True,0.0678320431346503,stockanalysis_full_holdings
2026-09-08,XLP,CASY,0.003432960297911131,True,0.043582553679234,stockanalysis_full_holdings
2026-09-08,XLP,CHD,0.002948078899901084,True,0.0498141539254303,stockanalysis_full_holdings
2026-09-08,XLP,CL,0.00880544618786245,True,0.0550881079863591,stockanalysis_full_holdings
2026-09-08,XLP,COST,0.017281173025078065,True,0.0373315870374623,stockanalysis_full_holdings
2026-09-08,XLP,DG,0.0033359840183091218,True,0.0662472610164753,stockanalysis_full_holdings
2026-09-08,XLP,DLTR,0.28511026202990747,True,0.0456828614097918,stockanalysis_full_holdings
2026-09-08,XLP,EL,0.0031420314591051033,True,0.0670814047414959,stockanalysis_full_holdings
2026-09-08,XLP,GIS,0.27347310847766637,True,0.09301157627379,stockanalysis_full_holdings
2026-09-08,XLP,HSY,0.003258402994627514,True,0.0926342417734028,stockanalysis_full_holdings
2026-09-08,XLP,KDP,0.0053918811458717195,True,0.0913707452262654,stockanalysis_full_holdings
2026-09-08,XLP,KHC,0.269594057293586,True,0.0821381318542801,stockanalysis_full_holdings
2026-09-08,XLP,KMB,0.00446090886169243,True,0.0654351207587294,stockanalysis_full_holdings
2026-09-08,XLP,KO,0.014313698869256581,True,0.0514163764274832,stockanalysis_full_holdings
2026-09-08,XLP,KR,0.004034213231443589,True,0.0889450425010537,stockanalysis_full_holdings
2026-09-08,XLP,KVUE,0.004519094629453636,True,0.075945766420075,stockanalysis_full_holdings
2026-09-08,XLP,MDLZ,0.008475726837215617,True,0.076045081121827,stockanalysis_full_holdings
2026-09-08,XLP,MNST,0.008223588510250393,True,0.0459075789257173,stockanalysis_full_holdings
2026-09-08,XLP,MO,0.008184797998409588,True,0.089709051595379,stockanalysis_full_holdings
2026-09-08,XLP,PEP,0.008533912604976823,True,0.0725410740786222,stockanalysis_full_holdings
2026-09-08,XLP,PG,0.013790026959405729,True,0.0606829459459387,stockanalysis_full_holdings
2026-09-08,XLP,PM,0.012315987509455187,True,0.0689053952050905,stockanalysis_full_holdings
2026-09-08,XLP,SYY,0.004810023468259664,True,0.0706667321374895,stockanalysis_full_holdings
2026-09-08,XLP,TGT,0.009115770282588878,True,0.0529544338577182,stockanalysis_full_holdings
2026-09-08,XLP,WMT,0.018619445683585794,True,0.0465619318595275,stockanalysis_full_holdings
2026-09-08,XLE,-,0.02210726444709732,False,,stockanalysis_full_holdings
2026-09-08,XLE,APA,0.19012247424503692,True,0.0856988528237862,stockanalysis_full_holdings
2026-09-08,XLE,BKR,0.008444975018791176,True,0.0835975417093922,stockanalysis_full_holdings
2026-09-08,XLE,COP,0.013573860370517752,True,0.0599768553517699,stockanalysis_full_holdings
2026-09-08,XLE,CVX,0.03313878940619888,True,0.0625742326857753,stockanalysis_full_holdings
2026-09-08,XLE,DVN,0.006853251978600168,True,0.0772452668454095,stockanalysis_full_holdings
2026-09-08,XLE,EOG,0.009351372861122167,True,0.0786890965788428,stockanalysis_full_holdings
2026-09-08,XLE,EQT,0.00453198921165495,True,0.0747288721033213,stockanalysis_full_holdings
2026-09-08,XLE,EXE,0.3028695229252333,True,0.0657209717193066,stockanalysis_full_holdings
2026-09-08,XLE,FANG,0.0051952071450678695,True,0.0717302019678384,stockanalysis_full_holdings
2026-09-08,XLE,HAL,0.0036698058982181547,True,0.1186064533574192,stockanalysis_full_holdings
2026-09-08,XLE,IXPU6,0.002210726444709732,False,,stockanalysis_full_holdings
2026-09-08,XLE,KMI,0.008422867754344079,True,0.0464338063435226,stockanalysis_full_holdings
2026-09-08,XLE,MPC,0.012004244594773842,True,0.0787775019457844,stockanalysis_full_holdings
2026-09-08,XLE,OKE,0.00782597161427245,True,0.074057609092105,stockanalysis_full_holdings
2026-09-08,XLE,OXY,0.0056152451695627185,True,0.0676213105881916,stockanalysis_full_holdings
2026-09-08,XLE,PSX,0.011672635628067383,True,0.0691554279676024,stockanalysis_full_holdings
2026-09-08,XLE,SLB,0.009793518150064111,True,0.1136775130199886,stockanalysis_full_holdings
2026-09-08,XLE,TPL,0.26970862625458725,True,0.0388642426342269,stockanalysis_full_holdings
2026-09-08,XLE,TRGP,0.007693328027589866,True,0.0463214109837541,stockanalysis_full_holdings
2026-09-08,XLE,VLO,0.011252597603572535,True,0.0738737925404428,stockanalysis_full_holdings
2026-09-08,XLE,WMB,0.008533404076579564,True,0.0464355949904718,stockanalysis_full_holdings
2026-09-08,XLE,XOM,0.04540832117433789,True,0.0577472964493254,stockanalysis_full_holdings
2026-09-08,XLI,ADP,0.0030671362035669656,True,0.0662477647548822,stockanalysis_full_holdings
2026-09-08,XLI,BA,0.005046980737086382,True,0.0244964273953791,stockanalysis_full_holdings
2026-09-08,XLI,CAT,0.010937829636000714,True,0.067518539863162,stockanalysis_full_holdings
2026-09-08,XLI,CMI,0.24180068483146977,True,0.0895576990426577,stockanalysis_full_holdings
2026-09-08,XLI,CSX,0.0025802891871277646,True,0.0655471729359072,stockanalysis_full_holdings
2026-09-08,XLI,DE,0.004268025510783661,True,0.0708844735010232,stockanalysis_full_holdings
2026-09-08,XLI,EMR,0.0025478327193651515,True,0.0624084301415058,stockanalysis_full_holdings
2026-09-08,XLI,ETN,0.004884698398273315,True,0.0664035911122867,stockanalysis_full_holdings
2026-09-08,XLI,GD,0.0027750279937034453,True,0.0651437525974959,stockanalysis_full_holdings
2026-09-08,XLI,GE,0.010450982619561512,True,0.0595848505038562,stockanalysis_full_holdings
2026-09-08,XLI,GEV,0.007838236964671135,True,0.0285923969067556,stockanalysis_full_holdings
2026-09-08,XLI,HWM,0.003148277372973499,True,0.0528756212529225,stockanalysis_full_holdings
2026-09-08,XLI,JCI,0.0025640609532464583,True,0.0718133826104118,stockanalysis_full_holdings
2026-09-08,XLI,LMT,0.0033754726473117927,True,0.0703192841140264,stockanalysis_full_holdings
2026-09-08,XLI,MMM,0.002645202122652991,True,0.0702565261723345,stockanalysis_full_holdings
2026-09-08,XLI,NOC,0.21258986384511772,True,0.0599346998864779,stockanalysis_full_holdings
2026-09-08,XLI,PH,0.0037162655588192334,True,0.0549374744720713,stockanalysis_full_holdings
2026-09-08,XLI,PWR,0.0028074844614660584,True,0.0518378694573454,stockanalysis_full_holdings
2026-09-08,XLI,RTX,0.008227714577822495,True,0.0512794123151584,stockanalysis_full_holdings
2026-09-08,XLI,TT,0.002937310332516512,True,0.06069594959912,stockanalysis_full_holdings
2026-09-08,XLI,UBER,0.004284253744664968,True,0.1258906076008092,stockanalysis_full_holdings
2026-09-08,XLI,UNP,0.004917154866035929,True,0.0612613975205543,stockanalysis_full_holdings
2026-09-08,XLI,UPS,0.21908115739764042,True,0.117584809034419,stockanalysis_full_holdings
2026-09-08,XLI,VRT,0.0030671362035669656,True,0.078170048763129,stockanalysis_full_holdings
2026-09-08,XLI,WM,0.23044092111455508,True,0.061792772172692,stockanalysis_full_holdings
2026-09-08,XLB,ALB,0.010021301316808676,True,0.0624223715887363,stockanalysis_full_holdings
2026-09-08,XLB,AMCR,0.013458559256390395,True,0.1109469861102682,stockanalysis_full_holdings
2026-09-08,XLB,APD,0.023044151820294345,True,0.0601068605576908,stockanalysis_full_holdings
2026-09-08,XLB,AVY,0.008520526723470178,True,0.0790939467837615,stockanalysis_full_holdings
2026-09-08,XLB,BALL,0.010795894655305964,True,0.0864882350189709,stockanalysis_full_holdings
2026-09-08,XLB,CF,0.013603795507358638,True,0.0745237444751506,stockanalysis_full_holdings
2026-09-08,XLB,CRH,0.019316421378776146,True,0.0901109981229343,stockanalysis_full_holdings
2026-09-08,XLB,CTVA,0.02493222308288149,True,0.0367738347518448,stockanalysis_full_holdings
2026-09-08,XLB,DOW,0.014087916343919444,True,0.0706831696972275,stockanalysis_full_holdings
2026-09-08,XLB,ECL,0.022753679318357863,True,0.0562307935662161,stockanalysis_full_holdings
2026-09-08,XLB,FCX,0.029386134779240902,True,0.1152427830409078,stockanalysis_full_holdings
2026-09-08,XLB,IFF,0.014184740511231605,True,0.0861675746164741,stockanalysis_full_holdings
2026-09-08,XLB,IP,0.012393493415956624,True,0.2462534636751486,stockanalysis_full_holdings
2026-09-08,XLB,LIN,0.06279047250193649,True,0.0627287353638389,stockanalysis_full_holdings
2026-09-08,XLB,LYB,0.010747482571649885,True,0.0965528412842707,stockanalysis_full_holdings
2026-09-08,XLB,MLM,0.019316421378776146,True,0.0674018162678776,stockanalysis_full_holdings
2026-09-08,XLB,MOS,0.5228505034856701,True,0.1515293330672721,stockanalysis_full_holdings
2026-09-08,XLB,NEM,0.039213787761425256,True,0.0827147478698656,stockanalysis_full_holdings
2026-09-08,XLB,NUE,0.021979085979860577,True,0.0563043369226584,stockanalysis_full_holdings
2026-09-08,XLB,PKG,0.013361735089078234,True,0.1029409115903515,stockanalysis_full_holdings
2026-09-08,XLB,PPG,0.015879163439194422,True,0.0896395387487501,stockanalysis_full_holdings
2026-09-08,XLB,SHW,0.022898915569326106,True,0.0591836305136971,stockanalysis_full_holdings
2026-09-08,XLB,STLD,0.019219597211463983,True,0.0879865615531693,stockanalysis_full_holdings
2026-09-08,XLB,SW,0.015249806351665377,True,0.2626728314513881,stockanalysis_full_holdings
2026-09-08,XLB,VMC,0.01999419054996127,True,0.0677091805050519,stockanalysis_full_holdings
2026-09-08,XLU,AEE,0.023861171366594363,True,0.068215512762239,stockanalysis_full_holdings
2026-09-08,XLU,AEP,0.05488069414316703,True,0.0675840598019192,stockanalysis_full_holdings
2026-09-08,XLU,ATO,0.0227765726681128,True,0.0619332588328574,stockanalysis_full_holdings
2026-09-08,XLU,AWK,0.022234273318872014,True,0.0603600871515669,stockanalysis_full_holdings
2026-09-08,XLU,CEG,0.07364425162689804,True,0.0558165564875621,stockanalysis_full_holdings
2026-09-08,XLU,CNP,0.021149674620390455,True,0.0669179781390799,stockanalysis_full_holdings
2026-09-08,XLU,D,0.047505422993492405,True,0.0711437776692008,stockanalysis_full_holdings
2026-09-08,XLU,DTE,0.023101952277657264,True,0.0766008975566953,stockanalysis_full_holdings
2026-09-08,XLU,DUK,0.07657266811279825,True,0.0716258700468487,stockanalysis_full_holdings
2026-09-08,XLU,ED,0.0324295010845987,True,0.0691437898146116,stockanalysis_full_holdings
2026-09-08,XLU,EIX,0.017570498915401304,True,0.1112868699160641,stockanalysis_full_holdings
2026-09-08,XLU,ES,0.021691973969631236,True,0.0784464715993323,stockanalysis_full_holdings
2026-09-08,XLU,ETR,0.039913232104121475,True,0.0774239460194257,stockanalysis_full_holdings
2026-09-08,XLU,EXC,0.036876355748373106,True,0.0781693765794512,stockanalysis_full_holdings
2026-09-08,XLU,FE,0.01984815618221258,True,0.0795458825180895,stockanalysis_full_holdings
2026-09-08,XLU,NEE,0.14175704989154014,True,0.0678363901283697,stockanalysis_full_holdings
2026-09-08,XLU,NRG,0.01908893709327549,True,0.1354076211468505,stockanalysis_full_holdings
2026-09-08,XLU,PCG,0.024837310195227766,True,0.1065344932145759,stockanalysis_full_holdings
2026-09-08,XLU,PEG,0.029718004338394794,True,0.0746608882590754,stockanalysis_full_holdings
2026-09-08,XLU,PPL,0.021366594360086765,True,0.0759813764817268,stockanalysis_full_holdings
2026-09-08,XLU,SO,0.0809110629067245,True,0.0692454488484317,stockanalysis_full_holdings
2026-09-08,XLU,SRE,0.04468546637744034,True,0.077734719333514,stockanalysis_full_holdings
2026-09-08,XLU,VST,0.036984815618221256,True,0.0691623495886283,stockanalysis_full_holdings
2026-09-08,XLU,WEC,0.02809110629067245,True,0.0704384557743946,stockanalysis_full_holdings
2026-09-08,XLU,XEL,0.03850325379609544,True,0.0786532968229705,stockanalysis_full_holdings
2026-09-08,XLRE,AMT,0.010516122784932698,True,0.0408683928609633,stockanalysis_full_holdings
2026-09-08,XLRE,AVB,0.004996610825990122,False,,stockanalysis_full_holdings
2026-09-08,XLRE,CBRE,0.008695652173913042,True,0.0816263807430445,stockanalysis_full_holdings
2026-09-08,XLRE,CCI,0.006468480681708143,True,0.091265474616286,stockanalysis_full_holdings
2026-09-08,XLRE,CSGP,0.2633872373390142,True,0.095457923776684,stockanalysis_full_holdings
2026-09-08,XLRE,DLR,0.009896388108840902,True,0.0204817293269335,stockanalysis_full_holdings
2026-09-08,XLRE,DOC,0.280817275104096,True,0.0441680244754688,stockanalysis_full_holdings
2026-09-08,XLRE,EQIX,0.013730996417158902,True,0.0257360156214714,stockanalysis_full_holdings
2026-09-08,XLRE,EQR,0.004396242858526193,False,,stockanalysis_full_holdings
2026-09-08,XLRE,ESS,0.0036022078047835767,True,0.0432669134028779,stockanalysis_full_holdings
2026-09-08,XLRE,EXR,0.006177980052290112,True,0.0444182889979808,stockanalysis_full_holdings
2026-09-08,XLRE,HST,0.28275394596688286,True,0.0547994263715744,stockanalysis_full_holdings
2026-09-08,XLRE,INVH,0.0032342403408540713,True,0.0305889237055876,stockanalysis_full_holdings
2026-09-08,XLRE,IRM,0.007359349278590102,True,0.0395927035501654,stockanalysis_full_holdings
2026-09-08,XLRE,KIM,0.003214873632226203,True,0.0484378519022109,stockanalysis_full_holdings
2026-09-08,XLRE,MAA,0.0030599399632032535,True,0.0314829414893562,stockanalysis_full_holdings
2026-09-08,XLRE,O,0.00871501888254091,True,0.0291955974060114,stockanalysis_full_holdings
2026-09-08,XLRE,PLD,0.017352570930570348,True,0.0295694345837726,stockanalysis_full_holdings
2026-09-08,XLRE,PSA,0.009276653432749103,True,0.0384204100734076,stockanalysis_full_holdings
2026-09-08,XLRE,SBAC,0.0038539750169458696,True,0.0537574459458122,stockanalysis_full_holdings
2026-09-08,XLRE,SPG,0.00931538685000484,True,0.0470446823245648,stockanalysis_full_holdings
2026-09-08,XLRE,VICI,0.005635712210709789,True,0.1325217357442024,stockanalysis_full_holdings
2026-09-08,XLRE,VTR,0.00857945192214583,True,0.0719412336946446,stockanalysis_full_holdings
2026-09-08,XLRE,WELL,0.02145831315967851,True,0.0257882456600268,stockanalysis_full_holdings
2026-09-08,XLRE,WY,0.003505374261644233,True,0.1452671723729378,stockanalysis_full_holdings
2026-09-08,XLC,APP,0.2569502134811924,True,0.104519888199814,stockanalysis_full_holdings
2026-09-08,XLC,CHTR,0.006104982515793745,True,0.1646298688250335,stockanalysis_full_holdings
2026-09-08,XLC,CMCSA,0.009427947682618187,True,0.1070568318502261,stockanalysis_full_holdings
2026-09-08,XLC,DIS,0.009254071598307606,True,0.0748277539447991,stockanalysis_full_holdings
2026-09-08,XLC,ECHO,0.00409574776376036,True,0.1576588028388746,stockanalysis_full_holdings
2026-09-08,XLC,FOX,0.0029558934332798827,True,0.0757256393330082,stockanalysis_full_holdings
2026-09-08,XLC,FOXA,0.004733293406232492,True,0.0619830429216158,stockanalysis_full_holdings
2026-09-08,XLC,GOOG,0.015977280191650085,True,0.0453633430532495,stockanalysis_full_holdings
2026-09-08,XLC,GOOGL,0.02005370839048705,True,0.0450660835175066,stockanalysis_full_holdings
2026-09-08,XLC,LYV,0.008384691176754699,True,0.1025123124448977,stockanalysis_full_holdings
2026-09-08,XLC,META,0.03228299298699793,True,0.0598386869194136,stockanalysis_full_holdings
2026-09-08,XLC,NAN,0.03284326036977647,False,,stockanalysis_full_holdings
2026-09-08,XLC,NFLX,0.009350669422924595,True,0.0510280642732696,stockanalysis_full_holdings
2026-09-08,XLC,NWS,0.14489673692548444,False,,stockanalysis_full_holdings
2026-09-08,XLC,NWSA,0.003921871679449779,True,0.0699454348390854,stockanalysis_full_holdings
2026-09-08,XLC,OMC,0.008732443345375861,True,0.1456962702977408,stockanalysis_full_holdings
2026-09-08,XLC,PSKY,0.11978130252506713,True,0.1801575955012492,stockanalysis_full_holdings
2026-09-08,XLC,RDDT,0.05989065126253357,True,0.0910751187347737,stockanalysis_full_holdings
2026-09-08,XLC,T,0.010046173760166923,True,0.1099942518269886,stockanalysis_full_holdings
2026-09-08,XLC,TKO,0.004037789068990166,True,0.0340567520363662,stockanalysis_full_holdings
2026-09-08,XLC,TMUS,0.008790402040146056,True,0.1273100793122706,stockanalysis_full_holdings
2026-09-08,XLC,TTD,0.20092347520333842,True,0.0558512560712439,stockanalysis_full_holdings
2026-09-08,XLC,TTWO,0.008036939008133537,True,0.0911999017502848,stockanalysis_full_holdings
2026-09-08,XLC,VZ,0.009582504202005371,True,0.1038989302200637,stockanalysis_full_holdings
2026-09-08,XLC,WBD,0.00894495855953324,True,0.01,stockanalysis_full_holdings
2026-09-08,SMH,ADI,0.004856864123194411,True,0.090529244074401,stockanalysis_full_holdings
2026-09-08,SMH,ALAB,0.09021389084119208,True,0.0900754817556014,stockanalysis_full_holdings
2026-09-08,SMH,AMAT,0.004741474262816142,True,0.1060974338961785,stockanalysis_full_holdings
2026-09-08,SMH,AMD,0.0056960631077636395,True,0.1203284762537987,stockanalysis_full_holdings
2026-09-08,SMH,ARM,0.10070387814830745,True,0.0414089274295698,stockanalysis_full_holdings
2026-09-08,SMH,ASML,0.0053708735012430635,True,0.0780401999384271,stockanalysis_full_holdings
2026-09-08,SMH,AVGO,0.0070597614576886365,True,0.1653721883173112,stockanalysis_full_holdings
2026-09-08,SMH,CDNS,0.0026015168521646087,True,0.1280965713066834,stockanalysis_full_holdings
2026-09-08,SMH,INTC,0.004133054999003451,True,0.0564627346140569,stockanalysis_full_holdings
2026-09-08,SMH,KLAC,0.004300894795917297,True,0.067238226379049,stockanalysis_full_holdings
2026-09-08,SMH,LRCX,0.004237954872074605,True,0.0671189813792504,stockanalysis_full_holdings
2026-09-08,SMH,MCHP,0.0965078832254613,True,0.1126575177755757,stockanalysis_full_holdings
2026-09-08,SMH,MPWR,0.15000681849174963,True,0.0658532491675983,stockanalysis_full_holdings
2026-09-08,SMH,MRVL,0.003493165773269415,True,0.1097592300597853,stockanalysis_full_holdings
2026-09-08,SMH,MU,0.00497225398357268,True,0.2489544803032229,stockanalysis_full_holdings
2026-09-08,SMH,NVDA,0.022763272456440328,True,0.1826233459899949,stockanalysis_full_holdings
2026-09-08,SMH,NXPI,0.1342718375310766,True,0.1121103439673126,stockanalysis_full_holdings
2026-09-08,SMH,ON,0.06608692003482676,True,0.1273775417060515,stockanalysis_full_holdings
2026-09-08,SMH,QCOM,0.004311384783224413,True,0.049449279965131,stockanalysis_full_holdings
2026-09-08,SMH,SNPS,0.0020560375121946102,True,0.0635590626417081,stockanalysis_full_holdings
2026-09-08,SMH,STM,0.11119386545542281,True,0.1687260041354236,stockanalysis_full_holdings
2026-09-08,SMH,SWKS,0.01993097588351918,True,0.0581193486933059,stockanalysis_full_holdings
2026-09-08,SMH,TER,0.13532083626178812,True,0.0681715111679158,stockanalysis_full_holdings
2026-09-08,SMH,TSM,0.009975977929066706,True,0.0983481547477717,stockanalysis_full_holdings
2026-09-08,SMH,TXN,0.005192543717022103,True,0.073803851174886,stockanalysis_full_holdings
2026-09-08,XBI,AMGN,0.041712031446629806,True,0.0671020324135511,stockanalysis_full_holdings
2026-09-08,XBI,APGE,0.000547912277476917,False,,stockanalysis_full_holdings
2026-09-08,XBI,ARWR,0.04065155607086803,False,,stockanalysis_full_holdings
2026-09-08,XBI,BBIO,0.04065155607086803,True,0.01,stockanalysis_full_holdings
2026-09-08,XBI,BMRN,0.04100504786278862,True,0.1372131492857676,stockanalysis_full_holdings
2026-09-08,XBI,CGON,0.04595393294967691,False,,stockanalysis_full_holdings
2026-09-08,XBI,DNTH,0.048428375493121054,False,,stockanalysis_full_holdings
2026-09-08,XBI,ERAS,0.044893457573915135,False,,stockanalysis_full_holdings
2026-09-08,XBI,HALO,0.04807488370120046,True,0.1147846854187412,stockanalysis_full_holdings
2026-09-08,XBI,INSM,0.0463074247415975,True,0.01,stockanalysis_full_holdings
2026-09-08,XBI,KYMR,0.049135359076962225,False,,stockanalysis_full_holdings
2026-09-08,XBI,MRNA,0.046660916533518094,False,,stockanalysis_full_holdings
2026-09-08,XBI,NTRA,0.048428375493121054,False,,stockanalysis_full_holdings
2026-09-08,XBI,ORKA,0.0005691217849921525,False,,stockanalysis_full_holdings
2026-09-08,XBI,PCVX,0.043479490406232765,False,,stockanalysis_full_holdings
2026-09-08,XBI,PRAX,0.05160980162040637,False,,stockanalysis_full_holdings
2026-09-08,XBI,PTGX,0.04807488370120046,True,0.0290362269417029,stockanalysis_full_holdings
2026-09-08,XBI,REGN,0.045246949365835724,True,0.0484103845471159,stockanalysis_full_holdings
2026-09-08,XBI,RLAY,0.04241901503047099,False,,stockanalysis_full_holdings
2026-09-08,XBI,ROIV,0.043125998614312176,False,,stockanalysis_full_holdings
2026-09-08,XBI,RVMD,0.047014408325438684,False,,stockanalysis_full_holdings
2026-09-08,XBI,RYTM,0.04560044115775631,False,,stockanalysis_full_holdings
2026-09-08,XBI,SYRE,0.04560044115775631,False,,stockanalysis_full_holdings
2026-09-08,XBI,TVTX,0.04418647399007395,True,0.1587164081081774,stockanalysis_full_holdings
2026-09-08,XBI,TWST,0.0006221455537802412,False,,stockanalysis_full_holdings
